Workbook

Sheet Instruction
B2: 这个文件主要用来整理MIA回归模型的结果，更新成给CS的模板
B3: • 自动更新"2A 回归Syntax"，Column A为X变量，Column B为Y变量（填充回归变量，多组回归同时进行时，按每组间间隔三行的形式向下填充）
B4: • 自动更新 2A Regression、2B RotationRule、2B FL、2C 均值、seenvsnoseen、Sample_Check
B5: • 需要维护2A 回归syntax C列及以后的公式
B6: • 更新“2D Mapping“，column A填写"2A Regression结果"对应的regression第几个regression结果表格（column L），column B填写table 对应的KPI，column C填写这个KPI是基于Total样本or部分样本
B7: • 2E.Analysis_MIA中，需要手动填写B列黄色部分(指回归x变量中除了factor以外的部分）
A8: 待更新：
A9: 2E.Analysis_MIA/2E.ROE Scan中，标准化系数的y变量，均是以变量名/变量名加d呈现，如果想要用一些标准化术语/标签，需要修改对应公式
A10: 程序写入表格只是写入内容，目前的格式有些错乱，需要规范表格格式，看起来不那么乱
A11: 目前某些公式的结果还空白/报错，需要检查公式的逻辑
A20: 存在的问题：
A21: 当回归同时进行两组（x变量只有factor/ factor+dy变量时），2E.Analysis_MIA的标准化系数后半部分结果错误
A31: 按道理来说，只有前半部分y对应的brand dispo应该为0，现在整行都为0

Sheet 2A 回归syntax
A1: X变量 | B1: Y变量 | C1: SYNTAX1
A2: dLevel_B7_T2B | B2: dLevel_ABA | C2: ="REGRESSION /MISSING PAIRWISE /STATISTICS COEFF OUTS R ANOVA /CRITERIA=PIN(.05) POUT(.10) /NOORIGIN /DEPENDENT "&B2&" /METHOD=ENTER "&_xlfn.TEXTJOIN(" ",,$A$2:$A$40) &". " -> REGRESSION /MISSING PAIRWISE /STATISTICS COEFF OUTS R ANOVA /CRITERIA=PIN(.05) POUT(.10) /NOORIGIN /DEPENDENT dLevel_ABA /METHOD=ENTER dLevel_B7_T2B Factor1 Factor2 Factor3 Factor4 Factor5 Factor6 Factor7 Factor8 Factor9 Factor10 Factor11 Factor12 Factor13 Factor14 Factor15 Factor16 Factor17 Factor18 Factor19 Factor20 Factor21 Factor22 Factor23 Factor24 Factor25 Factor26 Factor27 Factor1 Factor2 Factor3 Factor4 Factor5 Factor6 Factor7 Factor8.
A3: Factor1 | B3: dLevel_B6_T2B | C3: ="REGRESSION /MISSING PAIRWISE /STATISTICS COEFF OUTS R ANOVA /CRITERIA=PIN(.05) POUT(.10) /NOORIGIN /DEPENDENT "&B3&" /METHOD=ENTER "&_xlfn.TEXTJOIN(" ",,$A$2:$A$12) &". " -> REGRESSION /MISSING PAIRWISE /STATISTICS COEFF OUTS R ANOVA /CRITERIA=PIN(.05) POUT(.10) /NOORIGIN /DEPENDENT dLevel_B6_T2B /METHOD=ENTER dLevel_B7_T2B Factor1 Factor2 Factor3 Factor4 Factor5 Factor6 Factor7 Factor8 Factor9 Factor10.
A4: Factor2 | C4: ="REGRESSION /MISSING PAIRWISE /STATISTICS COEFF OUTS R ANOVA /CRITERIA=PIN(.05) POUT(.10) /NOORIGIN /DEPENDENT "&B4&" /METHOD=ENTER "&_xlfn.TEXTJOIN(" ",,$A$2:$A$12) &". " -> REGRESSION /MISSING PAIRWISE /STATISTICS COEFF OUTS R ANOVA /CRITERIA=PIN(.05) POUT(.10) /NOORIGIN /DEPENDENT /METHOD=ENTER dLevel_B7_T2B Factor1 Factor2 Factor3 Factor4 Factor5 Factor6 Factor7 Factor8 Factor9 Factor10.
A5: Factor3 | C5: ="REGRESSION /MISSING PAIRWISE /STATISTICS COEFF OUTS R ANOVA /CRITERIA=PIN(.05) POUT(.10) /NOORIGIN /DEPENDENT "&B5&" /METHOD=ENTER "&_xlfn.TEXTJOIN(" ",,$A$2:$A$12) &". " -> REGRESSION /MISSING PAIRWISE /STATISTICS COEFF OUTS R ANOVA /CRITERIA=PIN(.05) POUT(.10) /NOORIGIN /DEPENDENT /METHOD=ENTER dLevel_B7_T2B Factor1 Factor2 Factor3 Factor4 Factor5 Factor6 Factor7 Factor8 Factor9 Factor10.
A6: Factor4 | C6: ="REGRESSION /MISSING PAIRWISE /STATISTICS COEFF OUTS R ANOVA /CRITERIA=PIN(.05) POUT(.10) /NOORIGIN /DEPENDENT "&B6&" /METHOD=ENTER "&_xlfn.TEXTJOIN(" ",,$A$2:$A$12) &". " -> REGRESSION /MISSING PAIRWISE /STATISTICS COEFF OUTS R ANOVA /CRITERIA=PIN(.05) POUT(.10) /NOORIGIN /DEPENDENT /METHOD=ENTER dLevel_B7_T2B Factor1 Factor2 Factor3 Factor4 Factor5 Factor6 Factor7 Factor8 Factor9 Factor10.
A7: Factor5 | C7: ="REGRESSION /MISSING PAIRWISE /STATISTICS COEFF OUTS R ANOVA /CRITERIA=PIN(.05) POUT(.10) /NOORIGIN /DEPENDENT "&B7&" /METHOD=ENTER "&_xlfn.TEXTJOIN(" ",,$A$2:$A$12) &". " -> REGRESSION /MISSING PAIRWISE /STATISTICS COEFF OUTS R ANOVA /CRITERIA=PIN(.05) POUT(.10) /NOORIGIN /DEPENDENT /METHOD=ENTER dLevel_B7_T2B Factor1 Factor2 Factor3 Factor4 Factor5 Factor6 Factor7 Factor8 Factor9 Factor10.
A8: Factor6 | C8: ="REGRESSION /MISSING PAIRWISE /STATISTICS COEFF OUTS R ANOVA /CRITERIA=PIN(.05) POUT(.10) /NOORIGIN /DEPENDENT "&B8&" /METHOD=ENTER "&_xlfn.TEXTJOIN(" ",,$A$2:$A$12) &". " -> REGRESSION /MISSING PAIRWISE /STATISTICS COEFF OUTS R ANOVA /CRITERIA=PIN(.05) POUT(.10) /NOORIGIN /DEPENDENT /METHOD=ENTER dLevel_B7_T2B Factor1 Factor2 Factor3 Factor4 Factor5 Factor6 Factor7 Factor8 Factor9 Factor10.
A9: Factor7 | C9: ="REGRESSION /MISSING PAIRWISE /STATISTICS COEFF OUTS R ANOVA /CRITERIA=PIN(.05) POUT(.10) /NOORIGIN /DEPENDENT "&B9&" /METHOD=ENTER "&_xlfn.TEXTJOIN(" ",,$A$2:$A$12) &". " -> REGRESSION /MISSING PAIRWISE /STATISTICS COEFF OUTS R ANOVA /CRITERIA=PIN(.05) POUT(.10) /NOORIGIN /DEPENDENT /METHOD=ENTER dLevel_B7_T2B Factor1 Factor2 Factor3 Factor4 Factor5 Factor6 Factor7 Factor8 Factor9 Factor10.
A10: Factor8 | C10: ="REGRESSION /MISSING PAIRWISE /STATISTICS COEFF OUTS R ANOVA /CRITERIA=PIN(.05) POUT(.10) /NOORIGIN /DEPENDENT "&B10&" /METHOD=ENTER "&_xlfn.TEXTJOIN(" ",,$A$2:$A$12) &". " -> REGRESSION /MISSING PAIRWISE /STATISTICS COEFF OUTS R ANOVA /CRITERIA=PIN(.05) POUT(.10) /NOORIGIN /DEPENDENT /METHOD=ENTER dLevel_B7_T2B Factor1 Factor2 Factor3 Factor4 Factor5 Factor6 Factor7 Factor8 Factor9 Factor10.
A11: Factor9 | C11: ="REGRESSION /MISSING PAIRWISE /STATISTICS COEFF OUTS R ANOVA /CRITERIA=PIN(.05) POUT(.10) /NOORIGIN /DEPENDENT "&B11&" /METHOD=ENTER "&_xlfn.TEXTJOIN(" ",,$A$2:$A$12) &". " -> REGRESSION /MISSING PAIRWISE /STATISTICS COEFF OUTS R ANOVA /CRITERIA=PIN(.05) POUT(.10) /NOORIGIN /DEPENDENT /METHOD=ENTER dLevel_B7_T2B Factor1 Factor2 Factor3 Factor4 Factor5 Factor6 Factor7 Factor8 Factor9 Factor10.
A12: Factor10
A13: Factor11
A14: Factor12
A15: Factor13
A16: Factor14
A17: Factor15
A18: Factor16
A19: Factor17
A20: Factor18
A21: Factor19
A22: Factor20
A23: Factor21
... A29: Factor27
A33: Factor1 | B33: dLevel_ABA
A34: Factor2 | B34: dLevel_B6_T2B
A35: Factor3 | B35: dLevel_B7_T2B
A36: Factor4
A37: Factor5
A38: Factor6
A39: Factor7
A40: Factor8
A41: Factor9
A42: Factor10
A43: Factor11
A44: Factor12
A45: Factor13
A46: Factor14
A47: Factor15
... A59: Factor27

Sheet 2A Regression
A1: Dependent Variable: dLevel_ABA
A2: Model Summary
A3: Model | B3: R | C3: R Square | D3: Adjusted R Square | E3: Std. Error of the Estimate
A4: 1 | B4: 0.82950938 | C4: 0.68808582 | D4: 0.68643516 | E4: 0.24569055
A5: a. Predictors: (Constant), dLevel_B7_T2B, Factor1, Factor2, Factor3, Factor4, Factor5, Factor6, Factor7, Factor8, Factor9, Factor10, Factor11, Factor12, Factor13, Factor14, Factor15, Factor16, Factor17, Factor18, Factor19, Factor20, Factor21, Factor22, Factor23, Factor24, Factor25, Factor26, Factor27
A7: Coefficientsa
A8: Model | C8: Unstandardized Coefficients | E8: Standardized Coefficients | F8: t | G8: Sig. | H8: 95.0% Confidence Interval for B
C9: B | D9: Std. Error | E9: Beta | H9: Lower Bound | I9: Upper Bound
A10: 1 | B10: constant | C10: 0.081144592 | D10: 0.0037539155 | F10: 21.615988 | G10: 0 | H10: 0.073785369 | I10: 0.088503815
B11: dLevel_B7_T2B | C11: 0.77821858 | D11: 0.012610449 | E11: 0.69514539 | F11: 61.712203 | G11: 0 | H11: 0.7534969 | I11: 0.80294026
B12: Factor1 | C12: 0.017417586 | D12: 0.003493815 | E12: 0.039697503 | F12: 4.985263 | G12: 6.3851448e-07 | H12: 0.010568268 | I12: 0.024266905
B13: Factor2 | C13: 0.0083588182 | D13: 0.0034293304 | E13: 0.019051102 | F13: 2.4374491 | G13: 0.014824014 | H13: 0.0016359162 | I13: 0.01508172
B14: Factor3 | C14: 0.0071924806 | D14: 0.0034167211 | E14: 0.016392829 | F14: 2.1050827 | G14: 0.03533113 | H14: 0.00049429808 | I14: 0.013890663
B15: Factor4 | C15: 0.018287504 | D15: 0.0035096121 | E15: 0.041680188 | F15: 5.2106911 | G15: 1.9527614e-07 | H15: 0.011407217 | I15: 0.025167792
B16: Factor5 | C16: 0.0072419159 | D16: 0.0034217198 | E16: 0.016505501 | F16: 2.116455 | G16: 0.034352694 | H16: 0.00053393391 | I16: 0.013949898
B17: Factor6 | C17: 0.013956 | D17: 0.0034096656 | E17: 0.031807987 | F17: 4.0930701 | G17: 4.3203878e-05 | H17: 0.0072716492 | I17: 0.020640351
B18: Factor7 | C18: 0.024350554 | D18: 0.0035148935 | E18: 0.05549886 | F18: 6.9278212 | G18: 4.7832849e-12 | H18: 0.017459913 | I18: 0.031241195
B19: Factor8 | C19: 0.011050653 | D19: 0.0035141739 | E19: 0.025186229 | F19: 3.1445947 | G19: 0.0016723814 | H19: 0.0041614225 | I19: 0.017939883
B20: Factor9 | C20: 0.0058628194 | D20: 0.0034155793 | E20: 0.013362316 | F20: 1.7164934 | G20: 0.086130299 | H20: -0.0008331247 | I20: 0.012558763
B21: Factor10 | C21: 0.010017393 | D21: 0.0033853907 | E21: 0.022831263 | F21: 2.9590065 | G21: 0.0031000018 | H21: 0.0033806311 | I21: 0.016654155
B22: Factor11 | C22: 0.017374026 | D22: 0.0034132108 | E22: 0.039598221 | F22: 5.0902294 | G22: 3.700083e-07 | H22: 0.010682725 | I22: 0.024065327
... B38: Factor27 | C38: 0.0049704165 | D38: 0.0034137105 | E38: 0.011328385 | F38: 1.4560158 | G38: 0.14544758 | H38: -0.0017218641 | I38: 0.011662697
B39: a. Dependent Variable: dLevel_ABA
A41: Dependent Variable: dLevel_B6_T2B
A42: Model Summary
A43: Model | B43: R | C43: R Square | D43: Adjusted R Square | E43: Std. Error of the Estimate
A44: 2 | B44: 0.82430068 | C44: 0.67947161 | D44: 0.67777537 | E44: 0.2281935
A45: a. Predictors: (Constant), dLevel_B7_T2B, Factor1, Factor2, Factor3, Factor4, Factor5, Factor6, Factor7, Factor8, Factor9, Factor10, Factor11, Factor12, Factor13, Factor14, Factor15, Factor16, Factor17, Factor18, Factor19, Factor20, Factor21, Factor22, Factor23, Factor24, Factor25, Factor26, Factor27
A47: Coefficientsa
A48: Model | C48: Unstandardized Coefficients | E48: Standardized Coefficients | F48: t | G48: Sig. | H48: 95.0% Confidence Interval for B
C49: B | D49: Std. Error | E49: Beta | H49: Lower Bound | I49: Upper Bound
A50: 2 | B50: constant | C50: 0.040791302 | D50: 0.0034865774 | F50: 11.699526 | G50: 0 | H50: 0.033956172 | I50: 0.047626432
B51: dLevel_B7_T2B | C51: 0.68309411 | D51: 0.011712386 | E51: 0.66597123 | F51: 58.322372 | G51: 0 | H51: 0.660133 | I51: 0.70605521
B52: Factor1 | C52: 0.017175866 | D52: 0.0032450001 | E52: 0.042726247 | F52: 5.2930249 | G52: 1.2516437e-07 | H52: 0.010814328 | I52: 0.023537405
B53: Factor2 | C53: 0.0033178859 | D53: 0.0031851078 | E53: 0.0082534884 | F53: 1.0416871 | G53: 0.29760435 | H53: -0.0029262391 | I53: 0.0095620109
B54: Factor3 | C54: 0.0034818246 | D54: 0.0031733965 | E54: 0.0086612981 | F54: 1.0971918 | G54: 0.27260749 | H54: -0.0027393414 | I54: 0.0097029906
B55: Factor4 | C55: 0.020736362 | D55: 0.0032596722 | E55: 0.051583245 | F55: 6.3614869 | G55: 2.1661606e-10 | H55: 0.01434606 | I55: 0.027126664
B56: Factor5 | C56: 0.018992089 | D56: 0.0031780392 | E56: 0.047244238 | F56: 5.97604 | G56: 2.4357143e-09 | H56: 0.012761822 | I56: 0.025222357
B57: Factor6 | C57: 0.013768782 | D57: 0.0031668434 | E57: 0.034250871 | F57: 4.3477937 | G57: 1.4009477e-05 | H57: 0.0075604625 | I57: 0.019977101
B58: Factor7 | C58: 0.031322793 | D58: 0.0032645775 | E58: 0.07791778 | F58: 9.5947463 | G58: 0 | H58: 0.024922874 | I58: 0.037722711
B59: Factor8 | C59: 0.021873565 | D59: 0.0032639091 | E59: 0.054412123 | F59: 6.7016464 | G59: 2.2752022e-11 | H59: 0.015474957 | I59: 0.028272173
B60: Factor9 | C60: 0.013293109 | D60: 0.003172336 | E60: 0.033067599 | F60: 4.1903219 | G60: 2.8309707e-05 | H60: 0.007074022 | I60: 0.019512196
B61: Factor10 | C61: 0.0095581966 | D61: 0.0031442973 | E61: 0.023776726 | F61: 3.0398514 | G61: 0.0023785235 | H61: 0.003394077 | I61: 0.015722316
B62: Factor11 | C62: 0.018321346 | D62: 0.0031701362 | E62: 0.045575714 | F62: 5.7793562 | G62: 7.9274445e-09 | H62: 0.012106572 | I62: 0.024536121
... B78: Factor27 | C78: 0.0073957324 | D78: 0.0031706004 | E78: 0.018397436 | F78: 2.3325969 | G78: 0.019706619 | H78: 0.001180048 | I78: 0.013611417
B79: a. Dependent Variable: dLevel_B6_T2B
A81: Dependent Variable: dLevel_ABA
A82: Model Summary
A83: Model | B83: R | C83: R Square | D83: Adjusted R Square | E83: Std. Error of the Estimate
A84: 3 | B84: 0.68086259 | C84: 0.46357387 | D84: 0.460837 | E84: 0.32216979
A85: a. Predictors: (Constant), Factor1, Factor2, Factor3, Factor4, Factor5, Factor6, Factor7, Factor8, Factor9, Factor10, Factor11, Factor12, Factor13, Factor14, Factor15, Factor16, Factor17, Factor18, Factor19, Factor20, Factor21, Factor22, Factor23, Factor24, Factor25, Factor26, Factor27
A87: Coefficientsa
A88: Model | C88: Unstandardized Coefficients | E88: Standardized Coefficients | F88: t | G88: Sig. | H88: 95.0% Confidence Interval for B
C89: B | D89: Std. Error | E89: Beta | H89: Lower Bound | I89: Upper Bound
A90: 3 | B90: constant | C90: 0.13955146 | D90: 0.0047634293 | F90: 29.296427 | G90: 0 | H90: 0.13021317 | I90: 0.14888975
B91: Factor1 | C91: 0.074581275 | D91: 0.0044174315 | E91: 0.16998282 | F91: 16.883403 | G91: 0 | H91: 0.065921287 | I91: 0.083241262
B92: Factor2 | C92: 0.047950256 | D92: 0.0044174315 | E92: 0.10928641 | F92: 10.854782 | G92: 0 | H92: 0.039290268 | I92: 0.056610243
B93: Factor3 | C93: 0.04238802 | D93: 0.0044174315 | E93: 0.09660917 | F93: 9.5956258 | G93: 0 | H93: 0.033728033 | I93: 0.051048007
B94: Factor4 | C94: 0.079024847 | D94: 0.0044174315 | E94: 0.18011044 | F94: 17.88932 | G94: 0 | H94: 0.07036486 | I94: 0.087684835
B95: Factor5 | C95: 0.04424069 | D95: 0.0044174315 | E95: 0.1008317 | F95: 10.015026 | G95: 0 | H95: 0.035580702 | I95: 0.052900677
B96: Factor6 | C96: 0.046441376 | D96: 0.0044174315 | E96: 0.10584743 | F96: 10.513208 | G96: 0 | H96: 0.037781389 | I96: 0.055101363
B97: Factor7 | C97: 0.086240082 | D97: 0.0044174315 | E97: 0.19655513 | F97: 19.522675 | G97: 0 | H97: 0.077580094 | I97: 0.094900069
B98: Factor8 | C98: 0.072784364 | D98: 0.0044174315 | E98: 0.16588737 | F98: 16.476625 | G98: 0 | H98: 0.064124377 | I98: 0.081444352
B99: Factor9 | C99: 0.040633725 | D99: 0.0044174315 | E99: 0.092610848 | F99: 9.1984958 | G99: 0 | H99: 0.031973738 | I99: 0.049293713
B100: Factor10 | C100: 0.03068397 | D100: 0.0044174315 | E100: 0.069933743 | F100: 6.9461111 | G100: 4.2075232e-12 | H100: 0.022023983 | I100: 0.039343957
B101: Factor11 | C101: 0.051247596 | D101: 0.0044174315 | E101: 0.11680158 | F101: 11.60122 | G101: 0 | H101: 0.042587609 | I101: 0.059907584
B102: Factor12 | C102: 0.035094103 | D102: 0.0044174315 | E102: 0.079985151 | F102: 7.9444589 | G102: 2.4424907e-15 | H102: 0.026434116 | I102: 0.04375409
... B117: Factor27 | C117: 0.039035253 | D117: 0.0044174315 | E117: 0.08896767 | F117: 8.8366402 | G117: 0 | H117: 0.030375265 | I117: 0.04769524
B118: a. Dependent Variable: dLevel_ABA
A120: Dependent Variable: dLevel_B6_T2B
A121: Model Summary
A122: Model | B122: R | C122: R Square | D122: Adjusted R Square | E122: Std. Error of the Estimate
A123: 4 | B123: 0.68804727 | C123: 0.47340905 | D123: 0.47072236 | E123: 0.29245946
A124: a. Predictors: (Constant), Factor1, Factor2, Factor3, Factor4, Factor5, Factor6, Factor7, Factor8, Factor9, Factor10, Factor11, Factor12, Factor13, Factor14, Factor15, Factor16, Factor17, Factor18, Factor19, Factor20, Factor21, Factor22, Factor23, Factor24, Factor25, Factor26, Factor27
A126: Coefficientsa
A127: Model | C127: Unstandardized Coefficients | E127: Standardized Coefficients | F127: t | G127: Sig. | H127: 95.0% Confidence Interval for B
C128: B | D128: Std. Error | E128: Beta | H128: Lower Bound | I128: Upper Bound
A129: 4 | B129: constant | C129: 0.092058886 | D129: 0.0043241483 | F129: 21.289484 | G129: 0 | H129: 0.083581772 | I129: 0.100536
B130: Factor1 | C130: 0.06735223 | D130: 0.0040100582 | E130: 0.16754369 | F130: 16.795823 | G130: 0 | H130: 0.059490862 | I130: 0.075213598
B131: Factor2 | C131: 0.038069919 | D131: 0.0040100582 | E131: 0.094701759 | F131: 9.4936074 | G131: 0 | H131: 0.030208551 | I131: 0.045931286
B132: Factor3 | C132: 0.034375286 | D132: 0.0040100582 | E132: 0.085511084 | F132: 8.5722659 | G132: 0 | H132: 0.026513918 | I132: 0.042236653
B133: Factor4 | C133: 0.074049559 | D133: 0.0040100582 | E133: 0.1842038 | F133: 18.465956 | G133: 0 | H133: 0.066188191 | I133: 0.081910927
B134: Factor5 | C134: 0.051468369 | D134: 0.0040100582 | E134: 0.1280314 | F134: 12.834818 | G134: 0 | H134: 0.043607001 | I134: 0.059329737
B135: Factor6 | C135: 0.042283352 | D135: 0.0040100582 | E135: 0.10518299 | F135: 10.544324 | G135: 0 | H135: 0.034421985 | I135: 0.05014472
B136: Factor7 | C136: 0.085647339 | D136: 0.0040100582 | E136: 0.21305414 | F136: 21.358129 | G136: 0 | H136: 0.077785972 | I136: 0.093508707
B137: Factor8 | C137: 0.076061341 | D137: 0.0040100582 | E137: 0.18920825 | F137: 18.96764 | G137: 0 | H137: 0.068199974 | I137: 0.083922709
B138: Factor9 | C138: 0.043813841 | D138: 0.0040100582 | E138: 0.10899019 | F138: 10.925986 | G138: 0 | H138: 0.035952473 | I138: 0.051675209
B139: Factor10 | C139: 0.027698623 | D139: 0.0040100582 | E139: 0.068902389 | F139: 6.907287 | G139: 5.5220273e-12 | H139: 0.019837255 | I139: 0.035559991
B140: Factor11 | C140: 0.048054428 | D140: 0.0040100582 | E140: 0.11953897 | F140: 11.983474 | G140: 0 | H140: 0.04019306 | I140: 0.055915795
B141: Factor12 | C141: 0.020965262 | D141: 0.0040100582 | E141: 0.052152652 | F141: 5.228169 | G141: 1.7777681e-07 | H141: 0.013103894 | I141: 0.02882663
... B156: Factor27 | C156: 0.0372967 | D156: 0.0040100582 | E156: 0.092778321 | F156: 9.3007877 | G156: 0 | H156: 0.029435332 | I156: 0.045158068
B157: a. Dependent Variable: dLevel_B6_T2B
A159: Dependent Variable: dLevel_B7_T2B
A160: Model Summary
A161: Model | B161: R | C161: R Square | D161: Adjusted R Square | E161: Std. Error of the Estimate
A162: 5 | B162: 0.73170378 | C162: 0.53539042 | D162: 0.53301997 | E162: 0.26782307
A163: a. Predictors: (Constant), Factor1, Factor2, Factor3, Factor4, Factor5, Factor6, Factor7, Factor8, Factor9, Factor10, Factor11, Factor12, Factor13, Factor14, Factor15, Factor16, Factor17, Factor18, Factor19, Factor20, Factor21, Factor22, Factor23, Factor24, Factor25, Factor26, Factor27
A165: Coefficientsa
A166: Model | C166: Unstandardized Coefficients | E166: Standardized Coefficients | F166: t | G166: Sig. | H166: 95.0% Confidence Interval for B
C167: B | D167: Std. Error | E167: Beta | H167: Lower Bound | I167: Upper Bound
...

Sheet 2B RotationRule
B2: VariableID | C2: Name | D2: Lable | E2: Factor1 | F2: Factor2 | G2: Factor3 | H2: Factor4 | I2: Factor5 | J2: Factor6 | K2: Factor7 | L2: Factor8 | M2: Factor9 | N2: Factor10 | O2: Factor11 | P2: Factor12 | Q2: Factor13 | R2: Factor14 | S2: Factor15 | T2: Factor16 | U2: Factor17 | V2: Factor18 | W2: Factor19 | X2: Factor20 | Y2: Factor21 | Z2: Factor22 | AA2: Factor23 | AB2: Factor24 | AC2: Factor25 | AD2: Factor26 | AE2: Factor27
B3: 1 | C3: dLevel_T2_1 | D3: T2: Official brand website | E3: 1
B4: 2 | C4: dLevel_T2_2 | D4: T2: Streaming / content platforms | F4: 1
B5: 3 | C5: dLevel_T2_3 | D5: T2: CTV device / smart TV platform | G5: 1
B6: 4 | C6: dLevel_T2_4 | D6: T2: Social media | H6: 1
B7: 5 | C7: dLevel_T2_5 | D7: T2: Influencers /Content creators | I7: 1
B8: 6 | C8: dLevel_T2_6 | D8: T2: Online forums & communities | J8: 1
B9: 7 | C9: dLevel_T2_7 | D9: T2: Search engines | K9: 1
B10: 8 | C10: dLevel_T2_8 | D10: T2: Online retail platforms / retailer websites | L10: 1
B11: 9 | C11: dLevel_T2_9 | D11: T2: Online news or digital media websites | M11: 1
B12: 10 | C12: dLevel_T2_10 | D12: T2: AI assistants / AI chatbot tools | N12: 1
B13: 11 | C13: dLevel_T2_11 | D13: T2: Deals sites / price comparison websites | O13: 1
B14: 12 | C14: dLevel_T2_12 | D14: T2: Second-hand or rental websites | P14: 1
B15: 13 | C15: dLevel_T2_13 | D15: T2: Podcasts | Q15: 1
B16: 14 | C16: dLevel_T2_14 | D16: T2: TV commercials / Home shopping channels / Radio | R16: 1
B17: 15 | C17: dLevel_T2_15 | D17: T2: Newspapers /Magazines | S17: 1
B18: 16 | C18: dLevel_T2_16 | D18: T2: Large garden centers / chains | T18: 1
B19: 17 | C19: dLevel_T2_17 | D19: T2: Local specialized lawn equipment dealers / independent specialists | U19: 1
B20: 18 | C20: dLevel_T2_18 | D20: T2: Offline DIY home improvement retail chains | V20: 1
B21: 19 | C21: dLevel_T2_19 | D21: T2: Consumer electronics retailers | W21: 1
B22: 20 | C22: dLevel_T2_21 | D22: T2: In-store sales representatives / staff recommendations | X22: 1
B23: 21 | C23: dLevel_T2_22 | D23: T2: Outdoor advertising / OOH / DOOH | Y23: 1
B24: 22 | C24: dLevel_T2_23 | D24: T2: Community groups or local organizations | Z24: 1
B25: 23 | C25: dLevel_T2_24 | D25: T2: Recommendations from friends, family, colleagues or neighbors | AA25: 1
B26: 24 | C26: dLevel_T2_25 | D26: T2: Live events, Trade shows, exhibitions, or garden expos | AB26: 1
B27: 25 | C27: dLevel_T2_26 | D27: T2: Sponsorships, brand ambassadors, or official partnerships | AC27: 1
B28: 26 | C28: dLevel_T2_27 | D28: T2: Local lawn care workshops | AD28: 1
B29: 27 | C29: dLevel_T2_28 | D29: T2: Recommendations from professional landscapers or garden contractors | AE29: 1

Sheet 2B FL
A1: Spend time = 00:00:02
A2: Factor Result
A3: TIME= 2026/08/12 17:32:09
A4: Rotation Method= Procrustes Method
A7: Total Variance Explained
A8: Initial Eigenvalues
A9: Extraction Method: Principal Component Analysis.
A11: Component | B11: Total | C11: % of Variance | D11: Cumulative %
A12: Factor1 | B12: 7.4007614 | C12: 0.27410227 | D12: 0.27410227
A13: Factor2 | B13: 2.9301255 | C13: 0.10852317 | D13: 0.38262544
A14: Factor3 | B14: 1.2048552 | C14: 0.044624268 | D14: 0.42724971
A15: Factor4 | B15: 1.0963101 | C15: 0.040604079 | D15: 0.46785379
A16: Factor5 | B16: 0.9669632 | C16: 0.035813452 | D16: 0.50366724
A17: Factor6 | B17: 0.92015725 | C17: 0.034079898 | D17: 0.53774714
A18: Factor7 | B18: 0.90478225 | C18: 0.033510454 | D18: 0.57125759
A19: Factor8 | B19: 0.8829751 | C19: 0.032702781 | D19: 0.60396037
A20: Factor9 | B20: 0.84008277 | C20: 0.031114177 | D20: 0.63507455
A21: Factor10 | B21: 0.83297055 | C21: 0.030850761 | D21: 0.66592531
A22: Factor11 | B22: 0.7811391 | C22: 0.028931078 | D22: 0.69485639
A23: Factor12 | B23: 0.7461586 | C23: 0.027635504 | D23: 0.72249189
... A38: Factor27 | B38: 0.22612799 | C38: 0.0083751106 | D38: 1
A40: Component Matrix
A41: Extraction Method: Principal Component Analysis.
A43: VariableID | B43: Variable | C43: Lable | D43: Factor1 | E43: Factor2 | F43: Factor3 | G43: Factor4 | H43: Factor5 | I43: Factor6 | J43: Factor7 | K43: Factor8 | L43: Factor9 | M43: Factor10 | N43: Factor11 | O43: Factor12 | P43: Factor13 | Q43: Factor14 | R43: Factor15 | S43: Factor16 | T43: Factor17 | U43: Factor18 | V43: Factor19 | W43: Factor20 | X43: Factor21 | Y43: Factor22 | Z43: Factor23 | AA43: Factor24 | AB43: Factor25 | AC43: Factor26 | AD43: Factor27
A44: 1 | B44: dLevel_T2_1 | C44: T2: Official brand website | D44: -0.666891 | E44: -0.56058163 | F44: 0.1020363 | G44: -0.049793957 | H44: 0.037856085 | I44: -0.019017312 | J44: -0.068058286 | K44: -0.042687714 | L44: 0.013188448 | M44: 0.06797674 | N44: 0.023419026 | O44: 0.032736457 | P44: -0.012920864 | Q44: -0.061931419 | R44: -0.024221541 | S44: -0.0097090899 | T44: -0.05603474 | U44: 0.024550181 | V44: 0.065427527 | W44: 0.13355133 | X44: -0.062890694 | Y44: -0.013637226 | Z44: 0.14086325 | AA44: -0.063741099 | AB44: -0.12201808 | AC44: 0.019562136 | AD44: -0.37361688
A45: 2 | B45: dLevel_T2_2 | C45: T2: Streaming / content platforms | D45: -0.51896614 | E45: 0.26436211 | F45: -0.26579553 | G45: 0.160091 | H45: -0.25814369 | I45: 0.10169215 | J45: -0.1251975 | K45: 0.13002519 | L45: -0.032242833 | M45: 0.012232578 | N45: -0.2549641 | O45: -0.054568447 | P45: -0.10712406 | Q45: -0.32961821 | R45: 0.063637941 | S45: -0.23315856 | T45: -0.25628762 | U45: -0.023280227 | V45: -0.061604405 | W45: -0.24835494 | X45: 0.25442186 | Y45: 0.060052088 | Z45: 0.022880665 | AA45: -0.016499313 | AB45: 0.045449504 | AC45: 0.015765152 | AD45: -0.063973879
A46: 3 | B46: dLevel_T2_3 | C46: T2: CTV device / smart TV platform | D46: -0.48041173 | E46: 0.36011673 | F46: -0.14740117 | G46: 0.14309808 | H46: -0.3384841 | I46: -0.11683178 | J46: -0.041998134 | K46: 0.025960214 | L46: -0.2042264 | M46: -0.40160019 | N46: 0.1174907 | O46: -0.070755193 | P46: 0.0027288711 | Q46: 0.05132942 | R46: -0.084147271 | S46: -0.076629902 | T46: 0.11359606 | U46: -0.090390993 | V46: -0.22013088 | W46: -0.057082376 | X46: -0.31008981 | Y46: -0.22075533 | Z46: 0.076680216 | AA46: 0.045995201 | AB46: -0.029590009 | AC46: 0.038015573 | AD46: -0.035573565
A47: 4 | B47: dLevel_T2_4 | C47: T2: Social media | D47: -0.74756684 | E47: -0.41673523 | F47: -0.052644053 | G47: 0.0547731 | H47: 0.0022589144 | I47: -0.015907527 | J47: -0.10470209 | K47: 0.083259889 | L47: -0.044591946 | M47: -0.11728624 | N47: 0.044787815 | O47: 0.014945005 | P47: 0.015699147 | Q47: -0.011542239 | R47: 0.018071042 | S47: 0.00058048366 | T47: -0.059573591 | U47: 0.053943784 | V47: 0.032777849 | W47: -0.019799426 | X47: 0.057404069 | Y47: -0.045050352 | Z47: 0.013362883 | AA47: -0.011697609 | AB47: -0.25420874 | AC47: -0.35749016 | AD47: 0.13741908
A48: 5 | B48: dLevel_T2_5 | C48: T2: Influencers /Content creators | D48: -0.55824189 | E48: 0.073427332 | F48: -0.10909729 | G48: 0.46598098 | H48: -0.088063121 | I48: 0.085264034 | J48: -0.034827926 | K48: -0.044702087 | L48: -0.0071683151 | M48: 0.095458308 | N48: 0.058728347 | O48: -0.11472722 | P48: 0.11338298 | Q48: 0.30857392 | R48: 0.18076842 | S48: 0.099937511 | T48: 0.35970481 | U48: -0.10013029 | V48: -0.10462258 | W48: 0.061595173 | X48: 0.29480573 | Y48: 0.06926827 | Z48: 0.035890854 | AA48: -0.10178018 | AB48: -0.0040445264 | AC48: 0.019550744 | AD48: -0.03572582
A49: 6 | B49: dLevel_T2_6 | C49: T2: Online forums & communities | D49: -0.52010265 | E49: 0.21340792 | F49: -0.32035951 | G49: 0.31768001 | H49: -0.09432475 | I49: 0.22238681 | J49: 0.17391981 | K49: -0.13008711 | L49: 0.1428575 | M49: 0.02886483 | N49: -0.074908294 | O49: -0.082057118 | P49: -0.19531745 | Q49: -0.1057016 | R49: 0.073268567 | S49: 0.058476445 | T49: -0.034559578 | U49: 0.30389254 | V49: 0.11142195 | W49: 0.34308146 | X49: -0.19418125 | Y49: 0.083326186 | Z49: -0.071571581 | AA49: 0.09245861 | AB49: 0.022671883 | AC49: -0.018080886 | AD49: 0.018806862
A50: 7 | B50: dLevel_T2_7 | C50: T2: Search engines | D50: -0.69828638 | E50: -0.51844817 | F50: 0.038378904 | G50: 0.036906035 | H50: -0.021679655 | I50: 0.013561187 | J50: -0.024218655 | K50: 0.039615628 | L50: -0.041969967 | M50: -0.0070954949 | N50: 0.0052765975 | O50: -0.0024620033 | P50: -0.017460826 | Q50: -0.030353204 | R50: -0.0075299653 | S50: -0.073412174 | T50: -0.033306606 | U50: 0.015121409 | V50: 0.13735202 | W50: 0.030832261 | X50: 0.048036886 | Y50: -0.040294122 | Z50: 0.081382541 | AA50: 0.031951445 | AB50: -0.19424688 | AC50: 0.34749834 | AD50: 0.1955211
A51: 8 | B51: dLevel_T2_8 | C51: T2: Online retail platforms / retailer websites | D51: -0.71280385 | E51: -0.39224075 | F51: -0.089062442 | G51: -0.092598551 | H51: -0.035543414 | I51: 0.0067029381 | J51: -0.055349251 | K51: -0.00045918366 | L51: 0.032103459 | M51: -0.011161008 | N51: 0.054063191 | O51: -0.0076970911 | P51: 0.13209396 | Q51: 0.056859256 | R51: 0.033064768 | S51: 0.079311029 | T51: -0.067482063 | U51: -0.10773617 | V51: -0.035318691 | W51: -0.0081706085 | X51: 0.086163318 | Y51: -0.17547531 | Z51: -0.42815135 | AA51: 0.19228417 | AB51: 0.050196365 | AC51: 0.035331863 | AD51: -0.072326237
A52: 9 | B52: dLevel_T2_9 | C52: T2: Online news or digital media websites | D52: -0.39911672 | E52: 0.31616393 | F52: -0.18669194 | G52: 0.0078552925 | H52: 0.2420558 | I52: -0.26755079 | J52: 0.38880389 | K52: 0.095284186 | L52: 0.086763969 | M52: -0.023670949 | N52: 0.36953398 | O52: 0.13499475 | P52: -0.13425119 | Q52: -0.33965629 | R52: 0.1007181 | S52: -0.0090624236 | T52: 0.22308525 | U52: -0.11484946 | V52: 0.16362186 | W52: -0.091896416 | X52: 0.083063353 | Y52: -0.045531019 | Z52: -0.011347043 | AA52: 0.01053042 | AB52: -0.026459919 | AC52: 0.0011559705 | AD52: -0.028933996
A53: 10 | B53: dLevel_T2_10 | C53: T2: AI assistants / AI chatbot tools | D53: -0.47436458 | E53: 0.39406157 | F53: 0.0005639908 | G53: -0.042941916 | H53: 0.22555971 | I53: -0.18136325 | J53: -0.093176456 | K53: 0.093129906 | L53: -0.0074134801 | M53: -0.21275962 | N53: 0.12073705 | O53: 0.2698802 | P53: 0.19734638 | Q53: 0.048737407 | R53: 0.26147566 | S53: 0.17249092 | T53: -0.26822033 | U53: 0.27840573 | V53: -0.25741788 | W53: 0.045231769 | X53: 0.031240805 | Y53: 0.11963774 | Z53: -0.007534188 | AA53: -0.072206964 | AB53: -0.013013856 | AC53: 0.077786847 | AD53: -0.0022138058
A54: 11 | B54: dLevel_T2_11 | C54: T2: Deals sites / price comparison websites | D54: -0.57013471 | E54: 0.026951927 | F54: 0.2670212 | G54: 0.28140898 | H54: 0.29875478 | I54: -0.19856767 | J54: -0.14453595 | K54: -0.016705462 | L54: -0.080703414 | M54: -0.1310309 | N54: -0.24211159 | O54: 0.038684878 | P54: -0.11494336 | Q54: 0.011676241 | R54: -0.23434315 | S54: -0.019181428 | T54: 0.20433803 | U54: 0.06479001 | V54: 0.032205244 | W54: -0.20609252 | X54: -0.10434327 | Y54: 0.31119817 | Z54: -0.10643684 | AA54: 0.10942576 | AB54: -0.008681374 | AC54: 0.0087918307 | AD54: -0.028203502
A55: 12 | B55: dLevel_T2_12 | C55: T2: Second-hand or rental websites | D55: -0.40503878 | E55: 0.36411591 | F55: 0.23055601 | G55: -0.13937649 | H55: -0.10419243 | I55: -0.30130975 | J55: -0.18726964 | K55: 0.02240598 | L55: -0.0058703462 | M55: 0.37949092 | N55: -0.049136872 | O55: -0.15439858 | P55: -0.087340831 | Q55: 0.085432426 | R55: 0.47412536 | S55: -0.14929849 | T55: -7.1497722e-05 | U55: -0.098439511 | V55: 0.071497368 | W55: -0.0044594979 | X55: -0.19691049 | Y55: 0.029960941 | Z55: -0.019156763 | AA55: 0.059193887 | AB55: -0.044268259 | AC55: -0.022738739 | AD55: 0.020283486
... A70: 27 | B70: dLevel_T2_28 | C70: T2: Recommendations from professional landscapers or garden contractors | D70: -0.50946207 | E70: -0.031055656 | F70: 0.26852758 | G70: 0.31236286 | H70: 0.20451621 | I70: 0.051800114 | J70: 0.2800381 | K70: -0.2422556 | L70: 0.086091602 | M70: 0.21262747 | N70: -0.065324934 | O70: 0.1651764 | P70: -0.21613313 | Q70: 0.038700382 | R70: -0.05868069 | S70: 0.015578126 | T70: -0.25137148 | U70: -0.26150157 | V70: -0.30489849 | W70: -0.0079649348 | X70: -0.054771802 | Y70: -0.14030287 | Z70: 0.034248772 | AA70: -0.023739355 | AB70: 0.014107571 | AC70: -0.019865264 | AD70: 0.05004681
A72: Rotated Component Matrix
A73: Rotation Method: Procrustes with Kaiser Normalization.
A75: VariableID | B75: Variable | C75: Lable | D75: Factor1 | E75: Factor2 | F75: Factor3 | G75: Factor4 | H75: Factor5 | I75: Factor6 | J75: Factor7 | K75: Factor8 | L75: Factor9 | M75: Factor10 | N75: Factor11 | O75: Factor12 | P75: Factor13 | Q75: Factor14 | R75: Factor15 | S75: Factor16 | T75: Factor17 | U75: Factor18 | V75: Factor19 | W75: Factor20 | X75: Factor21 | Y75: Factor22 | Z75: Factor23 | AA75: Factor24 | AB75: Factor25 | AC75: Factor26 | AD75: Factor27
A76: 1 | B76: dLevel_T2_1 | C76: T2: Official brand website | D76: 0.78452415 | E76: 0.0089441064 | F76: -0.021061111 | G76: 0.2508438 | H76: 0.049516658 | I76: 0.055773178 | J76: 0.2807728 | K76: 0.20742981 | L76: -0.0059718489 | M76: 0.0081276024 | N76: 0.10298112 | O76: 0.027359111 | P76: 0.021372859 | Q76: 0.017260727 | R76: 0.023834121 | S76: 0.023039861 | T76: 0.043769526 | U76: 0.25190885 | V76: 0.0069340214 | W76: 0.15212553 | X76: 0.038594339 | Y76: 0.02785639 | Z76: 0.26006152 | AA76: 0.0074987014 | AB76: 0.04006517 | AC76: 0.069784245 | AD76: 0.12389821
A77: 2 | B77: dLevel_T2_2 | C77: T2: Streaming / content platforms | D77: 0.0089441064 | E77: 0.91913416 | F77: 0.13463289 | G77: 0.1005588 | H77: 0.084486236 | I77: 0.15024674 | J77: 0.072794116 | K77: 0.063027938 | L77: 0.059727743 | M77: 0.072097622 | N77: 0.058840703 | O77: 0.086360552 | P77: 0.050285979 | Q77: 0.10357767 | R77: 0.087232429 | S77: 0.068048126 | T77: 0.053253778 | U77: 0.05962605 | V77: 0.066241352 | W77: 0.055934653 | X77: 0.055368983 | Y77: 0.070546227 | Z77: 0.024637125 | AA77: 0.050122232 | AB77: 0.062878265 | AC77: 0.10682952 | AD77: 0.047666839
A78: 3 | B78: dLevel_T2_3 | C78: T2: CTV device / smart TV platform | D78: -0.021061111 | E78: 0.13463289 | F78: 0.91986086 | G78: 0.07542826 | H78: 0.11717238 | I78: 0.10357273 | J78: 0.019843231 | K78: 0.052549632 | L78: 0.082696785 | M78: 0.10890108 | N78: 0.074872336 | O78: 0.060906804 | P78: 0.072827723 | Q78: 0.083484939 | R78: 0.07255411 | S78: 0.037594044 | T78: 0.060354606 | U78: 0.063712376 | V78: 0.072691193 | W78: 0.067232156 | X78: 0.031102198 | Y78: 0.13044002 | Z78: 0.012457427 | AA78: 0.10443835 | AB78: 0.058286548 | AC78: 0.069711927 | AD78: 0.014583014
A79: 4 | B79: dLevel_T2_4 | C79: T2: Social media | D79: 0.2508438 | E79: 0.1005588 | F79: 0.07542826 | G79: 0.7793507 | H79: 0.11484088 | I79: 0.073393664 | J79: 0.25125106 | K79: 0.23315147 | L79: 0.034553253 | M79: 0.076150409 | N79: 0.12430199 | O79: 0.00484808 | P79: 0.0090980588 | Q79: 0.059367548 | R79: 0.031635728 | S79: 0.044377774 | T79: 0.056827123 | U79: 0.23272849 | V79: 0.041639171 | W79: 0.11979195 | X79: 0.066624327 | Y79: 0.038340142 | Z79: 0.24143277 | AA79: 0.032229008 | AB79: 0.023053451 | AC79: 0.061248376 | AD79: 0.076065407
A80: 5 | B80: dLevel_T2_5 | C80: T2: Influencers /Content creators | D80: 0.049516658 | E80: 0.084486236 | F80: 0.11717238 | G80: 0.11484088 | H80: 0.91500293 | I80: 0.14517577 | J80: 0.093573449 | K80: 0.11125938 | L80: 0.050557174 | M80: 0.054055114 | N80: 0.10527364 | O80: 0.072602939 | P80: 0.037015758 | Q80: 0.11698747 | R80: 0.058227313 | S80: 0.065138944 | T80: 0.051116472 | U80: 0.069811915 | V80: 0.021862924 | W80: 0.04807493 | X80: 0.035635502 | Y80: 0.050570282 | Z80: 0.092605222 | AA80: 0.04590364 | AB80: 0.057757092 | AC80: 0.040694832 | AD80: 0.098752611
A81: 6 | B81: dLevel_T2_6 | C81: T2: Online forums & communities | D81: 0.055773178 | E81: 0.15024674 | F81: 0.10357273 | G81: 0.073393664 | H81: 0.14517577 | I81: 0.91921007 | J81: 0.065326491 | K81: 0.042643606 | L81: 0.094669421 | M81: 0.06849769 | N81: 0.045626915 | O81: 0.026624861 | P81: 0.015783166 | Q81: 0.099682391 | R81: 0.070561076 | S81: 0.067104698 | T81: 0.085409928 | U81: 0.07518791 | V81: 0.049741383 | W81: 0.042606243 | X81: 0.063395554 | Y81: 0.050569555 | Z81: 0.027566464 | AA81: 0.07794574 | AB81: 0.074963939 | AC81: 0.073291967 | AD81: 0.091318226
A82: 7 | B82: dLevel_T2_7 | C82: T2: Search engines | D82: 0.2807728 | E82: 0.072794116 | F82: 0.019843231 | G82: 0.25125106 | H82: 0.093573449 | I82: 0.065326491 | J82: 0.78435329 | K82: 0.22184487 | L82: 0.018370321 | M82: -0.0041047437 | N82: 0.11343775 | O82: 0.011556713 | P82: 0.032637594 | Q82: 0.040382515 | R82: 0.016224132 | S82: 0.029571635 | T82: 0.069347648 | U82: 0.2408931 | V82: 0.021408587 | W82: 0.1315505 | X82: 0.053824793 | Y82: 0.032486411 | Z82: 0.24951932 | AA82: 0.017418665 | AB82: 0.0077507349 | AC82: 0.038115986 | AD82: 0.095274593
A83: 8 | B83: dLevel_T2_8 | C83: T2: Online retail platforms / retailer websites | D83: 0.20742981 | E83: 0.063027938 | F83: 0.052549632 | G83: 0.23315147 | H83: 0.11125938 | I83: 0.042643606 | J83: 0.22184487 | K83: 0.81438402 | L83: 0.023708207 | M83: 0.05555347 | N83: 0.051321478 | O83: 0.023724282 | P83: -0.0043756611 | Q83: 0.069569039 | R83: 0.039651533 | S83: 0.04353135 | T83: 0.082365643 | U83: 0.21765853 | V83: 0.033346186 | W83: 0.15526783 | X83: 0.069234095 | Y83: 0.025279834 | Z83: 0.21122358 | AA83: 0.051296923 | AB83: 0.045525988 | AC83: 0.1079844 | AD83: 0.091008822
A84: 9 | B84: dLevel_T2_9 | C84: T2: Online news or digital media websites | D84: -0.0059718489 | E84: 0.059727743 | F84: 0.082696785 | G84: 0.034553253 | H84: 0.050557174 | I84: 0.094669421 | J84: 0.018370321 | K84: 0.023708207 | L84: 0.94932746 | M84: 0.11427678 | N84: 0.052801381 | O84: 0.061707522 | P84: 0.040028159 | Q84: 0.097889983 | R84: 0.037218041 | S84: 0.037481531 | T84: 0.064984322 | U84: 0.043227943 | V84: 0.087880684 | W84: 0.050995744 | X84: 0.047367225 | Y84: 0.059206384 | Z84: 0.027640686 | AA84: 0.059802543 | AB84: 0.070380302 | AC84: 0.073484739 | AD84: 0.065084758
A85: 10 | B85: dLevel_T2_10 | C85: T2: AI assistants / AI chatbot tools | D85: 0.0081276024 | E85: 0.072097622 | F85: 0.10890108 | G85: 0.076150409 | H85: 0.054055114 | I85: 0.06849769 | J85: -0.0041047437 | K85: 0.05555347 | L85: 0.11427678 | M85: 0.92212712 | N85: 0.087758666 | O85: 0.10016186 | P85: 0.078527605 | Q85: 0.10616171 | R85: 0.10518199 | S85: 0.066574428 | T85: 0.061546051 | U85: 0.012057632 | V85: 0.10106129 | W85: 0.023375272 | X85: 0.05442477 | Y85: 0.079763493 | Z85: 0.051179045 | AA85: 0.095555902 | AB85: 0.087768234 | AC85: 0.079505518 | AD85: 0.050246998
A86: 11 | B86: dLevel_T2_11 | C86: T2: Deals sites / price comparison websites | D86: 0.10298112 | E86: 0.058840703 | F86: 0.074872336 | G86: 0.12430199 | H86: 0.10527364 | I86: 0.045626915 | J86: 0.11343775 | K86: 0.051321478 | L86: 0.052801381 | M86: 0.087758666 | N86: 0.90894626 | O86: 0.056162993 | P86: 0.085659776 | Q86: 0.063258932 | R86: 0.074472945 | S86: 0.053093624 | T86: 0.054015228 | U86: 0.13101011 | V86: 0.086508849 | W86: -0.0090574312 | X86: 0.0099285315 | Y86: 0.067519279 | Z86: 0.11043511 | AA86: 0.063812346 | AB86: 0.072468753 | AC86: 0.069158388 | AD86: 0.13442759
A87: 12 | B87: dLevel_T2_12 | C87: T2: Second-hand or rental websites | D87: 0.027359111 | E87: 0.086360552 | F87: 0.060906804 | G87: 0.00484808 | H87: 0.072602939 | I87: 0.026624861 | J87: 0.011556713 | K87: 0.023724282 | L87: 0.061707522 | M87: 0.10016186 | N87: 0.056162993 | O87: 0.94173467 | P87: 0.081612732 | Q87: 0.05819218 | R87: 0.075098358 | S87: 0.07258071 | T87: 0.072021909 | U87: 0.045254182 | V87: 0.086959691 | W87: 0.031065428 | X87: 0.01305152 | Y87: 0.12780054 | Z87: 0.023488281 | AA87: 0.068801063 | AB87: 0.099810077 | AC87: 0.081912845 | AD87: 0.048454489
... A102: 27 | B102: dLevel_T2_28 | C102: T2: Recommendations from professional landscapers or garden contractors | D102: 0.12389821 | E102: 0.047666839 | F102: 0.014583014 | G102: 0.076065407 | H102: 0.098752611 | I102: 0.091318226 | J102: 0.095274593 | K102: 0.091008822 | L102: 0.065084758 | M102: 0.050246998 | N102: 0.13442759 | O102: 0.048454489 | P102: 0.072127667 | Q102: 0.053826327 | R102: 0.042430879 | S102: 0.059485817 | T102: 0.076637342 | U102: 0.078600136 | V102: 0.028966096 | W102: 0.057806572 | X102: 0.016615501 | Y102: 0.051195068 | Z102: 0.078831007 | AA102: 0.061839602 | AB102: 0.048855575 | AC102: 0.015252514 | AD102: 0.93194563
A104: Available Rotation Rule Matrix
A105: You can Copy this Matrix to Rotation Rule Sheet.
A107: VariableID | B107: Variable | C107: Lable | D107: Factor1 | E107: Factor2 | F107: Factor3 | G107: Factor4 | H107: Factor5 | I107: Factor6 | J107: Factor7 | K107: Factor8 | L107: Factor9 | M107: Factor10 | N107: Factor11 | O107: Factor12 | P107: Factor13 | Q107: Factor14 | R107: Factor15 | S107: Factor16 | T107: Factor17 | U107: Factor18 | V107: Factor19 | W107: Factor20 | X107: Factor21 | Y107: Factor22 | Z107: Factor23 | AA107: Factor24 | AB107: Factor25 | AC107: Factor26 | AD107: Factor27
A108: 1 | B108: dLevel_T2_1 | C108: T2: Official brand website | D108: 1
A109: 2 | B109: dLevel_T2_2 | C109: T2: Streaming / content platforms | E109: 1
A110: 3 | B110: dLevel_T2_3 | C110: T2: CTV device / smart TV platform | F110: 1
A111: 4 | B111: dLevel_T2_4 | C111: T2: Social media | G111: 1
A112: 5 | B112: dLevel_T2_5 | C112: T2: Influencers /Content creators | H112: 1
A113: 6 | B113: dLevel_T2_6 | C113: T2: Online forums & communities | I113: 1
A114: 7 | B114: dLevel_T2_7 | C114: T2: Search engines | J114: 1
A115: 8 | B115: dLevel_T2_8 | C115: T2: Online retail platforms / retailer websites | K115: 1
A116: 9 | B116: dLevel_T2_9 | C116: T2: Online news or digital media websites | L116: 1
A117: 10 | B117: dLevel_T2_10 | C117: T2: AI assistants / AI chatbot tools | M117: 1
A118: 11 | B118: dLevel_T2_11 | C118: T2: Deals sites / price comparison websites | N118: 1
A119: 12 | B119: dLevel_T2_12 | C119: T2: Second-hand or rental websites | O119: 1
A120: 13 | B120: dLevel_T2_13 | C120: T2: Podcasts | P120: 1
A121: 14 | B121: dLevel_T2_14 | C121: T2: TV commercials / Home shopping channels / Radio | Q121: 1
A122: 15 | B122: dLevel_T2_15 | C122: T2: Newspapers /Magazines | R122: 1
A123: 16 | B123: dLevel_T2_16 | C123: T2: Large garden centers / chains | S123: 1
A124: 17 | B124: dLevel_T2_17 | C124: T2: Local specialized lawn equipment dealers / independent specialists | T124: 1
A125: 18 | B125: dLevel_T2_18 | C125: T2: Offline DIY home improvement retail chains | U125: 1
A126: 19 | B126: dLevel_T2_19 | C126: T2: Consumer electronics retailers | V126: 1
A127: 20 | B127: dLevel_T2_21 | C127: T2: In-store sales representatives / staff recommendations | W127: 1
A128: 21 | B128: dLevel_T2_22 | C128: T2: Outdoor advertising / OOH / DOOH | X128: 1
A129: 22 | B129: dLevel_T2_23 | C129: T2: Community groups or local organizations | Y129: 1
A130: 23 | B130: dLevel_T2_24 | C130: T2: Recommendations from friends, family, colleagues or neighbors | Z130: 1
A131: 24 | B131: dLevel_T2_25 | C131: T2: Live events, Trade shows, exhibitions, or garden expos | AA131: 1
A132: 25 | B132: dLevel_T2_26 | C132: T2: Sponsorships, brand ambassadors, or official partnerships | AB132: 1
A133: 26 | B133: dLevel_T2_27 | C133: T2: Local lawn care workshops | AC133: 1
A134: 27 | B134: dLevel_T2_28 | C134: T2: Recommendations from professional landscapers or garden contractors | AD134: 1
A136: Component Score Coefficient Matrix
A138: VariableID | B138: Variable | C138: Lable | D138: Factor1 | E138: Factor2 | F138: Factor3 | G138: Factor4 | H138: Factor5 | I138: Factor6 | J138: Factor7 | K138: Factor8 | L138: Factor9 | M138: Factor10 | N138: Factor11 | O138: Factor12 | P138: Factor13 | Q138: Factor14 | R138: Factor15 | S138: Factor16 | T138: Factor17 | U138: Factor18 | V138: Factor19 | W138: Factor20 | X138: Factor21 | Y138: Factor22 | Z138: Factor23 | AA138: Factor24 | AB138: Factor25 | AC138: Factor26 | AD138: Factor27
A139: 1 | B139: dLevel_T2_1 | C139: T2: Official brand website | D139: 1.7200826 | E139: 0.076186069 | F139: 0.095498819 | G139: -0.2510079 | H139: 0.041971286 | I139: -0.043758912 | J139: -0.31514529 | K139: -0.1251521 | L139: 0.054874727 | M139: 0.027567983 | N139: -0.04706495 | O139: -0.025244312 | P139: -0.020438874 | Q139: 0.0079631977 | R139: -0.023392442 | S139: 0.019393166 | T139: 0.031290102 | U139: -0.2389669 | V139: 0.025753196 | W139: -0.12310707 | X139: 0.0029224932 | Y139: -0.023192064 | Z139: -0.25520853 | AA139: 0.026860969 | AB139: -0.039678713 | AC139: -0.059035459 | AD139: -0.11707952
A140: 2 | B140: dLevel_T2_2 | C140: T2: Streaming / content platforms | D140: 0.076186069 | E140: 1.1879616 | F140: -0.10486744 | G140: -0.098101633 | H140: -0.025555211 | I140: -0.13450443 | J140: -0.065235456 | K140: -0.014097956 | L140: -0.011627368 | M140: -0.017435197 | N140: -0.011141675 | O140: -0.063090607 | P140: -0.022210318 | Q140: -0.065180986 | R140: -0.057072532 | S140: -0.033238158 | T140: -0.0046877049 | U140: -0.017643525 | V140: -0.02530515 | W140: -0.019802371 | X140: -0.024612337 | Y140: -0.026004784 | Z140: 0.025224 | AA140: 0.00055795457 | AB140: -0.020731082 | AC140: -0.082364158 | AD140: -0.014445666
A141: 3 | B141: dLevel_T2_3 | C141: T2: CTV device / smart TV platform | D141: 0.095498819 | E141: -0.10486744 | F141: 1.1941924 | G141: -0.065345612 | H141: -0.095878087 | I141: -0.063348083 | J141: 0.026184843 | K141: -0.020626998 | L141: -0.043642839 | M141: -0.070655419 | N141: -0.040615646 | O141: -0.0084924399 | P141: -0.049518458 | Q141: -0.036241838 | R141: -0.031760919 | S141: 0.017402052 | T141: -0.015271439 | U141: -0.065454938 | V141: -0.036083278 | W141: -0.050083532 | X141: 0.003658101 | Y141: -0.11693009 | Z141: 0.023265113 | AA141: -0.07775291 | AB141: -0.0090235322 | AC141: -0.026891358 | AD141: 0.035904259
A142: 4 | B142: dLevel_T2_4 | C142: T2: Social media | D142: -0.2510079 | E142: -0.098101633 | F142: -0.065345612 | G142: 1.6840766 | H142: -0.077346675 | I142: -0.020962027 | J142: -0.22514108 | K142: -0.20825515 | L142: -0.003905315 | M142: -0.082282788 | N142: -0.084011592 | O142: 0.056651972 | P142: 0.028082914 | Q142: -0.029532113 | R142: -0.0021291999 | S142: -0.012739349 | T142: 0.0053539578 | U142: -0.1837835 | V142: -0.015690238 | W142: -0.037839492 | X142: -0.040518473 | Y142: -0.015814416 | Z142: -0.21047254 | AA142: -0.00066458604 | AB142: 0.026082283 | AC142: 0.0043885366 | AD142: 0.0057782469
A143: 5 | B143: dLevel_T2_5 | C143: T2: Influencers /Content creators | D143: 0.041971286 | E143: -0.025555211 | F143: -0.095878087 | G143: -0.077346675 | H143: 1.1958 | I143: -0.13304341 | J143: -0.047899321 | K143: -0.08347854 | L143: -0.0086079433 | M143: 0.0023309501 | N143: -0.074885941 | O143: -0.056923519 | P143: -0.0065802609 | Q143: -0.094929092 | R143: -0.025025518 | S143: -0.03502832 | T143: -0.0051624419 | U143: 0.012267994 | V143: 0.02931391 | W143: -0.0028267138 | X143: -0.0075869625 | Y143: -0.0074912809 | Z143: -0.067376472 | AA143: -0.0033723003 | AB143: -0.021723253 | AC143: 0.0095638834 | AD143: -0.067375358
A144: 6 | B144: dLevel_T2_6 | C144: T2: Online forums & communities | D144: -0.043758912 | E144: -0.13450443 | F144: -0.063348083 | G144: -0.020962027 | H144: -0.13304341 | I144: 1.1906338 | J144: -0.031392152 | K144: 0.037760499 | L144: -0.067743605 | M144: -0.025855164 | N144: 0.018977677 | O144: 0.030197093 | P144: 0.02937397 | Q144: -0.057711626 | R144: -0.037447633 | S144: -0.040356882 | T144: -0.062238442 | U144: -0.052266722 | V144: -0.010103518 | W144: 0.010420045 | X144: -0.038520443 | Y144: -0.0098074312 | Z144: 0.033383322 | AA144: -0.048218218 | AB144: -0.040598976 | AC144: -0.03468858 | AD144: -0.066997616
A145: 7 | B145: dLevel_T2_7 | C145: T2: Search engines | D145: -0.31514529 | E145: -0.065235456 | F145: 0.026184843 | G145: -0.22514108 | H145: -0.047899321 | I145: -0.031392152 | J145: 1.6857908 | K145: -0.17795541 | L145: 0.002857562 | M145: 0.07220731 | N145: -0.07170512 | O145: 0.01978272 | P145: -0.036883345 | Q145: -0.022129081 | R145: 0.0042747515 | S145: 0.010979725 | T145: -0.029974969 | U145: -0.19453961 | V145: 0.001450133 | W145: -0.063788367 | X145: -0.029102962 | Y145: -0.023828682 | Z145: -0.22401155 | AA145: 0.0069428602 | AB145: 0.038800637 | AC145: 0.034271939 | AD145: -0.034647939
A146: 8 | B146: dLevel_T2_8 | C146: T2: Online retail platforms / retailer websites | D146: -0.1251521 | E146: -0.014097956 | F146: -0.020626998 | G146: -0.20825515 | H146: -0.08347854 | I146: 0.037760499 | J146: -0.17795541 | K146: 1.5220913 | L146: 0.018974363 | M146: -0.036543445 | N146: 0.058289652 | O146: 0.012809992 | P146: 0.045520714 | Q146: -0.055851063 | R146: -0.023451732 | S146: -0.014005841 | T146: -0.041311221 | U146: -0.17682987 | V146: -0.0010353577 | W146: -0.1093123 | X146: -0.036941422 | Y146: 0.0090553705 | Z146: -0.15335728 | AA146: -0.037625266 | AB146: -0.019445677 | AC146: -0.098761908 | AD146: -0.05399588
A147: 9 | B147: dLevel_T2_9 | C147: T2: Online news or digital media websites | D147: 0.054874727 | E147: -0.011627368 | F147: -0.043642839 | G147: -0.003905315 | H147: -0.0086079433 | I147: -0.067743605 | J147: 0.002857562 | K147: 0.018974363 | L147: 1.1107068 | M147: -0.087772038 | N147: -0.01599735 | O147: -0.026617196 | P147: -0.010403023 | Q147: -0.06933577 | R147: 0.0021897431 | S147: 0.00029074817 | T147: -0.030521454 | U147: -0.032994196 | V147: -0.059223937 | W147: -0.033799489 | X147: -0.023705885 | Y147: -0.025951973 | Z147: -0.018811815 | AA147: -0.021343535 | AB147: -0.036499651 | AC147: -0.043469058 | AD147: -0.048037146
A148: 10 | B148: dLevel_T2_10 | C148: T2: AI assistants / AI chatbot tools | D148: 0.027567983 | E148: -0.017435197 | F148: -0.070655419 | G148: -0.082282788 | H148: 0.0023309501 | I148: -0.025855164 | J148: 0.07220731 | K148: -0.036543445 | L148: -0.087772038 | M148: 1.1821636 | N148: -0.05390676 | O148: -0.068577452 | P148: -0.051883212 | Q148: -0.074165973 | R148: -0.077470751 | S148: -0.023732319 | T148: -0.022133201 | U148: 0.048096908 | V148: -0.061742097 | W148: 0.018102401 | X148: -0.032905961 | Y148: -0.037516876 | Z148: -0.060970431 | AA148: -0.05750762 | AB148: -0.045747911 | AC148: -0.03781704 | AD148: -0.016206346
A149: 11 | B149: dLevel_T2_11 | C149: T2: Deals sites / price comparison websites | D149: -0.04706495 | E149: -0.011141675 | F149: -0.040615646 | G149: -0.084011592 | H149: -0.074885941 | I149: 0.018977677 | J149: -0.07170512 | K149: 0.058289652 | L149: -0.01599735 | M149: -0.05390676 | N149: 1.2175481 | O149: -0.0093759119 | P149: -0.066602243 | Q149: -0.02538679 | R149: -0.05586794 | S149: -0.011665879 | T149: -0.013584086 | U149: -0.11847434 | V149: -0.069166504 | W149: 0.098759073 | X149: 0.026076788 | Y149: -0.039089695 | Z149: -0.066701877 | AA149: -0.029258587 | AB149: -0.046973972 | AC149: -0.045140887 | AD149: -0.11956974
A150: 12 | B150: dLevel_T2_12 | C150: T2: Second-hand or rental websites | D150: -0.025244312 | E150: -0.063090607 | F150: -0.0084924399 | G150: 0.056651972 | H150: -0.056923519 | I150: 0.030197093 | J150: 0.01978272 | K150: 0.012809992 | L150: -0.026617196 | M150: -0.068577452 | N150: -0.0093759119 | O150: 1.1344167 | P150: -0.052616713 | Q150: -0.017119785 | R150: -0.040250778 | S150: -0.036929238 | T150: -0.043667656 | U150: -0.048001225 | V150: -0.059135371 | W150: 0.0065987462 | X150: 0.013744364 | Y150: -0.11135623 | Z150: -0.0091940713 | AA150: -0.030624946 | AB150: -0.071728351 | AC150: -0.053996009 | AD150: -0.018536428
... A165: 27 | B165: dLevel_T2_28 | C165: T2: Recommendations from professional landscapers or garden contractors | D165: -0.11707952 | E165: -0.014445666 | F165: 0.035904259 | G165: 0.0057782469 | H165: -0.067375358 | I165: -0.066997616 | J165: -0.034647939 | K165: -0.05399588 | L165: -0.048037146 | M165: -0.016206346 | N165: -0.11956974 | O165: -0.018536428 | P165: -0.051643659 | Q165: -0.020248438 | R165: -0.0097242066 | S165: -0.029688202 | T165: -0.048910708 | U165: -0.0049527427 | V165: 0.0060872501 | W165: -0.016826899 | X165: 0.0076356991 | Y165: -0.023661523 | Z165: -0.014038092 | AA165: -0.038111631 | AB165: -0.014620215 | AC165: 0.035759745 | AD165: 1.1511132
A167: Unstandardized Component Score Coefficient Matrix
A169: VariableID | B169: Variable | C169: Lable | D169: Factor1 | E169: Factor2 | F169: Factor3 | G169: Factor4 | H169: Factor5 | I169: Factor6 | J169: Factor7 | K169: Factor8 | L169: Factor9 | M169: Factor10 | N169: Factor11 | O169: Factor12 | P169: Factor13 | Q169: Factor14 | R169: Factor15 | S169: Factor16 | T169: Factor17 | U169: Factor18 | V169: Factor19 | W169: Factor20 | X169: Factor21 | Y169: Factor22 | Z169: Factor23 | AA169: Factor24 | AB169: Factor25 | AC169: Factor26 | AD169: Factor27
...

Sheet 2C 均值
A1: Original KPIs
A2: Variable | B2: N | C2: Min | D2: Max | E2: Mean | F2: Std
A3: Level_ABA | B3: 1392 | C3: 0 | D3: 1 | E3: 0.99425287 | F3: 0.075618813
A4: Level_B6_T2B | B4: 1392 | C4: 0 | D4: 1 | E4: 0.77442529 | F4: 0.41811045
A5: Level_B7_T2B | B5: 1392 | C5: 0 | D5: 1 | E5: 0.72413793 | F5: 0.44710826
A6: Level_B4 | B6: 2400 | C6: 0 | D6: 1 | E6: 0.12 | F6: 0.32502926
A7: Level_B3a_T2B | B7: 1384 | C7: 0 | D7: 1 | E7: 0.79696532 | F7: 0.40240353
A8: Level_B11_T2B | B8: 1392 | C8: 0 | D8: 1 | E8: 0.50862069 | F8: 0.50010535
A9: Valid N (listwise) | B9: 699
A11: Recoded KPIs
A12: Variable | B12: N | C12: Min | D12: Max | E12: Mean | F12: Std
A13: dLevel_ABA | B13: 5320 | C13: 0 | D13: 1 | E13: 0.26015038 | F13: 0.43875773
A14: dLevel_B6_T2B | B14: 5320 | C14: 0 | D14: 1 | E14: 0.20263158 | F14: 0.40199801
A15: dLevel_B7_T2B | B15: 5320 | C15: 0 | D15: 1 | E15: 0.18947368 | F15: 0.39192127
A16: dLevel_B4 | B16: 5320 | C16: 0 | D16: 1 | E16: 0.054135338 | F16: 0.22630583
A17: dLevel_B3a_T2B | B17: 5320 | C17: 0 | D17: 1 | E17: 0.20733083 | F17: 0.40543267
A18: dLevel_B11_T2B | B18: 5320 | C18: 0 | D18: 1 | E18: 0.13308271 | F18: 0.33969603
A19: Valid N (listwise) | B19: 5320
A21: Original Channels
A22: Variable | B22: N | C22: Min | D22: Max | E22: Mean | F22: Std
A23: Level_T2_1 | B23: 920 | C23: 0 | D23: 1 | E23: 0.36086957 | F23: 0.48051399
A24: Level_T2_2 | B24: 920 | C24: 0 | D24: 1 | E24: 0.18478261 | F24: 0.38833222
A25: Level_T2_3 | B25: 920 | C25: 0 | D25: 1 | E25: 0.14130435 | F25: 0.34852469
A26: Level_T2_4 | B26: 920 | C26: 0 | D26: 1 | E26: 0.43586957 | F26: 0.49613995
A27: Level_T2_5 | B27: 920 | C27: 0 | D27: 1 | E27: 0.19782609 | F27: 0.39857697
A28: Level_T2_6 | B28: 920 | C28: 0 | D28: 1 | E28: 0.18478261 | F28: 0.38833222
A29: Level_T2_7 | B29: 920 | C29: 0 | D29: 1 | E29: 0.41413043 | F29: 0.49283915
A30: Level_T2_8 | B30: 920 | C30: 0 | D30: 1 | E30: 0.39021739 | F30: 0.48806424
A31: Level_T2_9 | B31: 920 | C31: 0 | D31: 1 | E31: 0.11195652 | F31: 0.31548446
A32: Level_T2_10 | B32: 920 | C32: 0 | D32: 1 | E32: 0.12608696 | F32: 0.33212789
A33: Level_T2_11 | B33: 920 | C33: 0 | D33: 1 | E33: 0.20978261 | F33: 0.40737483
A34: Level_T2_12 | B34: 920 | C34: 0 | D34: 1 | E34: 0.094565217 | F34: 0.29277262
... A49: Level_T2_28 | B49: 920 | C49: 0 | D49: 1 | E49: 0.15869565 | F49: 0.36559078
A50: Valid N (listwise) | B50: 920
A52: Recoded Channels
A53: Variable | B53: N | C53: Min | D53: Max | E53: Mean | F53: Std
A54: dLevel_T2_1 | B54: 5320 | C54: 0 | D54: 1 | E54: 0.062406015 | F54: 0.24191425
A55: dLevel_T2_2 | B55: 5320 | C55: 0 | D55: 1 | E55: 0.031954887 | F55: 0.17589653
A56: dLevel_T2_3 | B56: 5320 | C56: 0 | D56: 1 | E56: 0.02443609 | F56: 0.15441324
A57: dLevel_T2_4 | B57: 5320 | C57: 0 | D57: 1 | E57: 0.07537594 | F57: 0.2640218
A58: dLevel_T2_5 | B58: 5320 | C58: 0 | D58: 1 | E58: 0.034210526 | F58: 0.18178663
A59: dLevel_T2_6 | B59: 5320 | C59: 0 | D59: 1 | E59: 0.031954887 | F59: 0.17589653
A60: dLevel_T2_7 | B60: 5320 | C60: 0 | D60: 1 | E60: 0.071616541 | F60: 0.25787616
A61: dLevel_T2_8 | B61: 5320 | C61: 0 | D61: 1 | E61: 0.067481203 | F61: 0.2508771
A62: dLevel_T2_9 | B62: 5320 | C62: 0 | D62: 1 | E62: 0.019360902 | F62: 0.13780286
A63: dLevel_T2_10 | B63: 5320 | C63: 0 | D63: 1 | E63: 0.021804511 | F63: 0.1460585
A64: dLevel_T2_11 | B64: 5320 | C64: 0 | D64: 1 | E64: 0.036278195 | F64: 0.18699909
A65: dLevel_T2_12 | B65: 5320 | C65: 0 | D65: 1 | E65: 0.016353383 | F65: 0.12684232
... A80: dLevel_T2_28 | B80: 5320 | C80: 0 | D80: 1 | E80: 0.027443609 | F80: 0.1633875
A81: Valid N (listwise) | B81: 5320

Sheet 2D Mapping
A1: 2A Regression结果Table中对应的不同KPI | D1: 手写 | G1: ind Variable | H1: 变量名称
A2: 第几个table | B2: Dependent Variable | C2: 模型Base | D2: 变量名称 | G2: dLevel_T2_1 | H2: T2_1
A3: 1 | B3: {=IF($A3="","",_xlfn.LET( _xlpm.n,$A3, _xlpm.allRows,'2A Regression'!$A:$A, _xlpm.matches,IF(LEFT(_xlpm.allRows,19)="Dependent Variable:",ROW(_xlpm.allRows),""), _xlpm.nthRow,SMALL(IF(_xlpm.matches<>"",_xlpm.matches),_xlpm.n), _xlpm.result,INDEX(_xlpm.allRows,_xlpm.nthRow), IFERROR(SUBSTITUTE(_xlpm.result,"Dependent Variable: ",""),"") ))} -> dLevel_ABA | C3: Total | D3: ABA | G3: dLevel_T2_2 | H3: T2_2
A4: 2 | B4: {=IF($A4="","",_xlfn.LET( _xlpm.n,$A4, _xlpm.allRows,'2A Regression'!$A:$A, _xlpm.matches,IF(LEFT(_xlpm.allRows,19)="Dependent Variable:",ROW(_xlpm.allRows),""), _xlpm.nthRow,SMALL(IF(_xlpm.matches<>"",_xlpm.matches),_xlpm.n), _xlpm.result,INDEX(_xlpm.allRows,_xlpm.nthRow), IFERROR(SUBSTITUTE(_xlpm.result,"Dependent Variable: ",""),"") ))} -> dLevel_B6_T2B | C4: Total | D4: B6 | G4: dLevel_T2_3 | H4: T2_3
A5: 3 | B5: {=IF($A5="","",_xlfn.LET( _xlpm.n,$A5, _xlpm.allRows,'2A Regression'!$A:$A, _xlpm.matches,IF(LEFT(_xlpm.allRows,19)="Dependent Variable:",ROW(_xlpm.allRows),""), _xlpm.nthRow,SMALL(IF(_xlpm.matches<>"",_xlpm.matches),_xlpm.n), _xlpm.result,INDEX(_xlpm.allRows,_xlpm.nthRow), IFERROR(SUBSTITUTE(_xlpm.result,"Dependent Variable: ",""),"") ))} -> dLevel_ABA | C5: Total | D5: ABA1 | G5: dLevel_T2_4 | H5: T2_4
A6: 4 | B6: {=IF($A6="","",_xlfn.LET( _xlpm.n,$A6, _xlpm.allRows,'2A Regression'!$A:$A, _xlpm.matches,IF(LEFT(_xlpm.allRows,19)="Dependent Variable:",ROW(_xlpm.allRows),""), _xlpm.nthRow,SMALL(IF(_xlpm.matches<>"",_xlpm.matches),_xlpm.n), _xlpm.result,INDEX(_xlpm.allRows,_xlpm.nthRow), IFERROR(SUBSTITUTE(_xlpm.result,"Dependent Variable: ",""),"") ))} -> dLevel_B6_T2B | C6: Total | D6: B61 | G6: dLevel_T2_5 | H6: T2_5
A7: 5 | B7: {=IF($A7="","",_xlfn.LET( _xlpm.n,$A7, _xlpm.allRows,'2A Regression'!$A:$A, _xlpm.matches,IF(LEFT(_xlpm.allRows,19)="Dependent Variable:",ROW(_xlpm.allRows),""), _xlpm.nthRow,SMALL(IF(_xlpm.matches<>"",_xlpm.matches),_xlpm.n), _xlpm.result,INDEX(_xlpm.allRows,_xlpm.nthRow), IFERROR(SUBSTITUTE(_xlpm.result,"Dependent Variable: ",""),"") ))} -> dLevel_B7_T2B | C7: Total | D7: B7 | G7: dLevel_T2_6 | H7: T2_6
A8: 6 | B8: {=IF($A8="","",_xlfn.LET( _xlpm.n,$A8, _xlpm.allRows,'2A Regression'!$A:$A, _xlpm.matches,IF(LEFT(_xlpm.allRows,19)="Dependent Variable:",ROW(_xlpm.allRows),""), _xlpm.nthRow,SMALL(IF(_xlpm.matches<>"",_xlpm.matches),_xlpm.n), _xlpm.result,INDEX(_xlpm.allRows,_xlpm.nthRow), IFERROR(SUBSTITUTE(_xlpm.result,"Dependent Variable: ",""),"") ))} | C8: Total | G8: dLevel_T2_7 | H8: T2_7
A9: 7 | B9: {=IF($A9="","",_xlfn.LET( _xlpm.n,$A9, _xlpm.allRows,'2A Regression'!$A:$A, _xlpm.matches,IF(LEFT(_xlpm.allRows,19)="Dependent Variable:",ROW(_xlpm.allRows),""), _xlpm.nthRow,SMALL(IF(_xlpm.matches<>"",_xlpm.matches),_xlpm.n), _xlpm.result,INDEX(_xlpm.allRows,_xlpm.nthRow), IFERROR(SUBSTITUTE(_xlpm.result,"Dependent Variable: ",""),"") ))} | C9: Total | G9: dLevel_T2_8 | H9: T2_8
A10: 8 | B10: {=IF($A10="","",_xlfn.LET( _xlpm.n,$A10, _xlpm.allRows,'2A Regression'!$A:$A, _xlpm.matches,IF(LEFT(_xlpm.allRows,19)="Dependent Variable:",ROW(_xlpm.allRows),""), _xlpm.nthRow,SMALL(IF(_xlpm.matches<>"",_xlpm.matches),_xlpm.n), _xlpm.result,INDEX(_xlpm.allRows,_xlpm.nthRow), IFERROR(SUBSTITUTE(_xlpm.result,"Dependent Variable: ",""),"") ))} | C10: Total | G10: dLevel_T2_9 | H10: T2_9
A11: 9 | B11: {=IF($A11="","",_xlfn.LET( _xlpm.n,$A11, _xlpm.allRows,'2A Regression'!$A:$A, _xlpm.matches,IF(LEFT(_xlpm.allRows,19)="Dependent Variable:",ROW(_xlpm.allRows),""), _xlpm.nthRow,SMALL(IF(_xlpm.matches<>"",_xlpm.matches),_xlpm.n), _xlpm.result,INDEX(_xlpm.allRows,_xlpm.nthRow), IFERROR(SUBSTITUTE(_xlpm.result,"Dependent Variable: ",""),"") ))} | G11: dLevel_T2_10 | H11: T2_10
A12: 10 | B12: {=IF($A12="","",_xlfn.LET( _xlpm.n,$A12, _xlpm.allRows,'2A Regression'!$A:$A, _xlpm.matches,IF(LEFT(_xlpm.allRows,19)="Dependent Variable:",ROW(_xlpm.allRows),""), _xlpm.nthRow,SMALL(IF(_xlpm.matches<>"",_xlpm.matches),_xlpm.n), _xlpm.result,INDEX(_xlpm.allRows,_xlpm.nthRow), IFERROR(SUBSTITUTE(_xlpm.result,"Dependent Variable: ",""),"") ))} | G12: dLevel_T2_11 | H12: T2_11
A13: 11 | B13: {=IF($A13="","",_xlfn.LET( _xlpm.n,$A13, _xlpm.allRows,'2A Regression'!$A:$A, _xlpm.matches,IF(LEFT(_xlpm.allRows,19)="Dependent Variable:",ROW(_xlpm.allRows),""), _xlpm.nthRow,SMALL(IF(_xlpm.matches<>"",_xlpm.matches),_xlpm.n), _xlpm.result,INDEX(_xlpm.allRows,_xlpm.nthRow), IFERROR(SUBSTITUTE(_xlpm.result,"Dependent Variable: ",""),"") ))} | G13: dLevel_T2_12 | H13: T2_12
A14: 12 | B14: {=IF($A14="","",_xlfn.LET( _xlpm.n,$A14, _xlpm.allRows,'2A Regression'!$A:$A, _xlpm.matches,IF(LEFT(_xlpm.allRows,19)="Dependent Variable:",ROW(_xlpm.allRows),""), _xlpm.nthRow,SMALL(IF(_xlpm.matches<>"",_xlpm.matches),_xlpm.n), _xlpm.result,INDEX(_xlpm.allRows,_xlpm.nthRow), IFERROR(SUBSTITUTE(_xlpm.result,"Dependent Variable: ",""),"") ))} | G14: dLevel_T2_13 | H14: T2_13
A15: 13 | B15: {=IF($A15="","",_xlfn.LET( _xlpm.n,$A15, _xlpm.allRows,'2A Regression'!$A:$A, _xlpm.matches,IF(LEFT(_xlpm.allRows,19)="Dependent Variable:",ROW(_xlpm.allRows),""), _xlpm.nthRow,SMALL(IF(_xlpm.matches<>"",_xlpm.matches),_xlpm.n), _xlpm.result,INDEX(_xlpm.allRows,_xlpm.nthRow), IFERROR(SUBSTITUTE(_xlpm.result,"Dependent Variable: ",""),"") ))} | G15: dLevel_T2_14 | H15: T2_14
A16: 14 | B16: {=IF($A16="","",_xlfn.LET( _xlpm.n,$A16, _xlpm.allRows,'2A Regression'!$A:$A, _xlpm.matches,IF(LEFT(_xlpm.allRows,19)="Dependent Variable:",ROW(_xlpm.allRows),""), _xlpm.nthRow,SMALL(IF(_xlpm.matches<>"",_xlpm.matches),_xlpm.n), _xlpm.result,INDEX(_xlpm.allRows,_xlpm.nthRow), IFERROR(SUBSTITUTE(_xlpm.result,"Dependent Variable: ",""),"") ))} | G16: dLevel_T2_15 | H16: T2_15
A17: 15 | B17: {=IF($A17="","",_xlfn.LET( _xlpm.n,$A17, _xlpm.allRows,'2A Regression'!$A:$A, _xlpm.matches,IF(LEFT(_xlpm.allRows,19)="Dependent Variable:",ROW(_xlpm.allRows),""), _xlpm.nthRow,SMALL(IF(_xlpm.matches<>"",_xlpm.matches),_xlpm.n), _xlpm.result,INDEX(_xlpm.allRows,_xlpm.nthRow), IFERROR(SUBSTITUTE(_xlpm.result,"Dependent Variable: ",""),"") ))} | G17: dLevel_T2_16 | H17: T2_16
A18: 16 | B18: {=IF($A18="","",_xlfn.LET( _xlpm.n,$A18, _xlpm.allRows,'2A Regression'!$A:$A, _xlpm.matches,IF(LEFT(_xlpm.allRows,19)="Dependent Variable:",ROW(_xlpm.allRows),""), _xlpm.nthRow,SMALL(IF(_xlpm.matches<>"",_xlpm.matches),_xlpm.n), _xlpm.result,INDEX(_xlpm.allRows,_xlpm.nthRow), IFERROR(SUBSTITUTE(_xlpm.result,"Dependent Variable: ",""),"") ))} | G18: dLevel_T2_17 | H18: T2_17
A19: 17 | B19: {=IF($A19="","",_xlfn.LET( _xlpm.n,$A19, _xlpm.allRows,'2A Regression'!$A:$A, _xlpm.matches,IF(LEFT(_xlpm.allRows,19)="Dependent Variable:",ROW(_xlpm.allRows),""), _xlpm.nthRow,SMALL(IF(_xlpm.matches<>"",_xlpm.matches),_xlpm.n), _xlpm.result,INDEX(_xlpm.allRows,_xlpm.nthRow), IFERROR(SUBSTITUTE(_xlpm.result,"Dependent Variable: ",""),"") ))} | G19: dLevel_T2_18 | H19: T2_18
A20: 18 | B20: {=IF($A20="","",_xlfn.LET( _xlpm.n,$A20, _xlpm.allRows,'2A Regression'!$A:$A, _xlpm.matches,IF(LEFT(_xlpm.allRows,19)="Dependent Variable:",ROW(_xlpm.allRows),""), _xlpm.nthRow,SMALL(IF(_xlpm.matches<>"",_xlpm.matches),_xlpm.n), _xlpm.result,INDEX(_xlpm.allRows,_xlpm.nthRow), IFERROR(SUBSTITUTE(_xlpm.result,"Dependent Variable: ",""),"") ))} | G20: dLevel_T2_19 | H20: T2_19
A21: 19 | B21: {=IF($A21="","",_xlfn.LET( _xlpm.n,$A21, _xlpm.allRows,'2A Regression'!$A:$A, _xlpm.matches,IF(LEFT(_xlpm.allRows,19)="Dependent Variable:",ROW(_xlpm.allRows),""), _xlpm.nthRow,SMALL(IF(_xlpm.matches<>"",_xlpm.matches),_xlpm.n), _xlpm.result,INDEX(_xlpm.allRows,_xlpm.nthRow), IFERROR(SUBSTITUTE(_xlpm.result,"Dependent Variable: ",""),"") ))} | G21: dLevel_T2_21 | H21: T2_20
A22: 20 | B22: {=IF($A22="","",_xlfn.LET( _xlpm.n,$A22, _xlpm.allRows,'2A Regression'!$A:$A, _xlpm.matches,IF(LEFT(_xlpm.allRows,19)="Dependent Variable:",ROW(_xlpm.allRows),""), _xlpm.nthRow,SMALL(IF(_xlpm.matches<>"",_xlpm.matches),_xlpm.n), _xlpm.result,INDEX(_xlpm.allRows,_xlpm.nthRow), IFERROR(SUBSTITUTE(_xlpm.result,"Dependent Variable: ",""),"") ))} | G22: dLevel_T2_22 | H22: T2_21
G23: dLevel_T2_23 | H23: T2_22
G24: dLevel_T2_24 | H24: T2_23
G25: dLevel_T2_25 | H25: T2_24
G26: dLevel_T2_26 | H26: T2_25
G27: dLevel_T2_27 | H27: T2_26
G28: dLevel_T2_28 | H28: T2_27

Sheet 2E.Analysis_MIA
D1: 模型Base的样本 | E1: {=TRANSPOSE('2D Mapping'!C3:C22)} -> Total | F1: Total | G1: Total | H1: Total | I1: Total | J1: Total | K1: Total | L1: Total | M1: 0 | N1: 0 | O1: 0 | P1: 0 | Q1: 0 | R1: 0 | S1: 0 | T1: 0 | U1: 0 | V1: 0 | W1: 0 | X1: 0
A2: >>请输入： | D2: 标准化系数（回归模型结果） | E2: {=TRANSPOSE('2D Mapping'!B3:B22)} -> dLevel_ABA | F2: dLevel_B6_T2B | G2: dLevel_ABA | H2: dLevel_B6_T2B | I2: dLevel_B7_T2B
D3: Factor1 | E3: {=_xlfn.LET( _xlpm.kpiName, E$2, _xlpm.factorName, $D3, _xlpm.headerText, "Dependent Variable: "&_xlpm.kpiName, _xlpm.regA, '2A Regression'!$A$1:$A$10000, _xlpm.regB, '2A Regression'!$B$1:$B$10000, _xlpm.regE, '2A Regression'!$E$1:$E$10000, _xlpm.headerRow, MATCH(_xlpm.headerText, _xlpm.regA, 0), _xlpm.nextHeaderRow, _xlfn.AGGREGATE(15, 6, ROW(_xlpm.regA)/((LEFT(_xlpm.regA,19)="Dependent Variable:")*(ROW(_xlpm.regA)>_xlpm.headerRow)), 1), _xlpm.searchStart, _xlpm.headerRow, _xlpm.searchEnd, IF(ISERROR(_xlpm.nextHeaderRow), 300, _xlpm.nextHeaderRow-1), _xlpm.factorPos, _xlfn.AGGREGATE(15, 6, ROW(_xlpm.regB)/((_xlpm.regB=_xlpm.factorName)*(ROW(_xlpm.regB)>=_xlpm.searchStart)*(ROW(_xlpm.regB)<=_xlpm.searchEnd)), 1), IF(ISERROR(_xlpm.factorPos), 0, INDEX(_xlpm.regE, _xlpm.factorPos)) )} -> 0.039697503 | F3: {=_xlfn.LET( _xlpm.kpiName, F$2, _xlpm.factorName, $D3, _xlpm.headerText, "Dependent Variable: "&_xlpm.kpiName, _xlpm.regA, '2A Regression'!$A$1:$A$10000, _xlpm.regB, '2A Regression'!$B$1:$B$10000, _xlpm.regE, '2A Regression'!$E$1:$E$10000, _xlpm.headerRow, MATCH(_xlpm.headerText, _xlpm.regA, 0), _xlpm.nextHeaderRow, _xlfn.AGGREGATE(15, 6, ROW(_xlpm.regA)/((LEFT(_xlpm.regA,19)="Dependent Variable:")*(ROW(_xlpm.regA)>_xlpm.headerRow)), 1), _xlpm.searchStart, _xlpm.headerRow, _xlpm.searchEnd, IF(ISERROR(_xlpm.nextHeaderRow), 300, _xlpm.nextHeaderRow-1), _xlpm.factorPos, _xlfn.AGGREGATE(15, 6, ROW(_xlpm.regB)/((_xlpm.regB=_xlpm.factorName)*(ROW(_xlpm.regB)>=_xlpm.searchStart)*(ROW(_xlpm.regB)<=_xlpm.searchEnd)), 1), IF(ISERROR(_xlpm.factorPos), 0, INDEX(_xlpm.regE, _xlpm.factorPos)) )} -> 0.042726247 | G3: {=_xlfn.LET( _xlpm.kpiName, G$2, _xlpm.factorName, $D3, _xlpm.headerText, "Dependent Variable: "&_xlpm.kpiName, _xlpm.regA, '2A Regression'!$A$1:$A$10000, _xlpm.regB, '2A Regression'!$B$1:$B$10000, _xlpm.regE, '2A Regression'!$E$1:$E$10000, _xlpm.headerRow, MATCH(_xlpm.headerText, _xlpm.regA, 0), _xlpm.nextHeaderRow, _xlfn.AGGREGATE(15, 6, ROW(_xlpm.regA)/((LEFT(_xlpm.regA,19)="Dependent Variable:")*(ROW(_xlpm.regA)>_xlpm.headerRow)), 1), _xlpm.searchStart, _xlpm.headerRow, _xlpm.searchEnd, IF(ISERROR(_xlpm.nextHeaderRow), 300, _xlpm.nextHeaderRow-1), _xlpm.factorPos, _xlfn.AGGREGATE(15, 6, ROW(_xlpm.regB)/((_xlpm.regB=_xlpm.factorName)*(ROW(_xlpm.regB)>=_xlpm.searchStart)*(ROW(_xlpm.regB)<=_xlpm.searchEnd)), 1), IF(ISERROR(_xlpm.factorPos), 0, INDEX(_xlpm.regE, _xlpm.factorPos)) )} -> 0.039697503 | H3: {=_xlfn.LET( _xlpm.kpiName, H$2, _xlpm.factorName, $D3, _xlpm.headerText, "Dependent Variable: "&_xlpm.kpiName, _xlpm.regA, '2A Regression'!$A$1:$A$10000, _xlpm.regB, '2A Regression'!$B$1:$B$10000, _xlpm.regE, '2A Regression'!$E$1:$E$10000, _xlpm.headerRow, MATCH(_xlpm.headerText, _xlpm.regA, 0), _xlpm.nextHeaderRow, _xlfn.AGGREGATE(15, 6, ROW(_xlpm.regA)/((LEFT(_xlpm.regA,19)="Dependent Variable:")*(ROW(_xlpm.regA)>_xlpm.headerRow)), 1), _xlpm.searchStart, _xlpm.headerRow, _xlpm.searchEnd, IF(ISERROR(_xlpm.nextHeaderRow), 300, _xlpm.nextHeaderRow-1), _xlpm.factorPos, _xlfn.AGGREGATE(15, 6, ROW(_xlpm.regB)/((_xlpm.regB=_xlpm.factorName)*(ROW(_xlpm.regB)>=_xlpm.searchStart)*(ROW(_xlpm.regB)<=_xlpm.searchEnd)), 1), IF(ISERROR(_xlpm.factorPos), 0, INDEX(_xlpm.regE, _xlpm.factorPos)) )} -> 0.042726247 | I3: {=_xlfn.LET( _xlpm.kpiName, I$2, _xlpm.factorName, $D3, _xlpm.headerText, "Dependent Variable: "&_xlpm.kpiName, _xlpm.regA, '2A Regression'!$A$1:$A$10000, _xlpm.regB, '2A Regression'!$B$1:$B$10000, _xlpm.regE, '2A Regression'!$E$1:$E$10000, _xlpm.headerRow, MATCH(_xlpm.headerText, _xlpm.regA, 0), _xlpm.nextHeaderRow, _xlfn.AGGREGATE(15, 6, ROW(_xlpm.regA)/((LEFT(_xlpm.regA,19)="Dependent Variable:")*(ROW(_xlpm.regA)>_xlpm.headerRow)), 1), _xlpm.searchStart, _xlpm.headerRow, _xlpm.searchEnd, IF(ISERROR(_xlpm.nextHeaderRow), 300, _xlpm.nextHeaderRow-1), _xlpm.factorPos, _xlfn.AGGREGATE(15, 6, ROW(_xlpm.regB)/((_xlpm.regB=_xlpm.factorName)*(ROW(_xlpm.regB)>=_xlpm.searchStart)*(ROW(_xlpm.regB)<=_xlpm.searchEnd)), 1), IF(ISERROR(_xlpm.factorPos), 0, INDEX(_xlpm.regE, _xlpm.factorPos)) )} -> 0.18742168 | J3: {=_xlfn.LET( _xlpm.kpiName, J$2, _xlpm.factorName, $D3, _xlpm.headerText, "Dependent Variable: "&_xlpm.kpiName, _xlpm.regA, '2A Regression'!$A$1:$A$10000, _xlpm.regB, '2A Regression'!$B$1:$B$10000, _xlpm.regE, '2A Regression'!$E$1:$E$10000, _xlpm.headerRow, MATCH(_xlpm.headerText, _xlpm.regA, 0), _xlpm.nextHeaderRow, _xlfn.AGGREGATE(15, 6, ROW(_xlpm.regA)/((LEFT(_xlpm.regA,19)="Dependent Variable:")*(ROW(_xlpm.regA)>_xlpm.headerRow)), 1), _xlpm.searchStart, _xlpm.headerRow, _xlpm.searchEnd, IF(ISERROR(_xlpm.nextHeaderRow), 300, _xlpm.nextHeaderRow-1), _xlpm.factorPos, _xlfn.AGGREGATE(15, 6, ROW(_xlpm.regB)/((_xlpm.regB=_xlpm.factorName)*(ROW(_xlpm.regB)>=_xlpm.searchStart)*(ROW(_xlpm.regB)<=_xlpm.searchEnd)), 1), IF(ISERROR(_xlpm.factorPos), 0, INDEX(_xlpm.regE, _xlpm.factorPos)) )} -> 0 | K3: {=_xlfn.LET( _xlpm.kpiName, K$2, _xlpm.factorName, $D3, _xlpm.headerText, "Dependent Variable: "&_xlpm.kpiName, _xlpm.regA, '2A Regression'!$A$1:$A$10000, _xlpm.regB, '2A Regression'!$B$1:$B$10000, _xlpm.regE, '2A Regression'!$E$1:$E$10000, _xlpm.headerRow, MATCH(_xlpm.headerText, _xlpm.regA, 0), _xlpm.nextHeaderRow, _xlfn.AGGREGATE(15, 6, ROW(_xlpm.regA)/((LEFT(_xlpm.regA,19)="Dependent Variable:")*(ROW(_xlpm.regA)>_xlpm.headerRow)), 1), _xlpm.searchStart, _xlpm.headerRow, _xlpm.searchEnd, IF(ISERROR(_xlpm.nextHeaderRow), 300, _xlpm.nextHeaderRow-1), _xlpm.factorPos, _xlfn.AGGREGATE(15, 6, ROW(_xlpm.regB)/((_xlpm.regB=_xlpm.factorName)*(ROW(_xlpm.regB)>=_xlpm.searchStart)*(ROW(_xlpm.regB)<=_xlpm.searchEnd)), 1), IF(ISERROR(_xlpm.factorPos), 0, INDEX(_xlpm.regE, _xlpm.factorPos)) )} -> 0 | L3: {=_xlfn.LET( _xlpm.kpiName, L$2, _xlpm.factorName, $D3, _xlpm.headerText, "Dependent Variable: "&_xlpm.kpiName, _xlpm.regA, '2A Regression'!$A$1:$A$10000, _xlpm.regB, '2A Regression'!$B$1:$B$10000, _xlpm.regE, '2A Regression'!$E$1:$E$10000, _xlpm.headerRow, MATCH(_xlpm.headerText, _xlpm.regA, 0), _xlpm.nextHeaderRow, _xlfn.AGGREGATE(15, 6, ROW(_xlpm.regA)/((LEFT(_xlpm.regA,19)="Dependent Variable:")*(ROW(_xlpm.regA)>_xlpm.headerRow)), 1), _xlpm.searchStart, _xlpm.headerRow, _xlpm.searchEnd, IF(ISERROR(_xlpm.nextHeaderRow), 300, _xlpm.nextHeaderRow-1), _xlpm.factorPos, _xlfn.AGGREGATE(15, 6, ROW(_xlpm.regB)/((_xlpm.regB=_xlpm.factorName)*(ROW(_xlpm.regB)>=_xlpm.searchStart)*(ROW(_xlpm.regB)<=_xlpm.searchEnd)), 1), IF(ISERROR(_xlpm.factorPos), 0, INDEX(_xlpm.regE, _xlpm.factorPos)) )} -> 0 | ... X3: {=_xlfn.LET( _xlpm.kpiName, X$2, _xlpm.factorName, $D3, _xlpm.headerText, "Dependent Variable: "&_xlpm.kpiName, _xlpm.regA, '2A Regression'!$A$1:$A$10000, _xlpm.regB, '2A Regression'!$B$1:$B$10000, _xlpm.regE, '2A Regression'!$E$1:$E$10000, _xlpm.headerRow, MATCH(_xlpm.headerText, _xlpm.regA, 0), _xlpm.nextHeaderRow, _xlfn.AGGREGATE(15, 6, ROW(_xlpm.regA)/((LEFT(_xlpm.regA,19)="Dependent Variable:")*(ROW(_xlpm.regA)>_xlpm.headerRow)), 1), _xlpm.searchStart, _xlpm.headerRow, _xlpm.searchEnd, IF(ISERROR(_xlpm.nextHeaderRow), 300, _xlpm.nextHeaderRow-1), _xlpm.factorPos, _xlfn.AGGREGATE(15, 6, ROW(_xlpm.regB)/((_xlpm.regB=_xlpm.factorName)*(ROW(_xlpm.regB)>=_xlpm.searchStart)*(ROW(_xlpm.regB)<=_xlpm.searchEnd)), 1), IF(ISERROR(_xlpm.factorPos), 0, INDEX(_xlpm.regE, _xlpm.factorPos)) )} -> 0
A4: 是否有brand dispo信息（Yes：1，No：0） | B4: 0 | D4: Factor2 | E4: {=_xlfn.LET( _xlpm.kpiName, E$2, _xlpm.factorName, $D4, _xlpm.headerText, "Dependent Variable: "&_xlpm.kpiName, _xlpm.regA, '2A Regression'!$A$1:$A$10000, _xlpm.regB, '2A Regression'!$B$1:$B$10000, _xlpm.regE, '2A Regression'!$E$1:$E$10000, _xlpm.headerRow, MATCH(_xlpm.headerText, _xlpm.regA, 0), _xlpm.nextHeaderRow, _xlfn.AGGREGATE(15, 6, ROW(_xlpm.regA)/((LEFT(_xlpm.regA,19)="Dependent Variable:")*(ROW(_xlpm.regA)>_xlpm.headerRow)), 1), _xlpm.searchStart, _xlpm.headerRow, _xlpm.searchEnd, IF(ISERROR(_xlpm.nextHeaderRow), 300, _xlpm.nextHeaderRow-1), _xlpm.factorPos, _xlfn.AGGREGATE(15, 6, ROW(_xlpm.regB)/((_xlpm.regB=_xlpm.factorName)*(ROW(_xlpm.regB)>=_xlpm.searchStart)*(ROW(_xlpm.regB)<=_xlpm.searchEnd)), 1), IF(ISERROR(_xlpm.factorPos), 0, INDEX(_xlpm.regE, _xlpm.factorPos)) )} -> 0.019051102 | F4: {=_xlfn.LET( _xlpm.kpiName, F$2, _xlpm.factorName, $D4, _xlpm.headerText, "Dependent Variable: "&_xlpm.kpiName, _xlpm.regA, '2A Regression'!$A$1:$A$10000, _xlpm.regB, '2A Regression'!$B$1:$B$10000, _xlpm.regE, '2A Regression'!$E$1:$E$10000, _xlpm.headerRow, MATCH(_xlpm.headerText, _xlpm.regA, 0), _xlpm.nextHeaderRow, _xlfn.AGGREGATE(15, 6, ROW(_xlpm.regA)/((LEFT(_xlpm.regA,19)="Dependent Variable:")*(ROW(_xlpm.regA)>_xlpm.headerRow)), 1), _xlpm.searchStart, _xlpm.headerRow, _xlpm.searchEnd, IF(ISERROR(_xlpm.nextHeaderRow), 300, _xlpm.nextHeaderRow-1), _xlpm.factorPos, _xlfn.AGGREGATE(15, 6, ROW(_xlpm.regB)/((_xlpm.regB=_xlpm.factorName)*(ROW(_xlpm.regB)>=_xlpm.searchStart)*(ROW(_xlpm.regB)<=_xlpm.searchEnd)), 1), IF(ISERROR(_xlpm.factorPos), 0, INDEX(_xlpm.regE, _xlpm.factorPos)) )} -> 0.0082534884 | G4: {=_xlfn.LET( _xlpm.kpiName, G$2, _xlpm.factorName, $D4, _xlpm.headerText, "Dependent Variable: "&_xlpm.kpiName, _xlpm.regA, '2A Regression'!$A$1:$A$10000, _xlpm.regB, '2A Regression'!$B$1:$B$10000, _xlpm.regE, '2A Regression'!$E$1:$E$10000, _xlpm.headerRow, MATCH(_xlpm.headerText, _xlpm.regA, 0), _xlpm.nextHeaderRow, _xlfn.AGGREGATE(15, 6, ROW(_xlpm.regA)/((LEFT(_xlpm.regA,19)="Dependent Variable:")*(ROW(_xlpm.regA)>_xlpm.headerRow)), 1), _xlpm.searchStart, _xlpm.headerRow, _xlpm.searchEnd, IF(ISERROR(_xlpm.nextHeaderRow), 300, _xlpm.nextHeaderRow-1), _xlpm.factorPos, _xlfn.AGGREGATE(15, 6, ROW(_xlpm.regB)/((_xlpm.regB=_xlpm.factorName)*(ROW(_xlpm.regB)>=_xlpm.searchStart)*(ROW(_xlpm.regB)<=_xlpm.searchEnd)), 1), IF(ISERROR(_xlpm.factorPos), 0, INDEX(_xlpm.regE, _xlpm.factorPos)) )} -> 0.019051102 | H4: {=_xlfn.LET( _xlpm.kpiName, H$2, _xlpm.factorName, $D4, _xlpm.headerText, "Dependent Variable: "&_xlpm.kpiName, _xlpm.regA, '2A Regression'!$A$1:$A$10000, _xlpm.regB, '2A Regression'!$B$1:$B$10000, _xlpm.regE, '2A Regression'!$E$1:$E$10000, _xlpm.headerRow, MATCH(_xlpm.headerText, _xlpm.regA, 0), _xlpm.nextHeaderRow, _xlfn.AGGREGATE(15, 6, ROW(_xlpm.regA)/((LEFT(_xlpm.regA,19)="Dependent Variable:")*(ROW(_xlpm.regA)>_xlpm.headerRow)), 1), _xlpm.searchStart, _xlpm.headerRow, _xlpm.searchEnd, IF(ISERROR(_xlpm.nextHeaderRow), 300, _xlpm.nextHeaderRow-1), _xlpm.factorPos, _xlfn.AGGREGATE(15, 6, ROW(_xlpm.regB)/((_xlpm.regB=_xlpm.factorName)*(ROW(_xlpm.regB)>=_xlpm.searchStart)*(ROW(_xlpm.regB)<=_xlpm.searchEnd)), 1), IF(ISERROR(_xlpm.factorPos), 0, INDEX(_xlpm.regE, _xlpm.factorPos)) )} -> 0.0082534884 | I4: {=_xlfn.LET( _xlpm.kpiName, I$2, _xlpm.factorName, $D4, _xlpm.headerText, "Dependent Variable: "&_xlpm.kpiName, _xlpm.regA, '2A Regression'!$A$1:$A$10000, _xlpm.regB, '2A Regression'!$B$1:$B$10000, _xlpm.regE, '2A Regression'!$E$1:$E$10000, _xlpm.headerRow, MATCH(_xlpm.headerText, _xlpm.regA, 0), _xlpm.nextHeaderRow, _xlfn.AGGREGATE(15, 6, ROW(_xlpm.regA)/((LEFT(_xlpm.regA,19)="Dependent Variable:")*(ROW(_xlpm.regA)>_xlpm.headerRow)), 1), _xlpm.searchStart, _xlpm.headerRow, _xlpm.searchEnd, IF(ISERROR(_xlpm.nextHeaderRow), 300, _xlpm.nextHeaderRow-1), _xlpm.factorPos, _xlfn.AGGREGATE(15, 6, ROW(_xlpm.regB)/((_xlpm.regB=_xlpm.factorName)*(ROW(_xlpm.regB)>=_xlpm.searchStart)*(ROW(_xlpm.regB)<=_xlpm.searchEnd)), 1), IF(ISERROR(_xlpm.factorPos), 0, INDEX(_xlpm.regE, _xlpm.factorPos)) )} -> 0.12980782 | J4: {=_xlfn.LET( _xlpm.kpiName, J$2, _xlpm.factorName, $D4, _xlpm.headerText, "Dependent Variable: "&_xlpm.kpiName, _xlpm.regA, '2A Regression'!$A$1:$A$10000, _xlpm.regB, '2A Regression'!$B$1:$B$10000, _xlpm.regE, '2A Regression'!$E$1:$E$10000, _xlpm.headerRow, MATCH(_xlpm.headerText, _xlpm.regA, 0), _xlpm.nextHeaderRow, _xlfn.AGGREGATE(15, 6, ROW(_xlpm.regA)/((LEFT(_xlpm.regA,19)="Dependent Variable:")*(ROW(_xlpm.regA)>_xlpm.headerRow)), 1), _xlpm.searchStart, _xlpm.headerRow, _xlpm.searchEnd, IF(ISERROR(_xlpm.nextHeaderRow), 300, _xlpm.nextHeaderRow-1), _xlpm.factorPos, _xlfn.AGGREGATE(15, 6, ROW(_xlpm.regB)/((_xlpm.regB=_xlpm.factorName)*(ROW(_xlpm.regB)>=_xlpm.searchStart)*(ROW(_xlpm.regB)<=_xlpm.searchEnd)), 1), IF(ISERROR(_xlpm.factorPos), 0, INDEX(_xlpm.regE, _xlpm.factorPos)) )} -> 0 | K4: {=_xlfn.LET( _xlpm.kpiName, K$2, _xlpm.factorName, $D4, _xlpm.headerText, "Dependent Variable: "&_xlpm.kpiName, _xlpm.regA, '2A Regression'!$A$1:$A$10000, _xlpm.regB, '2A Regression'!$B$1:$B$10000, _xlpm.regE, '2A Regression'!$E$1:$E$10000, _xlpm.headerRow, MATCH(_xlpm.headerText, _xlpm.regA, 0), _xlpm.nextHeaderRow, _xlfn.AGGREGATE(15, 6, ROW(_xlpm.regA)/((LEFT(_xlpm.regA,19)="Dependent Variable:")*(ROW(_xlpm.regA)>_xlpm.headerRow)), 1), _xlpm.searchStart, _xlpm.headerRow, _xlpm.searchEnd, IF(ISERROR(_xlpm.nextHeaderRow), 300, _xlpm.nextHeaderRow-1), _xlpm.factorPos, _xlfn.AGGREGATE(15, 6, ROW(_xlpm.regB)/((_xlpm.regB=_xlpm.factorName)*(ROW(_xlpm.regB)>=_xlpm.searchStart)*(ROW(_xlpm.regB)<=_xlpm.searchEnd)), 1), IF(ISERROR(_xlpm.factorPos), 0, INDEX(_xlpm.regE, _xlpm.factorPos)) )} -> 0 | L4: {=_xlfn.LET( _xlpm.kpiName, L$2, _xlpm.factorName, $D4, _xlpm.headerText, "Dependent Variable: "&_xlpm.kpiName, _xlpm.regA, '2A Regression'!$A$1:$A$10000, _xlpm.regB, '2A Regression'!$B$1:$B$10000, _xlpm.regE, '2A Regression'!$E$1:$E$10000, _xlpm.headerRow, MATCH(_xlpm.headerText, _xlpm.regA, 0), _xlpm.nextHeaderRow, _xlfn.AGGREGATE(15, 6, ROW(_xlpm.regA)/((LEFT(_xlpm.regA,19)="Dependent Variable:")*(ROW(_xlpm.regA)>_xlpm.headerRow)), 1), _xlpm.searchStart, _xlpm.headerRow, _xlpm.searchEnd, IF(ISERROR(_xlpm.nextHeaderRow), 300, _xlpm.nextHeaderRow-1), _xlpm.factorPos, _xlfn.AGGREGATE(15, 6, ROW(_xlpm.regB)/((_xlpm.regB=_xlpm.factorName)*(ROW(_xlpm.regB)>=_xlpm.searchStart)*(ROW(_xlpm.regB)<=_xlpm.searchEnd)), 1), IF(ISERROR(_xlpm.factorPos), 0, INDEX(_xlpm.regE, _xlpm.factorPos)) )} -> 0 | ... X4: {=_xlfn.LET( _xlpm.kpiName, X$2, _xlpm.factorName, $D4, _xlpm.headerText, "Dependent Variable: "&_xlpm.kpiName, _xlpm.regA, '2A Regression'!$A$1:$A$10000, _xlpm.regB, '2A Regression'!$B$1:$B$10000, _xlpm.regE, '2A Regression'!$E$1:$E$10000, _xlpm.headerRow, MATCH(_xlpm.headerText, _xlpm.regA, 0), _xlpm.nextHeaderRow, _xlfn.AGGREGATE(15, 6, ROW(_xlpm.regA)/((LEFT(_xlpm.regA,19)="Dependent Variable:")*(ROW(_xlpm.regA)>_xlpm.headerRow)), 1), _xlpm.searchStart, _xlpm.headerRow, _xlpm.searchEnd, IF(ISERROR(_xlpm.nextHeaderRow), 300, _xlpm.nextHeaderRow-1), _xlpm.factorPos, _xlfn.AGGREGATE(15, 6, ROW(_xlpm.regB)/((_xlpm.regB=_xlpm.factorName)*(ROW(_xlpm.regB)>=_xlpm.searchStart)*(ROW(_xlpm.regB)<=_xlpm.searchEnd)), 1), IF(ISERROR(_xlpm.factorPos), 0, INDEX(_xlpm.regE, _xlpm.factorPos)) )} -> 0
D5: Factor3 | E5: {=_xlfn.LET( _xlpm.kpiName, E$2, _xlpm.factorName, $D5, _xlpm.headerText, "Dependent Variable: "&_xlpm.kpiName, _xlpm.regA, '2A Regression'!$A$1:$A$10000, _xlpm.regB, '2A Regression'!$B$1:$B$10000, _xlpm.regE, '2A Regression'!$E$1:$E$10000, _xlpm.headerRow, MATCH(_xlpm.headerText, _xlpm.regA, 0), _xlpm.nextHeaderRow, _xlfn.AGGREGATE(15, 6, ROW(_xlpm.regA)/((LEFT(_xlpm.regA,19)="Dependent Variable:")*(ROW(_xlpm.regA)>_xlpm.headerRow)), 1), _xlpm.searchStart, _xlpm.headerRow, _xlpm.searchEnd, IF(ISERROR(_xlpm.nextHeaderRow), 300, _xlpm.nextHeaderRow-1), _xlpm.factorPos, _xlfn.AGGREGATE(15, 6, ROW(_xlpm.regB)/((_xlpm.regB=_xlpm.factorName)*(ROW(_xlpm.regB)>=_xlpm.searchStart)*(ROW(_xlpm.regB)<=_xlpm.searchEnd)), 1), IF(ISERROR(_xlpm.factorPos), 0, INDEX(_xlpm.regE, _xlpm.factorPos)) )} -> 0.016392829 | F5: {=_xlfn.LET( _xlpm.kpiName, F$2, _xlpm.factorName, $D5, _xlpm.headerText, "Dependent Variable: "&_xlpm.kpiName, _xlpm.regA, '2A Regression'!$A$1:$A$10000, _xlpm.regB, '2A Regression'!$B$1:$B$10000, _xlpm.regE, '2A Regression'!$E$1:$E$10000, _xlpm.headerRow, MATCH(_xlpm.headerText, _xlpm.regA, 0), _xlpm.nextHeaderRow, _xlfn.AGGREGATE(15, 6, ROW(_xlpm.regA)/((LEFT(_xlpm.regA,19)="Dependent Variable:")*(ROW(_xlpm.regA)>_xlpm.headerRow)), 1), _xlpm.searchStart, _xlpm.headerRow, _xlpm.searchEnd, IF(ISERROR(_xlpm.nextHeaderRow), 300, _xlpm.nextHeaderRow-1), _xlpm.factorPos, _xlfn.AGGREGATE(15, 6, ROW(_xlpm.regB)/((_xlpm.regB=_xlpm.factorName)*(ROW(_xlpm.regB)>=_xlpm.searchStart)*(ROW(_xlpm.regB)<=_xlpm.searchEnd)), 1), IF(ISERROR(_xlpm.factorPos), 0, INDEX(_xlpm.regE, _xlpm.factorPos)) )} -> 0.0086612981 | G5: {=_xlfn.LET( _xlpm.kpiName, G$2, _xlpm.factorName, $D5, _xlpm.headerText, "Dependent Variable: "&_xlpm.kpiName, _xlpm.regA, '2A Regression'!$A$1:$A$10000, _xlpm.regB, '2A Regression'!$B$1:$B$10000, _xlpm.regE, '2A Regression'!$E$1:$E$10000, _xlpm.headerRow, MATCH(_xlpm.headerText, _xlpm.regA, 0), _xlpm.nextHeaderRow, _xlfn.AGGREGATE(15, 6, ROW(_xlpm.regA)/((LEFT(_xlpm.regA,19)="Dependent Variable:")*(ROW(_xlpm.regA)>_xlpm.headerRow)), 1), _xlpm.searchStart, _xlpm.headerRow, _xlpm.searchEnd, IF(ISERROR(_xlpm.nextHeaderRow), 300, _xlpm.nextHeaderRow-1), _xlpm.factorPos, _xlfn.AGGREGATE(15, 6, ROW(_xlpm.regB)/((_xlpm.regB=_xlpm.factorName)*(ROW(_xlpm.regB)>=_xlpm.searchStart)*(ROW(_xlpm.regB)<=_xlpm.searchEnd)), 1), IF(ISERROR(_xlpm.factorPos), 0, INDEX(_xlpm.regE, _xlpm.factorPos)) )} -> 0.016392829 | H5: {=_xlfn.LET( _xlpm.kpiName, H$2, _xlpm.factorName, $D5, _xlpm.headerText, "Dependent Variable: "&_xlpm.kpiName, _xlpm.regA, '2A Regression'!$A$1:$A$10000, _xlpm.regB, '2A Regression'!$B$1:$B$10000, _xlpm.regE, '2A Regression'!$E$1:$E$10000, _xlpm.headerRow, MATCH(_xlpm.headerText, _xlpm.regA, 0), _xlpm.nextHeaderRow, _xlfn.AGGREGATE(15, 6, ROW(_xlpm.regA)/((LEFT(_xlpm.regA,19)="Dependent Variable:")*(ROW(_xlpm.regA)>_xlpm.headerRow)), 1), _xlpm.searchStart, _xlpm.headerRow, _xlpm.searchEnd, IF(ISERROR(_xlpm.nextHeaderRow), 300, _xlpm.nextHeaderRow-1), _xlpm.factorPos, _xlfn.AGGREGATE(15, 6, ROW(_xlpm.regB)/((_xlpm.regB=_xlpm.factorName)*(ROW(_xlpm.regB)>=_xlpm.searchStart)*(ROW(_xlpm.regB)<=_xlpm.searchEnd)), 1), IF(ISERROR(_xlpm.factorPos), 0, INDEX(_xlpm.regE, _xlpm.factorPos)) )} -> 0.0086612981 | I5: {=_xlfn.LET( _xlpm.kpiName, I$2, _xlpm.factorName, $D5, _xlpm.headerText, "Dependent Variable: "&_xlpm.kpiName, _xlpm.regA, '2A Regression'!$A$1:$A$10000, _xlpm.regB, '2A Regression'!$B$1:$B$10000, _xlpm.regE, '2A Regression'!$E$1:$E$10000, _xlpm.headerRow, MATCH(_xlpm.headerText, _xlpm.regA, 0), _xlpm.nextHeaderRow, _xlfn.AGGREGATE(15, 6, ROW(_xlpm.regA)/((LEFT(_xlpm.regA,19)="Dependent Variable:")*(ROW(_xlpm.regA)>_xlpm.headerRow)), 1), _xlpm.searchStart, _xlpm.headerRow, _xlpm.searchEnd, IF(ISERROR(_xlpm.nextHeaderRow), 300, _xlpm.nextHeaderRow-1), _xlpm.factorPos, _xlfn.AGGREGATE(15, 6, ROW(_xlpm.regB)/((_xlpm.regB=_xlpm.factorName)*(ROW(_xlpm.regB)>=_xlpm.searchStart)*(ROW(_xlpm.regB)<=_xlpm.searchEnd)), 1), IF(ISERROR(_xlpm.factorPos), 0, INDEX(_xlpm.regE, _xlpm.factorPos)) )} -> 0.11539505 | J5: {=_xlfn.LET( _xlpm.kpiName, J$2, _xlpm.factorName, $D5, _xlpm.headerText, "Dependent Variable: "&_xlpm.kpiName, _xlpm.regA, '2A Regression'!$A$1:$A$10000, _xlpm.regB, '2A Regression'!$B$1:$B$10000, _xlpm.regE, '2A Regression'!$E$1:$E$10000, _xlpm.headerRow, MATCH(_xlpm.headerText, _xlpm.regA, 0), _xlpm.nextHeaderRow, _xlfn.AGGREGATE(15, 6, ROW(_xlpm.regA)/((LEFT(_xlpm.regA,19)="Dependent Variable:")*(ROW(_xlpm.regA)>_xlpm.headerRow)), 1), _xlpm.searchStart, _xlpm.headerRow, _xlpm.searchEnd, IF(ISERROR(_xlpm.nextHeaderRow), 300, _xlpm.nextHeaderRow-1), _xlpm.factorPos, _xlfn.AGGREGATE(15, 6, ROW(_xlpm.regB)/((_xlpm.regB=_xlpm.factorName)*(ROW(_xlpm.regB)>=_xlpm.searchStart)*(ROW(_xlpm.regB)<=_xlpm.searchEnd)), 1), IF(ISERROR(_xlpm.factorPos), 0, INDEX(_xlpm.regE, _xlpm.factorPos)) )} -> 0 | K5: {=_xlfn.LET( _xlpm.kpiName, K$2, _xlpm.factorName, $D5, _xlpm.headerText, "Dependent Variable: "&_xlpm.kpiName, _xlpm.regA, '2A Regression'!$A$1:$A$10000, _xlpm.regB, '2A Regression'!$B$1:$B$10000, _xlpm.regE, '2A Regression'!$E$1:$E$10000, _xlpm.headerRow, MATCH(_xlpm.headerText, _xlpm.regA, 0), _xlpm.nextHeaderRow, _xlfn.AGGREGATE(15, 6, ROW(_xlpm.regA)/((LEFT(_xlpm.regA,19)="Dependent Variable:")*(ROW(_xlpm.regA)>_xlpm.headerRow)), 1), _xlpm.searchStart, _xlpm.headerRow, _xlpm.searchEnd, IF(ISERROR(_xlpm.nextHeaderRow), 300, _xlpm.nextHeaderRow-1), _xlpm.factorPos, _xlfn.AGGREGATE(15, 6, ROW(_xlpm.regB)/((_xlpm.regB=_xlpm.factorName)*(ROW(_xlpm.regB)>=_xlpm.searchStart)*(ROW(_xlpm.regB)<=_xlpm.searchEnd)), 1), IF(ISERROR(_xlpm.factorPos), 0, INDEX(_xlpm.regE, _xlpm.factorPos)) )} -> 0 | L5: {=_xlfn.LET( _xlpm.kpiName, L$2, _xlpm.factorName, $D5, _xlpm.headerText, "Dependent Variable: "&_xlpm.kpiName, _xlpm.regA, '2A Regression'!$A$1:$A$10000, _xlpm.regB, '2A Regression'!$B$1:$B$10000, _xlpm.regE, '2A Regression'!$E$1:$E$10000, _xlpm.headerRow, MATCH(_xlpm.headerText, _xlpm.regA, 0), _xlpm.nextHeaderRow, _xlfn.AGGREGATE(15, 6, ROW(_xlpm.regA)/((LEFT(_xlpm.regA,19)="Dependent Variable:")*(ROW(_xlpm.regA)>_xlpm.headerRow)), 1), _xlpm.searchStart, _xlpm.headerRow, _xlpm.searchEnd, IF(ISERROR(_xlpm.nextHeaderRow), 300, _xlpm.nextHeaderRow-1), _xlpm.factorPos, _xlfn.AGGREGATE(15, 6, ROW(_xlpm.regB)/((_xlpm.regB=_xlpm.factorName)*(ROW(_xlpm.regB)>=_xlpm.searchStart)*(ROW(_xlpm.regB)<=_xlpm.searchEnd)), 1), IF(ISERROR(_xlpm.factorPos), 0, INDEX(_xlpm.regE, _xlpm.factorPos)) )} -> 0 | ... X5: {=_xlfn.LET( _xlpm.kpiName, X$2, _xlpm.factorName, $D5, _xlpm.headerText, "Dependent Variable: "&_xlpm.kpiName, _xlpm.regA, '2A Regression'!$A$1:$A$10000, _xlpm.regB, '2A Regression'!$B$1:$B$10000, _xlpm.regE, '2A Regression'!$E$1:$E$10000, _xlpm.headerRow, MATCH(_xlpm.headerText, _xlpm.regA, 0), _xlpm.nextHeaderRow, _xlfn.AGGREGATE(15, 6, ROW(_xlpm.regA)/((LEFT(_xlpm.regA,19)="Dependent Variable:")*(ROW(_xlpm.regA)>_xlpm.headerRow)), 1), _xlpm.searchStart, _xlpm.headerRow, _xlpm.searchEnd, IF(ISERROR(_xlpm.nextHeaderRow), 300, _xlpm.nextHeaderRow-1), _xlpm.factorPos, _xlfn.AGGREGATE(15, 6, ROW(_xlpm.regB)/((_xlpm.regB=_xlpm.factorName)*(ROW(_xlpm.regB)>=_xlpm.searchStart)*(ROW(_xlpm.regB)<=_xlpm.searchEnd)), 1), IF(ISERROR(_xlpm.factorPos), 0, INDEX(_xlpm.regE, _xlpm.factorPos)) )} -> 0
D6: Factor4 | E6: {=_xlfn.LET( _xlpm.kpiName, E$2, _xlpm.factorName, $D6, _xlpm.headerText, "Dependent Variable: "&_xlpm.kpiName, _xlpm.regA, '2A Regression'!$A$1:$A$10000, _xlpm.regB, '2A Regression'!$B$1:$B$10000, _xlpm.regE, '2A Regression'!$E$1:$E$10000, _xlpm.headerRow, MATCH(_xlpm.headerText, _xlpm.regA, 0), _xlpm.nextHeaderRow, _xlfn.AGGREGATE(15, 6, ROW(_xlpm.regA)/((LEFT(_xlpm.regA,19)="Dependent Variable:")*(ROW(_xlpm.regA)>_xlpm.headerRow)), 1), _xlpm.searchStart, _xlpm.headerRow, _xlpm.searchEnd, IF(ISERROR(_xlpm.nextHeaderRow), 300, _xlpm.nextHeaderRow-1), _xlpm.factorPos, _xlfn.AGGREGATE(15, 6, ROW(_xlpm.regB)/((_xlpm.regB=_xlpm.factorName)*(ROW(_xlpm.regB)>=_xlpm.searchStart)*(ROW(_xlpm.regB)<=_xlpm.searchEnd)), 1), IF(ISERROR(_xlpm.factorPos), 0, INDEX(_xlpm.regE, _xlpm.factorPos)) )} -> 0.041680188 | F6: {=_xlfn.LET( _xlpm.kpiName, F$2, _xlpm.factorName, $D6, _xlpm.headerText, "Dependent Variable: "&_xlpm.kpiName, _xlpm.regA, '2A Regression'!$A$1:$A$10000, _xlpm.regB, '2A Regression'!$B$1:$B$10000, _xlpm.regE, '2A Regression'!$E$1:$E$10000, _xlpm.headerRow, MATCH(_xlpm.headerText, _xlpm.regA, 0), _xlpm.nextHeaderRow, _xlfn.AGGREGATE(15, 6, ROW(_xlpm.regA)/((LEFT(_xlpm.regA,19)="Dependent Variable:")*(ROW(_xlpm.regA)>_xlpm.headerRow)), 1), _xlpm.searchStart, _xlpm.headerRow, _xlpm.searchEnd, IF(ISERROR(_xlpm.nextHeaderRow), 300, _xlpm.nextHeaderRow-1), _xlpm.factorPos, _xlfn.AGGREGATE(15, 6, ROW(_xlpm.regB)/((_xlpm.regB=_xlpm.factorName)*(ROW(_xlpm.regB)>=_xlpm.searchStart)*(ROW(_xlpm.regB)<=_xlpm.searchEnd)), 1), IF(ISERROR(_xlpm.factorPos), 0, INDEX(_xlpm.regE, _xlpm.factorPos)) )} -> 0.051583245 | G6: {=_xlfn.LET( _xlpm.kpiName, G$2, _xlpm.factorName, $D6, _xlpm.headerText, "Dependent Variable: "&_xlpm.kpiName, _xlpm.regA, '2A Regression'!$A$1:$A$10000, _xlpm.regB, '2A Regression'!$B$1:$B$10000, _xlpm.regE, '2A Regression'!$E$1:$E$10000, _xlpm.headerRow, MATCH(_xlpm.headerText, _xlpm.regA, 0), _xlpm.nextHeaderRow, _xlfn.AGGREGATE(15, 6, ROW(_xlpm.regA)/((LEFT(_xlpm.regA,19)="Dependent Variable:")*(ROW(_xlpm.regA)>_xlpm.headerRow)), 1), _xlpm.searchStart, _xlpm.headerRow, _xlpm.searchEnd, IF(ISERROR(_xlpm.nextHeaderRow), 300, _xlpm.nextHeaderRow-1), _xlpm.factorPos, _xlfn.AGGREGATE(15, 6, ROW(_xlpm.regB)/((_xlpm.regB=_xlpm.factorName)*(ROW(_xlpm.regB)>=_xlpm.searchStart)*(ROW(_xlpm.regB)<=_xlpm.searchEnd)), 1), IF(ISERROR(_xlpm.factorPos), 0, INDEX(_xlpm.regE, _xlpm.factorPos)) )} -> 0.041680188 | H6: {=_xlfn.LET( _xlpm.kpiName, H$2, _xlpm.factorName, $D6, _xlpm.headerText, "Dependent Variable: "&_xlpm.kpiName, _xlpm.regA, '2A Regression'!$A$1:$A$10000, _xlpm.regB, '2A Regression'!$B$1:$B$10000, _xlpm.regE, '2A Regression'!$E$1:$E$10000, _xlpm.headerRow, MATCH(_xlpm.headerText, _xlpm.regA, 0), _xlpm.nextHeaderRow, _xlfn.AGGREGATE(15, 6, ROW(_xlpm.regA)/((LEFT(_xlpm.regA,19)="Dependent Variable:")*(ROW(_xlpm.regA)>_xlpm.headerRow)), 1), _xlpm.searchStart, _xlpm.headerRow, _xlpm.searchEnd, IF(ISERROR(_xlpm.nextHeaderRow), 300, _xlpm.nextHeaderRow-1), _xlpm.factorPos, _xlfn.AGGREGATE(15, 6, ROW(_xlpm.regB)/((_xlpm.regB=_xlpm.factorName)*(ROW(_xlpm.regB)>=_xlpm.searchStart)*(ROW(_xlpm.regB)<=_xlpm.searchEnd)), 1), IF(ISERROR(_xlpm.factorPos), 0, INDEX(_xlpm.regE, _xlpm.factorPos)) )} -> 0.051583245 | I6: {=_xlfn.LET( _xlpm.kpiName, I$2, _xlpm.factorName, $D6, _xlpm.headerText, "Dependent Variable: "&_xlpm.kpiName, _xlpm.regA, '2A Regression'!$A$1:$A$10000, _xlpm.regB, '2A Regression'!$B$1:$B$10000, _xlpm.regE, '2A Regression'!$E$1:$E$10000, _xlpm.headerRow, MATCH(_xlpm.headerText, _xlpm.regA, 0), _xlpm.nextHeaderRow, _xlfn.AGGREGATE(15, 6, ROW(_xlpm.regA)/((LEFT(_xlpm.regA,19)="Dependent Variable:")*(ROW(_xlpm.regA)>_xlpm.headerRow)), 1), _xlpm.searchStart, _xlpm.headerRow, _xlpm.searchEnd, IF(ISERROR(_xlpm.nextHeaderRow), 300, _xlpm.nextHeaderRow-1), _xlpm.factorPos, _xlfn.AGGREGATE(15, 6, ROW(_xlpm.regB)/((_xlpm.regB=_xlpm.factorName)*(ROW(_xlpm.regB)>=_xlpm.searchStart)*(ROW(_xlpm.regB)<=_xlpm.searchEnd)), 1), IF(ISERROR(_xlpm.factorPos), 0, INDEX(_xlpm.regE, _xlpm.factorPos)) )} -> 0.19913856 | J6: {=_xlfn.LET( _xlpm.kpiName, J$2, _xlpm.factorName, $D6, _xlpm.headerText, "Dependent Variable: "&_xlpm.kpiName, _xlpm.regA, '2A Regression'!$A$1:$A$10000, _xlpm.regB, '2A Regression'!$B$1:$B$10000, _xlpm.regE, '2A Regression'!$E$1:$E$10000, _xlpm.headerRow, MATCH(_xlpm.headerText, _xlpm.regA, 0), _xlpm.nextHeaderRow, _xlfn.AGGREGATE(15, 6, ROW(_xlpm.regA)/((LEFT(_xlpm.regA,19)="Dependent Variable:")*(ROW(_xlpm.regA)>_xlpm.headerRow)), 1), _xlpm.searchStart, _xlpm.headerRow, _xlpm.searchEnd, IF(ISERROR(_xlpm.nextHeaderRow), 300, _xlpm.nextHeaderRow-1), _xlpm.factorPos, _xlfn.AGGREGATE(15, 6, ROW(_xlpm.regB)/((_xlpm.regB=_xlpm.factorName)*(ROW(_xlpm.regB)>=_xlpm.searchStart)*(ROW(_xlpm.regB)<=_xlpm.searchEnd)), 1), IF(ISERROR(_xlpm.factorPos), 0, INDEX(_xlpm.regE, _xlpm.factorPos)) )} -> 0 | K6: {=_xlfn.LET( _xlpm.kpiName, K$2, _xlpm.factorName, $D6, _xlpm.headerText, "Dependent Variable: "&_xlpm.kpiName, _xlpm.regA, '2A Regression'!$A$1:$A$10000, _xlpm.regB, '2A Regression'!$B$1:$B$10000, _xlpm.regE, '2A Regression'!$E$1:$E$10000, _xlpm.headerRow, MATCH(_xlpm.headerText, _xlpm.regA, 0), _xlpm.nextHeaderRow, _xlfn.AGGREGATE(15, 6, ROW(_xlpm.regA)/((LEFT(_xlpm.regA,19)="Dependent Variable:")*(ROW(_xlpm.regA)>_xlpm.headerRow)), 1), _xlpm.searchStart, _xlpm.headerRow, _xlpm.searchEnd, IF(ISERROR(_xlpm.nextHeaderRow), 300, _xlpm.nextHeaderRow-1), _xlpm.factorPos, _xlfn.AGGREGATE(15, 6, ROW(_xlpm.regB)/((_xlpm.regB=_xlpm.factorName)*(ROW(_xlpm.regB)>=_xlpm.searchStart)*(ROW(_xlpm.regB)<=_xlpm.searchEnd)), 1), IF(ISERROR(_xlpm.factorPos), 0, INDEX(_xlpm.regE, _xlpm.factorPos)) )} -> 0 | L6: {=_xlfn.LET( _xlpm.kpiName, L$2, _xlpm.factorName, $D6, _xlpm.headerText, "Dependent Variable: "&_xlpm.kpiName, _xlpm.regA, '2A Regression'!$A$1:$A$10000, _xlpm.regB, '2A Regression'!$B$1:$B$10000, _xlpm.regE, '2A Regression'!$E$1:$E$10000, _xlpm.headerRow, MATCH(_xlpm.headerText, _xlpm.regA, 0), _xlpm.nextHeaderRow, _xlfn.AGGREGATE(15, 6, ROW(_xlpm.regA)/((LEFT(_xlpm.regA,19)="Dependent Variable:")*(ROW(_xlpm.regA)>_xlpm.headerRow)), 1), _xlpm.searchStart, _xlpm.headerRow, _xlpm.searchEnd, IF(ISERROR(_xlpm.nextHeaderRow), 300, _xlpm.nextHeaderRow-1), _xlpm.factorPos, _xlfn.AGGREGATE(15, 6, ROW(_xlpm.regB)/((_xlpm.regB=_xlpm.factorName)*(ROW(_xlpm.regB)>=_xlpm.searchStart)*(ROW(_xlpm.regB)<=_xlpm.searchEnd)), 1), IF(ISERROR(_xlpm.factorPos), 0, INDEX(_xlpm.regE, _xlpm.factorPos)) )} -> 0 | ... X6: {=_xlfn.LET( _xlpm.kpiName, X$2, _xlpm.factorName, $D6, _xlpm.headerText, "Dependent Variable: "&_xlpm.kpiName, _xlpm.regA, '2A Regression'!$A$1:$A$10000, _xlpm.regB, '2A Regression'!$B$1:$B$10000, _xlpm.regE, '2A Regression'!$E$1:$E$10000, _xlpm.headerRow, MATCH(_xlpm.headerText, _xlpm.regA, 0), _xlpm.nextHeaderRow, _xlfn.AGGREGATE(15, 6, ROW(_xlpm.regA)/((LEFT(_xlpm.regA,19)="Dependent Variable:")*(ROW(_xlpm.regA)>_xlpm.headerRow)), 1), _xlpm.searchStart, _xlpm.headerRow, _xlpm.searchEnd, IF(ISERROR(_xlpm.nextHeaderRow), 300, _xlpm.nextHeaderRow-1), _xlpm.factorPos, _xlfn.AGGREGATE(15, 6, ROW(_xlpm.regB)/((_xlpm.regB=_xlpm.factorName)*(ROW(_xlpm.regB)>=_xlpm.searchStart)*(ROW(_xlpm.regB)<=_xlpm.searchEnd)), 1), IF(ISERROR(_xlpm.factorPos), 0, INDEX(_xlpm.regE, _xlpm.factorPos)) )} -> 0
D7: Factor5 | E7: {=_xlfn.LET( _xlpm.kpiName, E$2, _xlpm.factorName, $D7, _xlpm.headerText, "Dependent Variable: "&_xlpm.kpiName, _xlpm.regA, '2A Regression'!$A$1:$A$10000, _xlpm.regB, '2A Regression'!$B$1:$B$10000, _xlpm.regE, '2A Regression'!$E$1:$E$10000, _xlpm.headerRow, MATCH(_xlpm.headerText, _xlpm.regA, 0), _xlpm.nextHeaderRow, _xlfn.AGGREGATE(15, 6, ROW(_xlpm.regA)/((LEFT(_xlpm.regA,19)="Dependent Variable:")*(ROW(_xlpm.regA)>_xlpm.headerRow)), 1), _xlpm.searchStart, _xlpm.headerRow, _xlpm.searchEnd, IF(ISERROR(_xlpm.nextHeaderRow), 300, _xlpm.nextHeaderRow-1), _xlpm.factorPos, _xlfn.AGGREGATE(15, 6, ROW(_xlpm.regB)/((_xlpm.regB=_xlpm.factorName)*(ROW(_xlpm.regB)>=_xlpm.searchStart)*(ROW(_xlpm.regB)<=_xlpm.searchEnd)), 1), IF(ISERROR(_xlpm.factorPos), 0, INDEX(_xlpm.regE, _xlpm.factorPos)) )} -> 0.016505501 | F7: {=_xlfn.LET( _xlpm.kpiName, F$2, _xlpm.factorName, $D7, _xlpm.headerText, "Dependent Variable: "&_xlpm.kpiName, _xlpm.regA, '2A Regression'!$A$1:$A$10000, _xlpm.regB, '2A Regression'!$B$1:$B$10000, _xlpm.regE, '2A Regression'!$E$1:$E$10000, _xlpm.headerRow, MATCH(_xlpm.headerText, _xlpm.regA, 0), _xlpm.nextHeaderRow, _xlfn.AGGREGATE(15, 6, ROW(_xlpm.regA)/((LEFT(_xlpm.regA,19)="Dependent Variable:")*(ROW(_xlpm.regA)>_xlpm.headerRow)), 1), _xlpm.searchStart, _xlpm.headerRow, _xlpm.searchEnd, IF(ISERROR(_xlpm.nextHeaderRow), 300, _xlpm.nextHeaderRow-1), _xlpm.factorPos, _xlfn.AGGREGATE(15, 6, ROW(_xlpm.regB)/((_xlpm.regB=_xlpm.factorName)*(ROW(_xlpm.regB)>=_xlpm.searchStart)*(ROW(_xlpm.regB)<=_xlpm.searchEnd)), 1), IF(ISERROR(_xlpm.factorPos), 0, INDEX(_xlpm.regE, _xlpm.factorPos)) )} -> 0.047244238 | G7: {=_xlfn.LET( _xlpm.kpiName, G$2, _xlpm.factorName, $D7, _xlpm.headerText, "Dependent Variable: "&_xlpm.kpiName, _xlpm.regA, '2A Regression'!$A$1:$A$10000, _xlpm.regB, '2A Regression'!$B$1:$B$10000, _xlpm.regE, '2A Regression'!$E$1:$E$10000, _xlpm.headerRow, MATCH(_xlpm.headerText, _xlpm.regA, 0), _xlpm.nextHeaderRow, _xlfn.AGGREGATE(15, 6, ROW(_xlpm.regA)/((LEFT(_xlpm.regA,19)="Dependent Variable:")*(ROW(_xlpm.regA)>_xlpm.headerRow)), 1), _xlpm.searchStart, _xlpm.headerRow, _xlpm.searchEnd, IF(ISERROR(_xlpm.nextHeaderRow), 300, _xlpm.nextHeaderRow-1), _xlpm.factorPos, _xlfn.AGGREGATE(15, 6, ROW(_xlpm.regB)/((_xlpm.regB=_xlpm.factorName)*(ROW(_xlpm.regB)>=_xlpm.searchStart)*(ROW(_xlpm.regB)<=_xlpm.searchEnd)), 1), IF(ISERROR(_xlpm.factorPos), 0, INDEX(_xlpm.regE, _xlpm.factorPos)) )} -> 0.016505501 | H7: {=_xlfn.LET( _xlpm.kpiName, H$2, _xlpm.factorName, $D7, _xlpm.headerText, "Dependent Variable: "&_xlpm.kpiName, _xlpm.regA, '2A Regression'!$A$1:$A$10000, _xlpm.regB, '2A Regression'!$B$1:$B$10000, _xlpm.regE, '2A Regression'!$E$1:$E$10000, _xlpm.headerRow, MATCH(_xlpm.headerText, _xlpm.regA, 0), _xlpm.nextHeaderRow, _xlfn.AGGREGATE(15, 6, ROW(_xlpm.regA)/((LEFT(_xlpm.regA,19)="Dependent Variable:")*(ROW(_xlpm.regA)>_xlpm.headerRow)), 1), _xlpm.searchStart, _xlpm.headerRow, _xlpm.searchEnd, IF(ISERROR(_xlpm.nextHeaderRow), 300, _xlpm.nextHeaderRow-1), _xlpm.factorPos, _xlfn.AGGREGATE(15, 6, ROW(_xlpm.regB)/((_xlpm.regB=_xlpm.factorName)*(ROW(_xlpm.regB)>=_xlpm.searchStart)*(ROW(_xlpm.regB)<=_xlpm.searchEnd)), 1), IF(ISERROR(_xlpm.factorPos), 0, INDEX(_xlpm.regE, _xlpm.factorPos)) )} -> 0.047244238 | I7: {=_xlfn.LET( _xlpm.kpiName, I$2, _xlpm.factorName, $D7, _xlpm.headerText, "Dependent Variable: "&_xlpm.kpiName, _xlpm.regA, '2A Regression'!$A$1:$A$10000, _xlpm.regB, '2A Regression'!$B$1:$B$10000, _xlpm.regE, '2A Regression'!$E$1:$E$10000, _xlpm.headerRow, MATCH(_xlpm.headerText, _xlpm.regA, 0), _xlpm.nextHeaderRow, _xlfn.AGGREGATE(15, 6, ROW(_xlpm.regA)/((LEFT(_xlpm.regA,19)="Dependent Variable:")*(ROW(_xlpm.regA)>_xlpm.headerRow)), 1), _xlpm.searchStart, _xlpm.headerRow, _xlpm.searchEnd, IF(ISERROR(_xlpm.nextHeaderRow), 300, _xlpm.nextHeaderRow-1), _xlpm.factorPos, _xlfn.AGGREGATE(15, 6, ROW(_xlpm.regB)/((_xlpm.regB=_xlpm.factorName)*(ROW(_xlpm.regB)>=_xlpm.searchStart)*(ROW(_xlpm.regB)<=_xlpm.searchEnd)), 1), IF(ISERROR(_xlpm.factorPos), 0, INDEX(_xlpm.regE, _xlpm.factorPos)) )} -> 0.12130729 | J7: {=_xlfn.LET( _xlpm.kpiName, J$2, _xlpm.factorName, $D7, _xlpm.headerText, "Dependent Variable: "&_xlpm.kpiName, _xlpm.regA, '2A Regression'!$A$1:$A$10000, _xlpm.regB, '2A Regression'!$B$1:$B$10000, _xlpm.regE, '2A Regression'!$E$1:$E$10000, _xlpm.headerRow, MATCH(_xlpm.headerText, _xlpm.regA, 0), _xlpm.nextHeaderRow, _xlfn.AGGREGATE(15, 6, ROW(_xlpm.regA)/((LEFT(_xlpm.regA,19)="Dependent Variable:")*(ROW(_xlpm.regA)>_xlpm.headerRow)), 1), _xlpm.searchStart, _xlpm.headerRow, _xlpm.searchEnd, IF(ISERROR(_xlpm.nextHeaderRow), 300, _xlpm.nextHeaderRow-1), _xlpm.factorPos, _xlfn.AGGREGATE(15, 6, ROW(_xlpm.regB)/((_xlpm.regB=_xlpm.factorName)*(ROW(_xlpm.regB)>=_xlpm.searchStart)*(ROW(_xlpm.regB)<=_xlpm.searchEnd)), 1), IF(ISERROR(_xlpm.factorPos), 0, INDEX(_xlpm.regE, _xlpm.factorPos)) )} -> 0 | K7: {=_xlfn.LET( _xlpm.kpiName, K$2, _xlpm.factorName, $D7, _xlpm.headerText, "Dependent Variable: "&_xlpm.kpiName, _xlpm.regA, '2A Regression'!$A$1:$A$10000, _xlpm.regB, '2A Regression'!$B$1:$B$10000, _xlpm.regE, '2A Regression'!$E$1:$E$10000, _xlpm.headerRow, MATCH(_xlpm.headerText, _xlpm.regA, 0), _xlpm.nextHeaderRow, _xlfn.AGGREGATE(15, 6, ROW(_xlpm.regA)/((LEFT(_xlpm.regA,19)="Dependent Variable:")*(ROW(_xlpm.regA)>_xlpm.headerRow)), 1), _xlpm.searchStart, _xlpm.headerRow, _xlpm.searchEnd, IF(ISERROR(_xlpm.nextHeaderRow), 300, _xlpm.nextHeaderRow-1), _xlpm.factorPos, _xlfn.AGGREGATE(15, 6, ROW(_xlpm.regB)/((_xlpm.regB=_xlpm.factorName)*(ROW(_xlpm.regB)>=_xlpm.searchStart)*(ROW(_xlpm.regB)<=_xlpm.searchEnd)), 1), IF(ISERROR(_xlpm.factorPos), 0, INDEX(_xlpm.regE, _xlpm.factorPos)) )} -> 0 | L7: {=_xlfn.LET( _xlpm.kpiName, L$2, _xlpm.factorName, $D7, _xlpm.headerText, "Dependent Variable: "&_xlpm.kpiName, _xlpm.regA, '2A Regression'!$A$1:$A$10000, _xlpm.regB, '2A Regression'!$B$1:$B$10000, _xlpm.regE, '2A Regression'!$E$1:$E$10000, _xlpm.headerRow, MATCH(_xlpm.headerText, _xlpm.regA, 0), _xlpm.nextHeaderRow, _xlfn.AGGREGATE(15, 6, ROW(_xlpm.regA)/((LEFT(_xlpm.regA,19)="Dependent Variable:")*(ROW(_xlpm.regA)>_xlpm.headerRow)), 1), _xlpm.searchStart, _xlpm.headerRow, _xlpm.searchEnd, IF(ISERROR(_xlpm.nextHeaderRow), 300, _xlpm.nextHeaderRow-1), _xlpm.factorPos, _xlfn.AGGREGATE(15, 6, ROW(_xlpm.regB)/((_xlpm.regB=_xlpm.factorName)*(ROW(_xlpm.regB)>=_xlpm.searchStart)*(ROW(_xlpm.regB)<=_xlpm.searchEnd)), 1), IF(ISERROR(_xlpm.factorPos), 0, INDEX(_xlpm.regE, _xlpm.factorPos)) )} -> 0 | ... X7: {=_xlfn.LET( _xlpm.kpiName, X$2, _xlpm.factorName, $D7, _xlpm.headerText, "Dependent Variable: "&_xlpm.kpiName, _xlpm.regA, '2A Regression'!$A$1:$A$10000, _xlpm.regB, '2A Regression'!$B$1:$B$10000, _xlpm.regE, '2A Regression'!$E$1:$E$10000, _xlpm.headerRow, MATCH(_xlpm.headerText, _xlpm.regA, 0), _xlpm.nextHeaderRow, _xlfn.AGGREGATE(15, 6, ROW(_xlpm.regA)/((LEFT(_xlpm.regA,19)="Dependent Variable:")*(ROW(_xlpm.regA)>_xlpm.headerRow)), 1), _xlpm.searchStart, _xlpm.headerRow, _xlpm.searchEnd, IF(ISERROR(_xlpm.nextHeaderRow), 300, _xlpm.nextHeaderRow-1), _xlpm.factorPos, _xlfn.AGGREGATE(15, 6, ROW(_xlpm.regB)/((_xlpm.regB=_xlpm.factorName)*(ROW(_xlpm.regB)>=_xlpm.searchStart)*(ROW(_xlpm.regB)<=_xlpm.searchEnd)), 1), IF(ISERROR(_xlpm.factorPos), 0, INDEX(_xlpm.regE, _xlpm.factorPos)) )} -> 0
A8: 如果是，请输入Brand dispo对应的在sav数据中的变量信息 | D8: Factor6 | E8: {=_xlfn.LET( _xlpm.kpiName, E$2, _xlpm.factorName, $D8, _xlpm.headerText, "Dependent Variable: "&_xlpm.kpiName, _xlpm.regA, '2A Regression'!$A$1:$A$10000, _xlpm.regB, '2A Regression'!$B$1:$B$10000, _xlpm.regE, '2A Regression'!$E$1:$E$10000, _xlpm.headerRow, MATCH(_xlpm.headerText, _xlpm.regA, 0), _xlpm.nextHeaderRow, _xlfn.AGGREGATE(15, 6, ROW(_xlpm.regA)/((LEFT(_xlpm.regA,19)="Dependent Variable:")*(ROW(_xlpm.regA)>_xlpm.headerRow)), 1), _xlpm.searchStart, _xlpm.headerRow, _xlpm.searchEnd, IF(ISERROR(_xlpm.nextHeaderRow), 300, _xlpm.nextHeaderRow-1), _xlpm.factorPos, _xlfn.AGGREGATE(15, 6, ROW(_xlpm.regB)/((_xlpm.regB=_xlpm.factorName)*(ROW(_xlpm.regB)>=_xlpm.searchStart)*(ROW(_xlpm.regB)<=_xlpm.searchEnd)), 1), IF(ISERROR(_xlpm.factorPos), 0, INDEX(_xlpm.regE, _xlpm.factorPos)) )} -> 0.031807987 | F8: {=_xlfn.LET( _xlpm.kpiName, F$2, _xlpm.factorName, $D8, _xlpm.headerText, "Dependent Variable: "&_xlpm.kpiName, _xlpm.regA, '2A Regression'!$A$1:$A$10000, _xlpm.regB, '2A Regression'!$B$1:$B$10000, _xlpm.regE, '2A Regression'!$E$1:$E$10000, _xlpm.headerRow, MATCH(_xlpm.headerText, _xlpm.regA, 0), _xlpm.nextHeaderRow, _xlfn.AGGREGATE(15, 6, ROW(_xlpm.regA)/((LEFT(_xlpm.regA,19)="Dependent Variable:")*(ROW(_xlpm.regA)>_xlpm.headerRow)), 1), _xlpm.searchStart, _xlpm.headerRow, _xlpm.searchEnd, IF(ISERROR(_xlpm.nextHeaderRow), 300, _xlpm.nextHeaderRow-1), _xlpm.factorPos, _xlfn.AGGREGATE(15, 6, ROW(_xlpm.regB)/((_xlpm.regB=_xlpm.factorName)*(ROW(_xlpm.regB)>=_xlpm.searchStart)*(ROW(_xlpm.regB)<=_xlpm.searchEnd)), 1), IF(ISERROR(_xlpm.factorPos), 0, INDEX(_xlpm.regE, _xlpm.factorPos)) )} -> 0.034250871 | G8: {=_xlfn.LET( _xlpm.kpiName, G$2, _xlpm.factorName, $D8, _xlpm.headerText, "Dependent Variable: "&_xlpm.kpiName, _xlpm.regA, '2A Regression'!$A$1:$A$10000, _xlpm.regB, '2A Regression'!$B$1:$B$10000, _xlpm.regE, '2A Regression'!$E$1:$E$10000, _xlpm.headerRow, MATCH(_xlpm.headerText, _xlpm.regA, 0), _xlpm.nextHeaderRow, _xlfn.AGGREGATE(15, 6, ROW(_xlpm.regA)/((LEFT(_xlpm.regA,19)="Dependent Variable:")*(ROW(_xlpm.regA)>_xlpm.headerRow)), 1), _xlpm.searchStart, _xlpm.headerRow, _xlpm.searchEnd, IF(ISERROR(_xlpm.nextHeaderRow), 300, _xlpm.nextHeaderRow-1), _xlpm.factorPos, _xlfn.AGGREGATE(15, 6, ROW(_xlpm.regB)/((_xlpm.regB=_xlpm.factorName)*(ROW(_xlpm.regB)>=_xlpm.searchStart)*(ROW(_xlpm.regB)<=_xlpm.searchEnd)), 1), IF(ISERROR(_xlpm.factorPos), 0, INDEX(_xlpm.regE, _xlpm.factorPos)) )} -> 0.031807987 | H8: {=_xlfn.LET( _xlpm.kpiName, H$2, _xlpm.factorName, $D8, _xlpm.headerText, "Dependent Variable: "&_xlpm.kpiName, _xlpm.regA, '2A Regression'!$A$1:$A$10000, _xlpm.regB, '2A Regression'!$B$1:$B$10000, _xlpm.regE, '2A Regression'!$E$1:$E$10000, _xlpm.headerRow, MATCH(_xlpm.headerText, _xlpm.regA, 0), _xlpm.nextHeaderRow, _xlfn.AGGREGATE(15, 6, ROW(_xlpm.regA)/((LEFT(_xlpm.regA,19)="Dependent Variable:")*(ROW(_xlpm.regA)>_xlpm.headerRow)), 1), _xlpm.searchStart, _xlpm.headerRow, _xlpm.searchEnd, IF(ISERROR(_xlpm.nextHeaderRow), 300, _xlpm.nextHeaderRow-1), _xlpm.factorPos, _xlfn.AGGREGATE(15, 6, ROW(_xlpm.regB)/((_xlpm.regB=_xlpm.factorName)*(ROW(_xlpm.regB)>=_xlpm.searchStart)*(ROW(_xlpm.regB)<=_xlpm.searchEnd)), 1), IF(ISERROR(_xlpm.factorPos), 0, INDEX(_xlpm.regE, _xlpm.factorPos)) )} -> 0.034250871 | I8: {=_xlfn.LET( _xlpm.kpiName, I$2, _xlpm.factorName, $D8, _xlpm.headerText, "Dependent Variable: "&_xlpm.kpiName, _xlpm.regA, '2A Regression'!$A$1:$A$10000, _xlpm.regB, '2A Regression'!$B$1:$B$10000, _xlpm.regE, '2A Regression'!$E$1:$E$10000, _xlpm.headerRow, MATCH(_xlpm.headerText, _xlpm.regA, 0), _xlpm.nextHeaderRow, _xlfn.AGGREGATE(15, 6, ROW(_xlpm.regA)/((LEFT(_xlpm.regA,19)="Dependent Variable:")*(ROW(_xlpm.regA)>_xlpm.headerRow)), 1), _xlpm.searchStart, _xlpm.headerRow, _xlpm.searchEnd, IF(ISERROR(_xlpm.nextHeaderRow), 300, _xlpm.nextHeaderRow-1), _xlpm.factorPos, _xlfn.AGGREGATE(15, 6, ROW(_xlpm.regB)/((_xlpm.regB=_xlpm.factorName)*(ROW(_xlpm.regB)>=_xlpm.searchStart)*(ROW(_xlpm.regB)<=_xlpm.searchEnd)), 1), IF(ISERROR(_xlpm.factorPos), 0, INDEX(_xlpm.regE, _xlpm.factorPos)) )} -> 0.10650928 | J8: {=_xlfn.LET( _xlpm.kpiName, J$2, _xlpm.factorName, $D8, _xlpm.headerText, "Dependent Variable: "&_xlpm.kpiName, _xlpm.regA, '2A Regression'!$A$1:$A$10000, _xlpm.regB, '2A Regression'!$B$1:$B$10000, _xlpm.regE, '2A Regression'!$E$1:$E$10000, _xlpm.headerRow, MATCH(_xlpm.headerText, _xlpm.regA, 0), _xlpm.nextHeaderRow, _xlfn.AGGREGATE(15, 6, ROW(_xlpm.regA)/((LEFT(_xlpm.regA,19)="Dependent Variable:")*(ROW(_xlpm.regA)>_xlpm.headerRow)), 1), _xlpm.searchStart, _xlpm.headerRow, _xlpm.searchEnd, IF(ISERROR(_xlpm.nextHeaderRow), 300, _xlpm.nextHeaderRow-1), _xlpm.factorPos, _xlfn.AGGREGATE(15, 6, ROW(_xlpm.regB)/((_xlpm.regB=_xlpm.factorName)*(ROW(_xlpm.regB)>=_xlpm.searchStart)*(ROW(_xlpm.regB)<=_xlpm.searchEnd)), 1), IF(ISERROR(_xlpm.factorPos), 0, INDEX(_xlpm.regE, _xlpm.factorPos)) )} -> 0 | K8: {=_xlfn.LET( _xlpm.kpiName, K$2, _xlpm.factorName, $D8, _xlpm.headerText, "Dependent Variable: "&_xlpm.kpiName, _xlpm.regA, '2A Regression'!$A$1:$A$10000, _xlpm.regB, '2A Regression'!$B$1:$B$10000, _xlpm.regE, '2A Regression'!$E$1:$E$10000, _xlpm.headerRow, MATCH(_xlpm.headerText, _xlpm.regA, 0), _xlpm.nextHeaderRow, _xlfn.AGGREGATE(15, 6, ROW(_xlpm.regA)/((LEFT(_xlpm.regA,19)="Dependent Variable:")*(ROW(_xlpm.regA)>_xlpm.headerRow)), 1), _xlpm.searchStart, _xlpm.headerRow, _xlpm.searchEnd, IF(ISERROR(_xlpm.nextHeaderRow), 300, _xlpm.nextHeaderRow-1), _xlpm.factorPos, _xlfn.AGGREGATE(15, 6, ROW(_xlpm.regB)/((_xlpm.regB=_xlpm.factorName)*(ROW(_xlpm.regB)>=_xlpm.searchStart)*(ROW(_xlpm.regB)<=_xlpm.searchEnd)), 1), IF(ISERROR(_xlpm.factorPos), 0, INDEX(_xlpm.regE, _xlpm.factorPos)) )} -> 0 | L8: {=_xlfn.LET( _xlpm.kpiName, L$2, _xlpm.factorName, $D8, _xlpm.headerText, "Dependent Variable: "&_xlpm.kpiName, _xlpm.regA, '2A Regression'!$A$1:$A$10000, _xlpm.regB, '2A Regression'!$B$1:$B$10000, _xlpm.regE, '2A Regression'!$E$1:$E$10000, _xlpm.headerRow, MATCH(_xlpm.headerText, _xlpm.regA, 0), _xlpm.nextHeaderRow, _xlfn.AGGREGATE(15, 6, ROW(_xlpm.regA)/((LEFT(_xlpm.regA,19)="Dependent Variable:")*(ROW(_xlpm.regA)>_xlpm.headerRow)), 1), _xlpm.searchStart, _xlpm.headerRow, _xlpm.searchEnd, IF(ISERROR(_xlpm.nextHeaderRow), 300, _xlpm.nextHeaderRow-1), _xlpm.factorPos, _xlfn.AGGREGATE(15, 6, ROW(_xlpm.regB)/((_xlpm.regB=_xlpm.factorName)*(ROW(_xlpm.regB)>=_xlpm.searchStart)*(ROW(_xlpm.regB)<=_xlpm.searchEnd)), 1), IF(ISERROR(_xlpm.factorPos), 0, INDEX(_xlpm.regE, _xlpm.factorPos)) )} -> 0 | ... X8: {=_xlfn.LET( _xlpm.kpiName, X$2, _xlpm.factorName, $D8, _xlpm.headerText, "Dependent Variable: "&_xlpm.kpiName, _xlpm.regA, '2A Regression'!$A$1:$A$10000, _xlpm.regB, '2A Regression'!$B$1:$B$10000, _xlpm.regE, '2A Regression'!$E$1:$E$10000, _xlpm.headerRow, MATCH(_xlpm.headerText, _xlpm.regA, 0), _xlpm.nextHeaderRow, _xlfn.AGGREGATE(15, 6, ROW(_xlpm.regA)/((LEFT(_xlpm.regA,19)="Dependent Variable:")*(ROW(_xlpm.regA)>_xlpm.headerRow)), 1), _xlpm.searchStart, _xlpm.headerRow, _xlpm.searchEnd, IF(ISERROR(_xlpm.nextHeaderRow), 300, _xlpm.nextHeaderRow-1), _xlpm.factorPos, _xlfn.AGGREGATE(15, 6, ROW(_xlpm.regB)/((_xlpm.regB=_xlpm.factorName)*(ROW(_xlpm.regB)>=_xlpm.searchStart)*(ROW(_xlpm.regB)<=_xlpm.searchEnd)), 1), IF(ISERROR(_xlpm.factorPos), 0, INDEX(_xlpm.regE, _xlpm.factorPos)) )} -> 0
D9: Factor7 | E9: {=_xlfn.LET( _xlpm.kpiName, E$2, _xlpm.factorName, $D9, _xlpm.headerText, "Dependent Variable: "&_xlpm.kpiName, _xlpm.regA, '2A Regression'!$A$1:$A$10000, _xlpm.regB, '2A Regression'!$B$1:$B$10000, _xlpm.regE, '2A Regression'!$E$1:$E$10000, _xlpm.headerRow, MATCH(_xlpm.headerText, _xlpm.regA, 0), _xlpm.nextHeaderRow, _xlfn.AGGREGATE(15, 6, ROW(_xlpm.regA)/((LEFT(_xlpm.regA,19)="Dependent Variable:")*(ROW(_xlpm.regA)>_xlpm.headerRow)), 1), _xlpm.searchStart, _xlpm.headerRow, _xlpm.searchEnd, IF(ISERROR(_xlpm.nextHeaderRow), 300, _xlpm.nextHeaderRow-1), _xlpm.factorPos, _xlfn.AGGREGATE(15, 6, ROW(_xlpm.regB)/((_xlpm.regB=_xlpm.factorName)*(ROW(_xlpm.regB)>=_xlpm.searchStart)*(ROW(_xlpm.regB)<=_xlpm.searchEnd)), 1), IF(ISERROR(_xlpm.factorPos), 0, INDEX(_xlpm.regE, _xlpm.factorPos)) )} -> 0.05549886 | F9: {=_xlfn.LET( _xlpm.kpiName, F$2, _xlpm.factorName, $D9, _xlpm.headerText, "Dependent Variable: "&_xlpm.kpiName, _xlpm.regA, '2A Regression'!$A$1:$A$10000, _xlpm.regB, '2A Regression'!$B$1:$B$10000, _xlpm.regE, '2A Regression'!$E$1:$E$10000, _xlpm.headerRow, MATCH(_xlpm.headerText, _xlpm.regA, 0), _xlpm.nextHeaderRow, _xlfn.AGGREGATE(15, 6, ROW(_xlpm.regA)/((LEFT(_xlpm.regA,19)="Dependent Variable:")*(ROW(_xlpm.regA)>_xlpm.headerRow)), 1), _xlpm.searchStart, _xlpm.headerRow, _xlpm.searchEnd, IF(ISERROR(_xlpm.nextHeaderRow), 300, _xlpm.nextHeaderRow-1), _xlpm.factorPos, _xlfn.AGGREGATE(15, 6, ROW(_xlpm.regB)/((_xlpm.regB=_xlpm.factorName)*(ROW(_xlpm.regB)>=_xlpm.searchStart)*(ROW(_xlpm.regB)<=_xlpm.searchEnd)), 1), IF(ISERROR(_xlpm.factorPos), 0, INDEX(_xlpm.regE, _xlpm.factorPos)) )} -> 0.07791778 | G9: {=_xlfn.LET( _xlpm.kpiName, G$2, _xlpm.factorName, $D9, _xlpm.headerText, "Dependent Variable: "&_xlpm.kpiName, _xlpm.regA, '2A Regression'!$A$1:$A$10000, _xlpm.regB, '2A Regression'!$B$1:$B$10000, _xlpm.regE, '2A Regression'!$E$1:$E$10000, _xlpm.headerRow, MATCH(_xlpm.headerText, _xlpm.regA, 0), _xlpm.nextHeaderRow, _xlfn.AGGREGATE(15, 6, ROW(_xlpm.regA)/((LEFT(_xlpm.regA,19)="Dependent Variable:")*(ROW(_xlpm.regA)>_xlpm.headerRow)), 1), _xlpm.searchStart, _xlpm.headerRow, _xlpm.searchEnd, IF(ISERROR(_xlpm.nextHeaderRow), 300, _xlpm.nextHeaderRow-1), _xlpm.factorPos, _xlfn.AGGREGATE(15, 6, ROW(_xlpm.regB)/((_xlpm.regB=_xlpm.factorName)*(ROW(_xlpm.regB)>=_xlpm.searchStart)*(ROW(_xlpm.regB)<=_xlpm.searchEnd)), 1), IF(ISERROR(_xlpm.factorPos), 0, INDEX(_xlpm.regE, _xlpm.factorPos)) )} -> 0.05549886 | H9: {=_xlfn.LET( _xlpm.kpiName, H$2, _xlpm.factorName, $D9, _xlpm.headerText, "Dependent Variable: "&_xlpm.kpiName, _xlpm.regA, '2A Regression'!$A$1:$A$10000, _xlpm.regB, '2A Regression'!$B$1:$B$10000, _xlpm.regE, '2A Regression'!$E$1:$E$10000, _xlpm.headerRow, MATCH(_xlpm.headerText, _xlpm.regA, 0), _xlpm.nextHeaderRow, _xlfn.AGGREGATE(15, 6, ROW(_xlpm.regA)/((LEFT(_xlpm.regA,19)="Dependent Variable:")*(ROW(_xlpm.regA)>_xlpm.headerRow)), 1), _xlpm.searchStart, _xlpm.headerRow, _xlpm.searchEnd, IF(ISERROR(_xlpm.nextHeaderRow), 300, _xlpm.nextHeaderRow-1), _xlpm.factorPos, _xlfn.AGGREGATE(15, 6, ROW(_xlpm.regB)/((_xlpm.regB=_xlpm.factorName)*(ROW(_xlpm.regB)>=_xlpm.searchStart)*(ROW(_xlpm.regB)<=_xlpm.searchEnd)), 1), IF(ISERROR(_xlpm.factorPos), 0, INDEX(_xlpm.regE, _xlpm.factorPos)) )} -> 0.07791778 | I9: {=_xlfn.LET( _xlpm.kpiName, I$2, _xlpm.factorName, $D9, _xlpm.headerText, "Dependent Variable: "&_xlpm.kpiName, _xlpm.regA, '2A Regression'!$A$1:$A$10000, _xlpm.regB, '2A Regression'!$B$1:$B$10000, _xlpm.regE, '2A Regression'!$E$1:$E$10000, _xlpm.headerRow, MATCH(_xlpm.headerText, _xlpm.regA, 0), _xlpm.nextHeaderRow, _xlfn.AGGREGATE(15, 6, ROW(_xlpm.regA)/((LEFT(_xlpm.regA,19)="Dependent Variable:")*(ROW(_xlpm.regA)>_xlpm.headerRow)), 1), _xlpm.searchStart, _xlpm.headerRow, _xlpm.searchEnd, IF(ISERROR(_xlpm.nextHeaderRow), 300, _xlpm.nextHeaderRow-1), _xlpm.factorPos, _xlfn.AGGREGATE(15, 6, ROW(_xlpm.regB)/((_xlpm.regB=_xlpm.factorName)*(ROW(_xlpm.regB)>=_xlpm.searchStart)*(ROW(_xlpm.regB)<=_xlpm.searchEnd)), 1), IF(ISERROR(_xlpm.factorPos), 0, INDEX(_xlpm.regE, _xlpm.factorPos)) )} -> 0.20291621 | J9: {=_xlfn.LET( _xlpm.kpiName, J$2, _xlpm.factorName, $D9, _xlpm.headerText, "Dependent Variable: "&_xlpm.kpiName, _xlpm.regA, '2A Regression'!$A$1:$A$10000, _xlpm.regB, '2A Regression'!$B$1:$B$10000, _xlpm.regE, '2A Regression'!$E$1:$E$10000, _xlpm.headerRow, MATCH(_xlpm.headerText, _xlpm.regA, 0), _xlpm.nextHeaderRow, _xlfn.AGGREGATE(15, 6, ROW(_xlpm.regA)/((LEFT(_xlpm.regA,19)="Dependent Variable:")*(ROW(_xlpm.regA)>_xlpm.headerRow)), 1), _xlpm.searchStart, _xlpm.headerRow, _xlpm.searchEnd, IF(ISERROR(_xlpm.nextHeaderRow), 300, _xlpm.nextHeaderRow-1), _xlpm.factorPos, _xlfn.AGGREGATE(15, 6, ROW(_xlpm.regB)/((_xlpm.regB=_xlpm.factorName)*(ROW(_xlpm.regB)>=_xlpm.searchStart)*(ROW(_xlpm.regB)<=_xlpm.searchEnd)), 1), IF(ISERROR(_xlpm.factorPos), 0, INDEX(_xlpm.regE, _xlpm.factorPos)) )} -> 0 | K9: {=_xlfn.LET( _xlpm.kpiName, K$2, _xlpm.factorName, $D9, _xlpm.headerText, "Dependent Variable: "&_xlpm.kpiName, _xlpm.regA, '2A Regression'!$A$1:$A$10000, _xlpm.regB, '2A Regression'!$B$1:$B$10000, _xlpm.regE, '2A Regression'!$E$1:$E$10000, _xlpm.headerRow, MATCH(_xlpm.headerText, _xlpm.regA, 0), _xlpm.nextHeaderRow, _xlfn.AGGREGATE(15, 6, ROW(_xlpm.regA)/((LEFT(_xlpm.regA,19)="Dependent Variable:")*(ROW(_xlpm.regA)>_xlpm.headerRow)), 1), _xlpm.searchStart, _xlpm.headerRow, _xlpm.searchEnd, IF(ISERROR(_xlpm.nextHeaderRow), 300, _xlpm.nextHeaderRow-1), _xlpm.factorPos, _xlfn.AGGREGATE(15, 6, ROW(_xlpm.regB)/((_xlpm.regB=_xlpm.factorName)*(ROW(_xlpm.regB)>=_xlpm.searchStart)*(ROW(_xlpm.regB)<=_xlpm.searchEnd)), 1), IF(ISERROR(_xlpm.factorPos), 0, INDEX(_xlpm.regE, _xlpm.factorPos)) )} -> 0 | L9: {=_xlfn.LET( _xlpm.kpiName, L$2, _xlpm.factorName, $D9, _xlpm.headerText, "Dependent Variable: "&_xlpm.kpiName, _xlpm.regA, '2A Regression'!$A$1:$A$10000, _xlpm.regB, '2A Regression'!$B$1:$B$10000, _xlpm.regE, '2A Regression'!$E$1:$E$10000, _xlpm.headerRow, MATCH(_xlpm.headerText, _xlpm.regA, 0), _xlpm.nextHeaderRow, _xlfn.AGGREGATE(15, 6, ROW(_xlpm.regA)/((LEFT(_xlpm.regA,19)="Dependent Variable:")*(ROW(_xlpm.regA)>_xlpm.headerRow)), 1), _xlpm.searchStart, _xlpm.headerRow, _xlpm.searchEnd, IF(ISERROR(_xlpm.nextHeaderRow), 300, _xlpm.nextHeaderRow-1), _xlpm.factorPos, _xlfn.AGGREGATE(15, 6, ROW(_xlpm.regB)/((_xlpm.regB=_xlpm.factorName)*(ROW(_xlpm.regB)>=_xlpm.searchStart)*(ROW(_xlpm.regB)<=_xlpm.searchEnd)), 1), IF(ISERROR(_xlpm.factorPos), 0, INDEX(_xlpm.regE, _xlpm.factorPos)) )} -> 0 | ... X9: {=_xlfn.LET( _xlpm.kpiName, X$2, _xlpm.factorName, $D9, _xlpm.headerText, "Dependent Variable: "&_xlpm.kpiName, _xlpm.regA, '2A Regression'!$A$1:$A$10000, _xlpm.regB, '2A Regression'!$B$1:$B$10000, _xlpm.regE, '2A Regression'!$E$1:$E$10000, _xlpm.headerRow, MATCH(_xlpm.headerText, _xlpm.regA, 0), _xlpm.nextHeaderRow, _xlfn.AGGREGATE(15, 6, ROW(_xlpm.regA)/((LEFT(_xlpm.regA,19)="Dependent Variable:")*(ROW(_xlpm.regA)>_xlpm.headerRow)), 1), _xlpm.searchStart, _xlpm.headerRow, _xlpm.searchEnd, IF(ISERROR(_xlpm.nextHeaderRow), 300, _xlpm.nextHeaderRow-1), _xlpm.factorPos, _xlfn.AGGREGATE(15, 6, ROW(_xlpm.regB)/((_xlpm.regB=_xlpm.factorName)*(ROW(_xlpm.regB)>=_xlpm.searchStart)*(ROW(_xlpm.regB)<=_xlpm.searchEnd)), 1), IF(ISERROR(_xlpm.factorPos), 0, INDEX(_xlpm.regE, _xlpm.factorPos)) )} -> 0
D10: Factor8 | E10: {=_xlfn.LET( _xlpm.kpiName, E$2, _xlpm.factorName, $D10, _xlpm.headerText, "Dependent Variable: "&_xlpm.kpiName, _xlpm.regA, '2A Regression'!$A$1:$A$10000, _xlpm.regB, '2A Regression'!$B$1:$B$10000, _xlpm.regE, '2A Regression'!$E$1:$E$10000, _xlpm.headerRow, MATCH(_xlpm.headerText, _xlpm.regA, 0), _xlpm.nextHeaderRow, _xlfn.AGGREGATE(15, 6, ROW(_xlpm.regA)/((LEFT(_xlpm.regA,19)="Dependent Variable:")*(ROW(_xlpm.regA)>_xlpm.headerRow)), 1), _xlpm.searchStart, _xlpm.headerRow, _xlpm.searchEnd, IF(ISERROR(_xlpm.nextHeaderRow), 300, _xlpm.nextHeaderRow-1), _xlpm.factorPos, _xlfn.AGGREGATE(15, 6, ROW(_xlpm.regB)/((_xlpm.regB=_xlpm.factorName)*(ROW(_xlpm.regB)>=_xlpm.searchStart)*(ROW(_xlpm.regB)<=_xlpm.searchEnd)), 1), IF(ISERROR(_xlpm.factorPos), 0, INDEX(_xlpm.regE, _xlpm.factorPos)) )} -> 0.025186229 | F10: {=_xlfn.LET( _xlpm.kpiName, F$2, _xlpm.factorName, $D10, _xlpm.headerText, "Dependent Variable: "&_xlpm.kpiName, _xlpm.regA, '2A Regression'!$A$1:$A$10000, _xlpm.regB, '2A Regression'!$B$1:$B$10000, _xlpm.regE, '2A Regression'!$E$1:$E$10000, _xlpm.headerRow, MATCH(_xlpm.headerText, _xlpm.regA, 0), _xlpm.nextHeaderRow, _xlfn.AGGREGATE(15, 6, ROW(_xlpm.regA)/((LEFT(_xlpm.regA,19)="Dependent Variable:")*(ROW(_xlpm.regA)>_xlpm.headerRow)), 1), _xlpm.searchStart, _xlpm.headerRow, _xlpm.searchEnd, IF(ISERROR(_xlpm.nextHeaderRow), 300, _xlpm.nextHeaderRow-1), _xlpm.factorPos, _xlfn.AGGREGATE(15, 6, ROW(_xlpm.regB)/((_xlpm.regB=_xlpm.factorName)*(ROW(_xlpm.regB)>=_xlpm.searchStart)*(ROW(_xlpm.regB)<=_xlpm.searchEnd)), 1), IF(ISERROR(_xlpm.factorPos), 0, INDEX(_xlpm.regE, _xlpm.factorPos)) )} -> 0.054412123 | G10: {=_xlfn.LET( _xlpm.kpiName, G$2, _xlpm.factorName, $D10, _xlpm.headerText, "Dependent Variable: "&_xlpm.kpiName, _xlpm.regA, '2A Regression'!$A$1:$A$10000, _xlpm.regB, '2A Regression'!$B$1:$B$10000, _xlpm.regE, '2A Regression'!$E$1:$E$10000, _xlpm.headerRow, MATCH(_xlpm.headerText, _xlpm.regA, 0), _xlpm.nextHeaderRow, _xlfn.AGGREGATE(15, 6, ROW(_xlpm.regA)/((LEFT(_xlpm.regA,19)="Dependent Variable:")*(ROW(_xlpm.regA)>_xlpm.headerRow)), 1), _xlpm.searchStart, _xlpm.headerRow, _xlpm.searchEnd, IF(ISERROR(_xlpm.nextHeaderRow), 300, _xlpm.nextHeaderRow-1), _xlpm.factorPos, _xlfn.AGGREGATE(15, 6, ROW(_xlpm.regB)/((_xlpm.regB=_xlpm.factorName)*(ROW(_xlpm.regB)>=_xlpm.searchStart)*(ROW(_xlpm.regB)<=_xlpm.searchEnd)), 1), IF(ISERROR(_xlpm.factorPos), 0, INDEX(_xlpm.regE, _xlpm.factorPos)) )} -> 0.025186229 | H10: {=_xlfn.LET( _xlpm.kpiName, H$2, _xlpm.factorName, $D10, _xlpm.headerText, "Dependent Variable: "&_xlpm.kpiName, _xlpm.regA, '2A Regression'!$A$1:$A$10000, _xlpm.regB, '2A Regression'!$B$1:$B$10000, _xlpm.regE, '2A Regression'!$E$1:$E$10000, _xlpm.headerRow, MATCH(_xlpm.headerText, _xlpm.regA, 0), _xlpm.nextHeaderRow, _xlfn.AGGREGATE(15, 6, ROW(_xlpm.regA)/((LEFT(_xlpm.regA,19)="Dependent Variable:")*(ROW(_xlpm.regA)>_xlpm.headerRow)), 1), _xlpm.searchStart, _xlpm.headerRow, _xlpm.searchEnd, IF(ISERROR(_xlpm.nextHeaderRow), 300, _xlpm.nextHeaderRow-1), _xlpm.factorPos, _xlfn.AGGREGATE(15, 6, ROW(_xlpm.regB)/((_xlpm.regB=_xlpm.factorName)*(ROW(_xlpm.regB)>=_xlpm.searchStart)*(ROW(_xlpm.regB)<=_xlpm.searchEnd)), 1), IF(ISERROR(_xlpm.factorPos), 0, INDEX(_xlpm.regE, _xlpm.factorPos)) )} -> 0.054412123 | I10: {=_xlfn.LET( _xlpm.kpiName, I$2, _xlpm.factorName, $D10, _xlpm.headerText, "Dependent Variable: "&_xlpm.kpiName, _xlpm.regA, '2A Regression'!$A$1:$A$10000, _xlpm.regB, '2A Regression'!$B$1:$B$10000, _xlpm.regE, '2A Regression'!$E$1:$E$10000, _xlpm.headerRow, MATCH(_xlpm.headerText, _xlpm.regA, 0), _xlpm.nextHeaderRow, _xlfn.AGGREGATE(15, 6, ROW(_xlpm.regA)/((LEFT(_xlpm.regA,19)="Dependent Variable:")*(ROW(_xlpm.regA)>_xlpm.headerRow)), 1), _xlpm.searchStart, _xlpm.headerRow, _xlpm.searchEnd, IF(ISERROR(_xlpm.nextHeaderRow), 300, _xlpm.nextHeaderRow-1), _xlpm.factorPos, _xlfn.AGGREGATE(15, 6, ROW(_xlpm.regB)/((_xlpm.regB=_xlpm.factorName)*(ROW(_xlpm.regB)>=_xlpm.searchStart)*(ROW(_xlpm.regB)<=_xlpm.searchEnd)), 1), IF(ISERROR(_xlpm.factorPos), 0, INDEX(_xlpm.regE, _xlpm.factorPos)) )} -> 0.20240534 | J10: {=_xlfn.LET( _xlpm.kpiName, J$2, _xlpm.factorName, $D10, _xlpm.headerText, "Dependent Variable: "&_xlpm.kpiName, _xlpm.regA, '2A Regression'!$A$1:$A$10000, _xlpm.regB, '2A Regression'!$B$1:$B$10000, _xlpm.regE, '2A Regression'!$E$1:$E$10000, _xlpm.headerRow, MATCH(_xlpm.headerText, _xlpm.regA, 0), _xlpm.nextHeaderRow, _xlfn.AGGREGATE(15, 6, ROW(_xlpm.regA)/((LEFT(_xlpm.regA,19)="Dependent Variable:")*(ROW(_xlpm.regA)>_xlpm.headerRow)), 1), _xlpm.searchStart, _xlpm.headerRow, _xlpm.searchEnd, IF(ISERROR(_xlpm.nextHeaderRow), 300, _xlpm.nextHeaderRow-1), _xlpm.factorPos, _xlfn.AGGREGATE(15, 6, ROW(_xlpm.regB)/((_xlpm.regB=_xlpm.factorName)*(ROW(_xlpm.regB)>=_xlpm.searchStart)*(ROW(_xlpm.regB)<=_xlpm.searchEnd)), 1), IF(ISERROR(_xlpm.factorPos), 0, INDEX(_xlpm.regE, _xlpm.factorPos)) )} -> 0 | K10: {=_xlfn.LET( _xlpm.kpiName, K$2, _xlpm.factorName, $D10, _xlpm.headerText, "Dependent Variable: "&_xlpm.kpiName, _xlpm.regA, '2A Regression'!$A$1:$A$10000, _xlpm.regB, '2A Regression'!$B$1:$B$10000, _xlpm.regE, '2A Regression'!$E$1:$E$10000, _xlpm.headerRow, MATCH(_xlpm.headerText, _xlpm.regA, 0), _xlpm.nextHeaderRow, _xlfn.AGGREGATE(15, 6, ROW(_xlpm.regA)/((LEFT(_xlpm.regA,19)="Dependent Variable:")*(ROW(_xlpm.regA)>_xlpm.headerRow)), 1), _xlpm.searchStart, _xlpm.headerRow, _xlpm.searchEnd, IF(ISERROR(_xlpm.nextHeaderRow), 300, _xlpm.nextHeaderRow-1), _xlpm.factorPos, _xlfn.AGGREGATE(15, 6, ROW(_xlpm.regB)/((_xlpm.regB=_xlpm.factorName)*(ROW(_xlpm.regB)>=_xlpm.searchStart)*(ROW(_xlpm.regB)<=_xlpm.searchEnd)), 1), IF(ISERROR(_xlpm.factorPos), 0, INDEX(_xlpm.regE, _xlpm.factorPos)) )} -> 0 | L10: {=_xlfn.LET( _xlpm.kpiName, L$2, _xlpm.factorName, $D10, _xlpm.headerText, "Dependent Variable: "&_xlpm.kpiName, _xlpm.regA, '2A Regression'!$A$1:$A$10000, _xlpm.regB, '2A Regression'!$B$1:$B$10000, _xlpm.regE, '2A Regression'!$E$1:$E$10000, _xlpm.headerRow, MATCH(_xlpm.headerText, _xlpm.regA, 0), _xlpm.nextHeaderRow, _xlfn.AGGREGATE(15, 6, ROW(_xlpm.regA)/((LEFT(_xlpm.regA,19)="Dependent Variable:")*(ROW(_xlpm.regA)>_xlpm.headerRow)), 1), _xlpm.searchStart, _xlpm.headerRow, _xlpm.searchEnd, IF(ISERROR(_xlpm.nextHeaderRow), 300, _xlpm.nextHeaderRow-1), _xlpm.factorPos, _xlfn.AGGREGATE(15, 6, ROW(_xlpm.regB)/((_xlpm.regB=_xlpm.factorName)*(ROW(_xlpm.regB)>=_xlpm.searchStart)*(ROW(_xlpm.regB)<=_xlpm.searchEnd)), 1), IF(ISERROR(_xlpm.factorPos), 0, INDEX(_xlpm.regE, _xlpm.factorPos)) )} -> 0 | ... X10: {=_xlfn.LET( _xlpm.kpiName, X$2, _xlpm.factorName, $D10, _xlpm.headerText, "Dependent Variable: "&_xlpm.kpiName, _xlpm.regA, '2A Regression'!$A$1:$A$10000, _xlpm.regB, '2A Regression'!$B$1:$B$10000, _xlpm.regE, '2A Regression'!$E$1:$E$10000, _xlpm.headerRow, MATCH(_xlpm.headerText, _xlpm.regA, 0), _xlpm.nextHeaderRow, _xlfn.AGGREGATE(15, 6, ROW(_xlpm.regA)/((LEFT(_xlpm.regA,19)="Dependent Variable:")*(ROW(_xlpm.regA)>_xlpm.headerRow)), 1), _xlpm.searchStart, _xlpm.headerRow, _xlpm.searchEnd, IF(ISERROR(_xlpm.nextHeaderRow), 300, _xlpm.nextHeaderRow-1), _xlpm.factorPos, _xlfn.AGGREGATE(15, 6, ROW(_xlpm.regB)/((_xlpm.regB=_xlpm.factorName)*(ROW(_xlpm.regB)>=_xlpm.searchStart)*(ROW(_xlpm.regB)<=_xlpm.searchEnd)), 1), IF(ISERROR(_xlpm.factorPos), 0, INDEX(_xlpm.regE, _xlpm.factorPos)) )} -> 0
D11: Factor9 | E11: {=_xlfn.LET( _xlpm.kpiName, E$2, _xlpm.factorName, $D11, _xlpm.headerText, "Dependent Variable: "&_xlpm.kpiName, _xlpm.regA, '2A Regression'!$A$1:$A$10000, _xlpm.regB, '2A Regression'!$B$1:$B$10000, _xlpm.regE, '2A Regression'!$E$1:$E$10000, _xlpm.headerRow, MATCH(_xlpm.headerText, _xlpm.regA, 0), _xlpm.nextHeaderRow, _xlfn.AGGREGATE(15, 6, ROW(_xlpm.regA)/((LEFT(_xlpm.regA,19)="Dependent Variable:")*(ROW(_xlpm.regA)>_xlpm.headerRow)), 1), _xlpm.searchStart, _xlpm.headerRow, _xlpm.searchEnd, IF(ISERROR(_xlpm.nextHeaderRow), 300, _xlpm.nextHeaderRow-1), _xlpm.factorPos, _xlfn.AGGREGATE(15, 6, ROW(_xlpm.regB)/((_xlpm.regB=_xlpm.factorName)*(ROW(_xlpm.regB)>=_xlpm.searchStart)*(ROW(_xlpm.regB)<=_xlpm.searchEnd)), 1), IF(ISERROR(_xlpm.factorPos), 0, INDEX(_xlpm.regE, _xlpm.factorPos)) )} -> 0.013362316 | F11: {=_xlfn.LET( _xlpm.kpiName, F$2, _xlpm.factorName, $D11, _xlpm.headerText, "Dependent Variable: "&_xlpm.kpiName, _xlpm.regA, '2A Regression'!$A$1:$A$10000, _xlpm.regB, '2A Regression'!$B$1:$B$10000, _xlpm.regE, '2A Regression'!$E$1:$E$10000, _xlpm.headerRow, MATCH(_xlpm.headerText, _xlpm.regA, 0), _xlpm.nextHeaderRow, _xlfn.AGGREGATE(15, 6, ROW(_xlpm.regA)/((LEFT(_xlpm.regA,19)="Dependent Variable:")*(ROW(_xlpm.regA)>_xlpm.headerRow)), 1), _xlpm.searchStart, _xlpm.headerRow, _xlpm.searchEnd, IF(ISERROR(_xlpm.nextHeaderRow), 300, _xlpm.nextHeaderRow-1), _xlpm.factorPos, _xlfn.AGGREGATE(15, 6, ROW(_xlpm.regB)/((_xlpm.regB=_xlpm.factorName)*(ROW(_xlpm.regB)>=_xlpm.searchStart)*(ROW(_xlpm.regB)<=_xlpm.searchEnd)), 1), IF(ISERROR(_xlpm.factorPos), 0, INDEX(_xlpm.regE, _xlpm.factorPos)) )} -> 0.033067599 | G11: {=_xlfn.LET( _xlpm.kpiName, G$2, _xlpm.factorName, $D11, _xlpm.headerText, "Dependent Variable: "&_xlpm.kpiName, _xlpm.regA, '2A Regression'!$A$1:$A$10000, _xlpm.regB, '2A Regression'!$B$1:$B$10000, _xlpm.regE, '2A Regression'!$E$1:$E$10000, _xlpm.headerRow, MATCH(_xlpm.headerText, _xlpm.regA, 0), _xlpm.nextHeaderRow, _xlfn.AGGREGATE(15, 6, ROW(_xlpm.regA)/((LEFT(_xlpm.regA,19)="Dependent Variable:")*(ROW(_xlpm.regA)>_xlpm.headerRow)), 1), _xlpm.searchStart, _xlpm.headerRow, _xlpm.searchEnd, IF(ISERROR(_xlpm.nextHeaderRow), 300, _xlpm.nextHeaderRow-1), _xlpm.factorPos, _xlfn.AGGREGATE(15, 6, ROW(_xlpm.regB)/((_xlpm.regB=_xlpm.factorName)*(ROW(_xlpm.regB)>=_xlpm.searchStart)*(ROW(_xlpm.regB)<=_xlpm.searchEnd)), 1), IF(ISERROR(_xlpm.factorPos), 0, INDEX(_xlpm.regE, _xlpm.factorPos)) )} -> 0.013362316 | H11: {=_xlfn.LET( _xlpm.kpiName, H$2, _xlpm.factorName, $D11, _xlpm.headerText, "Dependent Variable: "&_xlpm.kpiName, _xlpm.regA, '2A Regression'!$A$1:$A$10000, _xlpm.regB, '2A Regression'!$B$1:$B$10000, _xlpm.regE, '2A Regression'!$E$1:$E$10000, _xlpm.headerRow, MATCH(_xlpm.headerText, _xlpm.regA, 0), _xlpm.nextHeaderRow, _xlfn.AGGREGATE(15, 6, ROW(_xlpm.regA)/((LEFT(_xlpm.regA,19)="Dependent Variable:")*(ROW(_xlpm.regA)>_xlpm.headerRow)), 1), _xlpm.searchStart, _xlpm.headerRow, _xlpm.searchEnd, IF(ISERROR(_xlpm.nextHeaderRow), 300, _xlpm.nextHeaderRow-1), _xlpm.factorPos, _xlfn.AGGREGATE(15, 6, ROW(_xlpm.regB)/((_xlpm.regB=_xlpm.factorName)*(ROW(_xlpm.regB)>=_xlpm.searchStart)*(ROW(_xlpm.regB)<=_xlpm.searchEnd)), 1), IF(ISERROR(_xlpm.factorPos), 0, INDEX(_xlpm.regE, _xlpm.factorPos)) )} -> 0.033067599 | I11: {=_xlfn.LET( _xlpm.kpiName, I$2, _xlpm.factorName, $D11, _xlpm.headerText, "Dependent Variable: "&_xlpm.kpiName, _xlpm.regA, '2A Regression'!$A$1:$A$10000, _xlpm.regB, '2A Regression'!$B$1:$B$10000, _xlpm.regE, '2A Regression'!$E$1:$E$10000, _xlpm.headerRow, MATCH(_xlpm.headerText, _xlpm.regA, 0), _xlpm.nextHeaderRow, _xlfn.AGGREGATE(15, 6, ROW(_xlpm.regA)/((LEFT(_xlpm.regA,19)="Dependent Variable:")*(ROW(_xlpm.regA)>_xlpm.headerRow)), 1), _xlpm.searchStart, _xlpm.headerRow, _xlpm.searchEnd, IF(ISERROR(_xlpm.nextHeaderRow), 300, _xlpm.nextHeaderRow-1), _xlpm.factorPos, _xlfn.AGGREGATE(15, 6, ROW(_xlpm.regB)/((_xlpm.regB=_xlpm.factorName)*(ROW(_xlpm.regB)>=_xlpm.searchStart)*(ROW(_xlpm.regB)<=_xlpm.searchEnd)), 1), IF(ISERROR(_xlpm.factorPos), 0, INDEX(_xlpm.regE, _xlpm.factorPos)) )} -> 0.11400282 | J11: {=_xlfn.LET( _xlpm.kpiName, J$2, _xlpm.factorName, $D11, _xlpm.headerText, "Dependent Variable: "&_xlpm.kpiName, _xlpm.regA, '2A Regression'!$A$1:$A$10000, _xlpm.regB, '2A Regression'!$B$1:$B$10000, _xlpm.regE, '2A Regression'!$E$1:$E$10000, _xlpm.headerRow, MATCH(_xlpm.headerText, _xlpm.regA, 0), _xlpm.nextHeaderRow, _xlfn.AGGREGATE(15, 6, ROW(_xlpm.regA)/((LEFT(_xlpm.regA,19)="Dependent Variable:")*(ROW(_xlpm.regA)>_xlpm.headerRow)), 1), _xlpm.searchStart, _xlpm.headerRow, _xlpm.searchEnd, IF(ISERROR(_xlpm.nextHeaderRow), 300, _xlpm.nextHeaderRow-1), _xlpm.factorPos, _xlfn.AGGREGATE(15, 6, ROW(_xlpm.regB)/((_xlpm.regB=_xlpm.factorName)*(ROW(_xlpm.regB)>=_xlpm.searchStart)*(ROW(_xlpm.regB)<=_xlpm.searchEnd)), 1), IF(ISERROR(_xlpm.factorPos), 0, INDEX(_xlpm.regE, _xlpm.factorPos)) )} -> 0 | K11: {=_xlfn.LET( _xlpm.kpiName, K$2, _xlpm.factorName, $D11, _xlpm.headerText, "Dependent Variable: "&_xlpm.kpiName, _xlpm.regA, '2A Regression'!$A$1:$A$10000, _xlpm.regB, '2A Regression'!$B$1:$B$10000, _xlpm.regE, '2A Regression'!$E$1:$E$10000, _xlpm.headerRow, MATCH(_xlpm.headerText, _xlpm.regA, 0), _xlpm.nextHeaderRow, _xlfn.AGGREGATE(15, 6, ROW(_xlpm.regA)/((LEFT(_xlpm.regA,19)="Dependent Variable:")*(ROW(_xlpm.regA)>_xlpm.headerRow)), 1), _xlpm.searchStart, _xlpm.headerRow, _xlpm.searchEnd, IF(ISERROR(_xlpm.nextHeaderRow), 300, _xlpm.nextHeaderRow-1), _xlpm.factorPos, _xlfn.AGGREGATE(15, 6, ROW(_xlpm.regB)/((_xlpm.regB=_xlpm.factorName)*(ROW(_xlpm.regB)>=_xlpm.searchStart)*(ROW(_xlpm.regB)<=_xlpm.searchEnd)), 1), IF(ISERROR(_xlpm.factorPos), 0, INDEX(_xlpm.regE, _xlpm.factorPos)) )} -> 0 | L11: {=_xlfn.LET( _xlpm.kpiName, L$2, _xlpm.factorName, $D11, _xlpm.headerText, "Dependent Variable: "&_xlpm.kpiName, _xlpm.regA, '2A Regression'!$A$1:$A$10000, _xlpm.regB, '2A Regression'!$B$1:$B$10000, _xlpm.regE, '2A Regression'!$E$1:$E$10000, _xlpm.headerRow, MATCH(_xlpm.headerText, _xlpm.regA, 0), _xlpm.nextHeaderRow, _xlfn.AGGREGATE(15, 6, ROW(_xlpm.regA)/((LEFT(_xlpm.regA,19)="Dependent Variable:")*(ROW(_xlpm.regA)>_xlpm.headerRow)), 1), _xlpm.searchStart, _xlpm.headerRow, _xlpm.searchEnd, IF(ISERROR(_xlpm.nextHeaderRow), 300, _xlpm.nextHeaderRow-1), _xlpm.factorPos, _xlfn.AGGREGATE(15, 6, ROW(_xlpm.regB)/((_xlpm.regB=_xlpm.factorName)*(ROW(_xlpm.regB)>=_xlpm.searchStart)*(ROW(_xlpm.regB)<=_xlpm.searchEnd)), 1), IF(ISERROR(_xlpm.factorPos), 0, INDEX(_xlpm.regE, _xlpm.factorPos)) )} -> 0 | ... X11: {=_xlfn.LET( _xlpm.kpiName, X$2, _xlpm.factorName, $D11, _xlpm.headerText, "Dependent Variable: "&_xlpm.kpiName, _xlpm.regA, '2A Regression'!$A$1:$A$10000, _xlpm.regB, '2A Regression'!$B$1:$B$10000, _xlpm.regE, '2A Regression'!$E$1:$E$10000, _xlpm.headerRow, MATCH(_xlpm.headerText, _xlpm.regA, 0), _xlpm.nextHeaderRow, _xlfn.AGGREGATE(15, 6, ROW(_xlpm.regA)/((LEFT(_xlpm.regA,19)="Dependent Variable:")*(ROW(_xlpm.regA)>_xlpm.headerRow)), 1), _xlpm.searchStart, _xlpm.headerRow, _xlpm.searchEnd, IF(ISERROR(_xlpm.nextHeaderRow), 300, _xlpm.nextHeaderRow-1), _xlpm.factorPos, _xlfn.AGGREGATE(15, 6, ROW(_xlpm.regB)/((_xlpm.regB=_xlpm.factorName)*(ROW(_xlpm.regB)>=_xlpm.searchStart)*(ROW(_xlpm.regB)<=_xlpm.searchEnd)), 1), IF(ISERROR(_xlpm.factorPos), 0, INDEX(_xlpm.regE, _xlpm.factorPos)) )} -> 0
D12: Factor10 | E12: {=_xlfn.LET( _xlpm.kpiName, E$2, _xlpm.factorName, $D12, _xlpm.headerText, "Dependent Variable: "&_xlpm.kpiName, _xlpm.regA, '2A Regression'!$A$1:$A$10000, _xlpm.regB, '2A Regression'!$B$1:$B$10000, _xlpm.regE, '2A Regression'!$E$1:$E$10000, _xlpm.headerRow, MATCH(_xlpm.headerText, _xlpm.regA, 0), _xlpm.nextHeaderRow, _xlfn.AGGREGATE(15, 6, ROW(_xlpm.regA)/((LEFT(_xlpm.regA,19)="Dependent Variable:")*(ROW(_xlpm.regA)>_xlpm.headerRow)), 1), _xlpm.searchStart, _xlpm.headerRow, _xlpm.searchEnd, IF(ISERROR(_xlpm.nextHeaderRow), 300, _xlpm.nextHeaderRow-1), _xlpm.factorPos, _xlfn.AGGREGATE(15, 6, ROW(_xlpm.regB)/((_xlpm.regB=_xlpm.factorName)*(ROW(_xlpm.regB)>=_xlpm.searchStart)*(ROW(_xlpm.regB)<=_xlpm.searchEnd)), 1), IF(ISERROR(_xlpm.factorPos), 0, INDEX(_xlpm.regE, _xlpm.factorPos)) )} -> 0.022831263 | F12: {=_xlfn.LET( _xlpm.kpiName, F$2, _xlpm.factorName, $D12, _xlpm.headerText, "Dependent Variable: "&_xlpm.kpiName, _xlpm.regA, '2A Regression'!$A$1:$A$10000, _xlpm.regB, '2A Regression'!$B$1:$B$10000, _xlpm.regE, '2A Regression'!$E$1:$E$10000, _xlpm.headerRow, MATCH(_xlpm.headerText, _xlpm.regA, 0), _xlpm.nextHeaderRow, _xlfn.AGGREGATE(15, 6, ROW(_xlpm.regA)/((LEFT(_xlpm.regA,19)="Dependent Variable:")*(ROW(_xlpm.regA)>_xlpm.headerRow)), 1), _xlpm.searchStart, _xlpm.headerRow, _xlpm.searchEnd, IF(ISERROR(_xlpm.nextHeaderRow), 300, _xlpm.nextHeaderRow-1), _xlpm.factorPos, _xlfn.AGGREGATE(15, 6, ROW(_xlpm.regB)/((_xlpm.regB=_xlpm.factorName)*(ROW(_xlpm.regB)>=_xlpm.searchStart)*(ROW(_xlpm.regB)<=_xlpm.searchEnd)), 1), IF(ISERROR(_xlpm.factorPos), 0, INDEX(_xlpm.regE, _xlpm.factorPos)) )} -> 0.023776726 | G12: {=_xlfn.LET( _xlpm.kpiName, G$2, _xlpm.factorName, $D12, _xlpm.headerText, "Dependent Variable: "&_xlpm.kpiName, _xlpm.regA, '2A Regression'!$A$1:$A$10000, _xlpm.regB, '2A Regression'!$B$1:$B$10000, _xlpm.regE, '2A Regression'!$E$1:$E$10000, _xlpm.headerRow, MATCH(_xlpm.headerText, _xlpm.regA, 0), _xlpm.nextHeaderRow, _xlfn.AGGREGATE(15, 6, ROW(_xlpm.regA)/((LEFT(_xlpm.regA,19)="Dependent Variable:")*(ROW(_xlpm.regA)>_xlpm.headerRow)), 1), _xlpm.searchStart, _xlpm.headerRow, _xlpm.searchEnd, IF(ISERROR(_xlpm.nextHeaderRow), 300, _xlpm.nextHeaderRow-1), _xlpm.factorPos, _xlfn.AGGREGATE(15, 6, ROW(_xlpm.regB)/((_xlpm.regB=_xlpm.factorName)*(ROW(_xlpm.regB)>=_xlpm.searchStart)*(ROW(_xlpm.regB)<=_xlpm.searchEnd)), 1), IF(ISERROR(_xlpm.factorPos), 0, INDEX(_xlpm.regE, _xlpm.factorPos)) )} -> 0.022831263 | H12: {=_xlfn.LET( _xlpm.kpiName, H$2, _xlpm.factorName, $D12, _xlpm.headerText, "Dependent Variable: "&_xlpm.kpiName, _xlpm.regA, '2A Regression'!$A$1:$A$10000, _xlpm.regB, '2A Regression'!$B$1:$B$10000, _xlpm.regE, '2A Regression'!$E$1:$E$10000, _xlpm.headerRow, MATCH(_xlpm.headerText, _xlpm.regA, 0), _xlpm.nextHeaderRow, _xlfn.AGGREGATE(15, 6, ROW(_xlpm.regA)/((LEFT(_xlpm.regA,19)="Dependent Variable:")*(ROW(_xlpm.regA)>_xlpm.headerRow)), 1), _xlpm.searchStart, _xlpm.headerRow, _xlpm.searchEnd, IF(ISERROR(_xlpm.nextHeaderRow), 300, _xlpm.nextHeaderRow-1), _xlpm.factorPos, _xlfn.AGGREGATE(15, 6, ROW(_xlpm.regB)/((_xlpm.regB=_xlpm.factorName)*(ROW(_xlpm.regB)>=_xlpm.searchStart)*(ROW(_xlpm.regB)<=_xlpm.searchEnd)), 1), IF(ISERROR(_xlpm.factorPos), 0, INDEX(_xlpm.regE, _xlpm.factorPos)) )} -> 0.023776726 | I12: {=_xlfn.LET( _xlpm.kpiName, I$2, _xlpm.factorName, $D12, _xlpm.headerText, "Dependent Variable: "&_xlpm.kpiName, _xlpm.regA, '2A Regression'!$A$1:$A$10000, _xlpm.regB, '2A Regression'!$B$1:$B$10000, _xlpm.regE, '2A Regression'!$E$1:$E$10000, _xlpm.headerRow, MATCH(_xlpm.headerText, _xlpm.regA, 0), _xlpm.nextHeaderRow, _xlfn.AGGREGATE(15, 6, ROW(_xlpm.regA)/((LEFT(_xlpm.regA,19)="Dependent Variable:")*(ROW(_xlpm.regA)>_xlpm.headerRow)), 1), _xlpm.searchStart, _xlpm.headerRow, _xlpm.searchEnd, IF(ISERROR(_xlpm.nextHeaderRow), 300, _xlpm.nextHeaderRow-1), _xlpm.factorPos, _xlfn.AGGREGATE(15, 6, ROW(_xlpm.regB)/((_xlpm.regB=_xlpm.factorName)*(ROW(_xlpm.regB)>=_xlpm.searchStart)*(ROW(_xlpm.regB)<=_xlpm.searchEnd)), 1), IF(ISERROR(_xlpm.factorPos), 0, INDEX(_xlpm.regE, _xlpm.factorPos)) )} -> 0.067759177 | J12: {=_xlfn.LET( _xlpm.kpiName, J$2, _xlpm.factorName, $D12, _xlpm.headerText, "Dependent Variable: "&_xlpm.kpiName, _xlpm.regA, '2A Regression'!$A$1:$A$10000, _xlpm.regB, '2A Regression'!$B$1:$B$10000, _xlpm.regE, '2A Regression'!$E$1:$E$10000, _xlpm.headerRow, MATCH(_xlpm.headerText, _xlpm.regA, 0), _xlpm.nextHeaderRow, _xlfn.AGGREGATE(15, 6, ROW(_xlpm.regA)/((LEFT(_xlpm.regA,19)="Dependent Variable:")*(ROW(_xlpm.regA)>_xlpm.headerRow)), 1), _xlpm.searchStart, _xlpm.headerRow, _xlpm.searchEnd, IF(ISERROR(_xlpm.nextHeaderRow), 300, _xlpm.nextHeaderRow-1), _xlpm.factorPos, _xlfn.AGGREGATE(15, 6, ROW(_xlpm.regB)/((_xlpm.regB=_xlpm.factorName)*(ROW(_xlpm.regB)>=_xlpm.searchStart)*(ROW(_xlpm.regB)<=_xlpm.searchEnd)), 1), IF(ISERROR(_xlpm.factorPos), 0, INDEX(_xlpm.regE, _xlpm.factorPos)) )} -> 0 | K12: {=_xlfn.LET( _xlpm.kpiName, K$2, _xlpm.factorName, $D12, _xlpm.headerText, "Dependent Variable: "&_xlpm.kpiName, _xlpm.regA, '2A Regression'!$A$1:$A$10000, _xlpm.regB, '2A Regression'!$B$1:$B$10000, _xlpm.regE, '2A Regression'!$E$1:$E$10000, _xlpm.headerRow, MATCH(_xlpm.headerText, _xlpm.regA, 0), _xlpm.nextHeaderRow, _xlfn.AGGREGATE(15, 6, ROW(_xlpm.regA)/((LEFT(_xlpm.regA,19)="Dependent Variable:")*(ROW(_xlpm.regA)>_xlpm.headerRow)), 1), _xlpm.searchStart, _xlpm.headerRow, _xlpm.searchEnd, IF(ISERROR(_xlpm.nextHeaderRow), 300, _xlpm.nextHeaderRow-1), _xlpm.factorPos, _xlfn.AGGREGATE(15, 6, ROW(_xlpm.regB)/((_xlpm.regB=_xlpm.factorName)*(ROW(_xlpm.regB)>=_xlpm.searchStart)*(ROW(_xlpm.regB)<=_xlpm.searchEnd)), 1), IF(ISERROR(_xlpm.factorPos), 0, INDEX(_xlpm.regE, _xlpm.factorPos)) )} -> 0 | L12: {=_xlfn.LET( _xlpm.kpiName, L$2, _xlpm.factorName, $D12, _xlpm.headerText, "Dependent Variable: "&_xlpm.kpiName, _xlpm.regA, '2A Regression'!$A$1:$A$10000, _xlpm.regB, '2A Regression'!$B$1:$B$10000, _xlpm.regE, '2A Regression'!$E$1:$E$10000, _xlpm.headerRow, MATCH(_xlpm.headerText, _xlpm.regA, 0), _xlpm.nextHeaderRow, _xlfn.AGGREGATE(15, 6, ROW(_xlpm.regA)/((LEFT(_xlpm.regA,19)="Dependent Variable:")*(ROW(_xlpm.regA)>_xlpm.headerRow)), 1), _xlpm.searchStart, _xlpm.headerRow, _xlpm.searchEnd, IF(ISERROR(_xlpm.nextHeaderRow), 300, _xlpm.nextHeaderRow-1), _xlpm.factorPos, _xlfn.AGGREGATE(15, 6, ROW(_xlpm.regB)/((_xlpm.regB=_xlpm.factorName)*(ROW(_xlpm.regB)>=_xlpm.searchStart)*(ROW(_xlpm.regB)<=_xlpm.searchEnd)), 1), IF(ISERROR(_xlpm.factorPos), 0, INDEX(_xlpm.regE, _xlpm.factorPos)) )} -> 0 | ... X12: {=_xlfn.LET( _xlpm.kpiName, X$2, _xlpm.factorName, $D12, _xlpm.headerText, "Dependent Variable: "&_xlpm.kpiName, _xlpm.regA, '2A Regression'!$A$1:$A$10000, _xlpm.regB, '2A Regression'!$B$1:$B$10000, _xlpm.regE, '2A Regression'!$E$1:$E$10000, _xlpm.headerRow, MATCH(_xlpm.headerText, _xlpm.regA, 0), _xlpm.nextHeaderRow, _xlfn.AGGREGATE(15, 6, ROW(_xlpm.regA)/((LEFT(_xlpm.regA,19)="Dependent Variable:")*(ROW(_xlpm.regA)>_xlpm.headerRow)), 1), _xlpm.searchStart, _xlpm.headerRow, _xlpm.searchEnd, IF(ISERROR(_xlpm.nextHeaderRow), 300, _xlpm.nextHeaderRow-1), _xlpm.factorPos, _xlfn.AGGREGATE(15, 6, ROW(_xlpm.regB)/((_xlpm.regB=_xlpm.factorName)*(ROW(_xlpm.regB)>=_xlpm.searchStart)*(ROW(_xlpm.regB)<=_xlpm.searchEnd)), 1), IF(ISERROR(_xlpm.factorPos), 0, INDEX(_xlpm.regE, _xlpm.factorPos)) )} -> 0
D13: Factor11 | E13: {=_xlfn.LET( _xlpm.kpiName, E$2, _xlpm.factorName, $D13, _xlpm.headerText, "Dependent Variable: "&_xlpm.kpiName, _xlpm.regA, '2A Regression'!$A$1:$A$10000, _xlpm.regB, '2A Regression'!$B$1:$B$10000, _xlpm.regE, '2A Regression'!$E$1:$E$10000, _xlpm.headerRow, MATCH(_xlpm.headerText, _xlpm.regA, 0), _xlpm.nextHeaderRow, _xlfn.AGGREGATE(15, 6, ROW(_xlpm.regA)/((LEFT(_xlpm.regA,19)="Dependent Variable:")*(ROW(_xlpm.regA)>_xlpm.headerRow)), 1), _xlpm.searchStart, _xlpm.headerRow, _xlpm.searchEnd, IF(ISERROR(_xlpm.nextHeaderRow), 300, _xlpm.nextHeaderRow-1), _xlpm.factorPos, _xlfn.AGGREGATE(15, 6, ROW(_xlpm.regB)/((_xlpm.regB=_xlpm.factorName)*(ROW(_xlpm.regB)>=_xlpm.searchStart)*(ROW(_xlpm.regB)<=_xlpm.searchEnd)), 1), IF(ISERROR(_xlpm.factorPos), 0, INDEX(_xlpm.regE, _xlpm.factorPos)) )} -> 0.039598221 | F13: {=_xlfn.LET( _xlpm.kpiName, F$2, _xlpm.factorName, $D13, _xlpm.headerText, "Dependent Variable: "&_xlpm.kpiName, _xlpm.regA, '2A Regression'!$A$1:$A$10000, _xlpm.regB, '2A Regression'!$B$1:$B$10000, _xlpm.regE, '2A Regression'!$E$1:$E$10000, _xlpm.headerRow, MATCH(_xlpm.headerText, _xlpm.regA, 0), _xlpm.nextHeaderRow, _xlfn.AGGREGATE(15, 6, ROW(_xlpm.regA)/((LEFT(_xlpm.regA,19)="Dependent Variable:")*(ROW(_xlpm.regA)>_xlpm.headerRow)), 1), _xlpm.searchStart, _xlpm.headerRow, _xlpm.searchEnd, IF(ISERROR(_xlpm.nextHeaderRow), 300, _xlpm.nextHeaderRow-1), _xlpm.factorPos, _xlfn.AGGREGATE(15, 6, ROW(_xlpm.regB)/((_xlpm.regB=_xlpm.factorName)*(ROW(_xlpm.regB)>=_xlpm.searchStart)*(ROW(_xlpm.regB)<=_xlpm.searchEnd)), 1), IF(ISERROR(_xlpm.factorPos), 0, INDEX(_xlpm.regE, _xlpm.factorPos)) )} -> 0.045575714 | G13: {=_xlfn.LET( _xlpm.kpiName, G$2, _xlpm.factorName, $D13, _xlpm.headerText, "Dependent Variable: "&_xlpm.kpiName, _xlpm.regA, '2A Regression'!$A$1:$A$10000, _xlpm.regB, '2A Regression'!$B$1:$B$10000, _xlpm.regE, '2A Regression'!$E$1:$E$10000, _xlpm.headerRow, MATCH(_xlpm.headerText, _xlpm.regA, 0), _xlpm.nextHeaderRow, _xlfn.AGGREGATE(15, 6, ROW(_xlpm.regA)/((LEFT(_xlpm.regA,19)="Dependent Variable:")*(ROW(_xlpm.regA)>_xlpm.headerRow)), 1), _xlpm.searchStart, _xlpm.headerRow, _xlpm.searchEnd, IF(ISERROR(_xlpm.nextHeaderRow), 300, _xlpm.nextHeaderRow-1), _xlpm.factorPos, _xlfn.AGGREGATE(15, 6, ROW(_xlpm.regB)/((_xlpm.regB=_xlpm.factorName)*(ROW(_xlpm.regB)>=_xlpm.searchStart)*(ROW(_xlpm.regB)<=_xlpm.searchEnd)), 1), IF(ISERROR(_xlpm.factorPos), 0, INDEX(_xlpm.regE, _xlpm.factorPos)) )} -> 0.039598221 | H13: {=_xlfn.LET( _xlpm.kpiName, H$2, _xlpm.factorName, $D13, _xlpm.headerText, "Dependent Variable: "&_xlpm.kpiName, _xlpm.regA, '2A Regression'!$A$1:$A$10000, _xlpm.regB, '2A Regression'!$B$1:$B$10000, _xlpm.regE, '2A Regression'!$E$1:$E$10000, _xlpm.headerRow, MATCH(_xlpm.headerText, _xlpm.regA, 0), _xlpm.nextHeaderRow, _xlfn.AGGREGATE(15, 6, ROW(_xlpm.regA)/((LEFT(_xlpm.regA,19)="Dependent Variable:")*(ROW(_xlpm.regA)>_xlpm.headerRow)), 1), _xlpm.searchStart, _xlpm.headerRow, _xlpm.searchEnd, IF(ISERROR(_xlpm.nextHeaderRow), 300, _xlpm.nextHeaderRow-1), _xlpm.factorPos, _xlfn.AGGREGATE(15, 6, ROW(_xlpm.regB)/((_xlpm.regB=_xlpm.factorName)*(ROW(_xlpm.regB)>=_xlpm.searchStart)*(ROW(_xlpm.regB)<=_xlpm.searchEnd)), 1), IF(ISERROR(_xlpm.factorPos), 0, INDEX(_xlpm.regE, _xlpm.factorPos)) )} -> 0.045575714 | I13: {=_xlfn.LET( _xlpm.kpiName, I$2, _xlpm.factorName, $D13, _xlpm.headerText, "Dependent Variable: "&_xlpm.kpiName, _xlpm.regA, '2A Regression'!$A$1:$A$10000, _xlpm.regB, '2A Regression'!$B$1:$B$10000, _xlpm.regE, '2A Regression'!$E$1:$E$10000, _xlpm.headerRow, MATCH(_xlpm.headerText, _xlpm.regA, 0), _xlpm.nextHeaderRow, _xlfn.AGGREGATE(15, 6, ROW(_xlpm.regA)/((LEFT(_xlpm.regA,19)="Dependent Variable:")*(ROW(_xlpm.regA)>_xlpm.headerRow)), 1), _xlpm.searchStart, _xlpm.headerRow, _xlpm.searchEnd, IF(ISERROR(_xlpm.nextHeaderRow), 300, _xlpm.nextHeaderRow-1), _xlpm.factorPos, _xlfn.AGGREGATE(15, 6, ROW(_xlpm.regB)/((_xlpm.regB=_xlpm.factorName)*(ROW(_xlpm.regB)>=_xlpm.searchStart)*(ROW(_xlpm.regB)<=_xlpm.searchEnd)), 1), IF(ISERROR(_xlpm.factorPos), 0, INDEX(_xlpm.regE, _xlpm.factorPos)) )} -> 0.11106074 | J13: {=_xlfn.LET( _xlpm.kpiName, J$2, _xlpm.factorName, $D13, _xlpm.headerText, "Dependent Variable: "&_xlpm.kpiName, _xlpm.regA, '2A Regression'!$A$1:$A$10000, _xlpm.regB, '2A Regression'!$B$1:$B$10000, _xlpm.regE, '2A Regression'!$E$1:$E$10000, _xlpm.headerRow, MATCH(_xlpm.headerText, _xlpm.regA, 0), _xlpm.nextHeaderRow, _xlfn.AGGREGATE(15, 6, ROW(_xlpm.regA)/((LEFT(_xlpm.regA,19)="Dependent Variable:")*(ROW(_xlpm.regA)>_xlpm.headerRow)), 1), _xlpm.searchStart, _xlpm.headerRow, _xlpm.searchEnd, IF(ISERROR(_xlpm.nextHeaderRow), 300, _xlpm.nextHeaderRow-1), _xlpm.factorPos, _xlfn.AGGREGATE(15, 6, ROW(_xlpm.regB)/((_xlpm.regB=_xlpm.factorName)*(ROW(_xlpm.regB)>=_xlpm.searchStart)*(ROW(_xlpm.regB)<=_xlpm.searchEnd)), 1), IF(ISERROR(_xlpm.factorPos), 0, INDEX(_xlpm.regE, _xlpm.factorPos)) )} -> 0 | K13: {=_xlfn.LET( _xlpm.kpiName, K$2, _xlpm.factorName, $D13, _xlpm.headerText, "Dependent Variable: "&_xlpm.kpiName, _xlpm.regA, '2A Regression'!$A$1:$A$10000, _xlpm.regB, '2A Regression'!$B$1:$B$10000, _xlpm.regE, '2A Regression'!$E$1:$E$10000, _xlpm.headerRow, MATCH(_xlpm.headerText, _xlpm.regA, 0), _xlpm.nextHeaderRow, _xlfn.AGGREGATE(15, 6, ROW(_xlpm.regA)/((LEFT(_xlpm.regA,19)="Dependent Variable:")*(ROW(_xlpm.regA)>_xlpm.headerRow)), 1), _xlpm.searchStart, _xlpm.headerRow, _xlpm.searchEnd, IF(ISERROR(_xlpm.nextHeaderRow), 300, _xlpm.nextHeaderRow-1), _xlpm.factorPos, _xlfn.AGGREGATE(15, 6, ROW(_xlpm.regB)/((_xlpm.regB=_xlpm.factorName)*(ROW(_xlpm.regB)>=_xlpm.searchStart)*(ROW(_xlpm.regB)<=_xlpm.searchEnd)), 1), IF(ISERROR(_xlpm.factorPos), 0, INDEX(_xlpm.regE, _xlpm.factorPos)) )} -> 0 | L13: {=_xlfn.LET( _xlpm.kpiName, L$2, _xlpm.factorName, $D13, _xlpm.headerText, "Dependent Variable: "&_xlpm.kpiName, _xlpm.regA, '2A Regression'!$A$1:$A$10000, _xlpm.regB, '2A Regression'!$B$1:$B$10000, _xlpm.regE, '2A Regression'!$E$1:$E$10000, _xlpm.headerRow, MATCH(_xlpm.headerText, _xlpm.regA, 0), _xlpm.nextHeaderRow, _xlfn.AGGREGATE(15, 6, ROW(_xlpm.regA)/((LEFT(_xlpm.regA,19)="Dependent Variable:")*(ROW(_xlpm.regA)>_xlpm.headerRow)), 1), _xlpm.searchStart, _xlpm.headerRow, _xlpm.searchEnd, IF(ISERROR(_xlpm.nextHeaderRow), 300, _xlpm.nextHeaderRow-1), _xlpm.factorPos, _xlfn.AGGREGATE(15, 6, ROW(_xlpm.regB)/((_xlpm.regB=_xlpm.factorName)*(ROW(_xlpm.regB)>=_xlpm.searchStart)*(ROW(_xlpm.regB)<=_xlpm.searchEnd)), 1), IF(ISERROR(_xlpm.factorPos), 0, INDEX(_xlpm.regE, _xlpm.factorPos)) )} -> 0 | ... X13: {=_xlfn.LET( _xlpm.kpiName, X$2, _xlpm.factorName, $D13, _xlpm.headerText, "Dependent Variable: "&_xlpm.kpiName, _xlpm.regA, '2A Regression'!$A$1:$A$10000, _xlpm.regB, '2A Regression'!$B$1:$B$10000, _xlpm.regE, '2A Regression'!$E$1:$E$10000, _xlpm.headerRow, MATCH(_xlpm.headerText, _xlpm.regA, 0), _xlpm.nextHeaderRow, _xlfn.AGGREGATE(15, 6, ROW(_xlpm.regA)/((LEFT(_xlpm.regA,19)="Dependent Variable:")*(ROW(_xlpm.regA)>_xlpm.headerRow)), 1), _xlpm.searchStart, _xlpm.headerRow, _xlpm.searchEnd, IF(ISERROR(_xlpm.nextHeaderRow), 300, _xlpm.nextHeaderRow-1), _xlpm.factorPos, _xlfn.AGGREGATE(15, 6, ROW(_xlpm.regB)/((_xlpm.regB=_xlpm.factorName)*(ROW(_xlpm.regB)>=_xlpm.searchStart)*(ROW(_xlpm.regB)<=_xlpm.searchEnd)), 1), IF(ISERROR(_xlpm.factorPos), 0, INDEX(_xlpm.regE, _xlpm.factorPos)) )} -> 0
D14: Factor12 | E14: {=_xlfn.LET( _xlpm.kpiName, E$2, _xlpm.factorName, $D14, _xlpm.headerText, "Dependent Variable: "&_xlpm.kpiName, _xlpm.regA, '2A Regression'!$A$1:$A$10000, _xlpm.regB, '2A Regression'!$B$1:$B$10000, _xlpm.regE, '2A Regression'!$E$1:$E$10000, _xlpm.headerRow, MATCH(_xlpm.headerText, _xlpm.regA, 0), _xlpm.nextHeaderRow, _xlfn.AGGREGATE(15, 6, ROW(_xlpm.regA)/((LEFT(_xlpm.regA,19)="Dependent Variable:")*(ROW(_xlpm.regA)>_xlpm.headerRow)), 1), _xlpm.searchStart, _xlpm.headerRow, _xlpm.searchEnd, IF(ISERROR(_xlpm.nextHeaderRow), 300, _xlpm.nextHeaderRow-1), _xlpm.factorPos, _xlfn.AGGREGATE(15, 6, ROW(_xlpm.regB)/((_xlpm.regB=_xlpm.factorName)*(ROW(_xlpm.regB)>=_xlpm.searchStart)*(ROW(_xlpm.regB)<=_xlpm.searchEnd)), 1), IF(ISERROR(_xlpm.factorPos), 0, INDEX(_xlpm.regE, _xlpm.factorPos)) )} -> 0.04609634 | F14: {=_xlfn.LET( _xlpm.kpiName, F$2, _xlpm.factorName, $D14, _xlpm.headerText, "Dependent Variable: "&_xlpm.kpiName, _xlpm.regA, '2A Regression'!$A$1:$A$10000, _xlpm.regB, '2A Regression'!$B$1:$B$10000, _xlpm.regE, '2A Regression'!$E$1:$E$10000, _xlpm.headerRow, MATCH(_xlpm.headerText, _xlpm.regA, 0), _xlpm.nextHeaderRow, _xlfn.AGGREGATE(15, 6, ROW(_xlpm.regA)/((LEFT(_xlpm.regA,19)="Dependent Variable:")*(ROW(_xlpm.regA)>_xlpm.headerRow)), 1), _xlpm.searchStart, _xlpm.headerRow, _xlpm.searchEnd, IF(ISERROR(_xlpm.nextHeaderRow), 300, _xlpm.nextHeaderRow-1), _xlpm.factorPos, _xlfn.AGGREGATE(15, 6, ROW(_xlpm.regB)/((_xlpm.regB=_xlpm.factorName)*(ROW(_xlpm.regB)>=_xlpm.searchStart)*(ROW(_xlpm.regB)<=_xlpm.searchEnd)), 1), IF(ISERROR(_xlpm.factorPos), 0, INDEX(_xlpm.regE, _xlpm.factorPos)) )} -> 0.019686102 | G14: {=_xlfn.LET( _xlpm.kpiName, G$2, _xlpm.factorName, $D14, _xlpm.headerText, "Dependent Variable: "&_xlpm.kpiName, _xlpm.regA, '2A Regression'!$A$1:$A$10000, _xlpm.regB, '2A Regression'!$B$1:$B$10000, _xlpm.regE, '2A Regression'!$E$1:$E$10000, _xlpm.headerRow, MATCH(_xlpm.headerText, _xlpm.regA, 0), _xlpm.nextHeaderRow, _xlfn.AGGREGATE(15, 6, ROW(_xlpm.regA)/((LEFT(_xlpm.regA,19)="Dependent Variable:")*(ROW(_xlpm.regA)>_xlpm.headerRow)), 1), _xlpm.searchStart, _xlpm.headerRow, _xlpm.searchEnd, IF(ISERROR(_xlpm.nextHeaderRow), 300, _xlpm.nextHeaderRow-1), _xlpm.factorPos, _xlfn.AGGREGATE(15, 6, ROW(_xlpm.regB)/((_xlpm.regB=_xlpm.factorName)*(ROW(_xlpm.regB)>=_xlpm.searchStart)*(ROW(_xlpm.regB)<=_xlpm.searchEnd)), 1), IF(ISERROR(_xlpm.factorPos), 0, INDEX(_xlpm.regE, _xlpm.factorPos)) )} -> 0.04609634 | H14: {=_xlfn.LET( _xlpm.kpiName, H$2, _xlpm.factorName, $D14, _xlpm.headerText, "Dependent Variable: "&_xlpm.kpiName, _xlpm.regA, '2A Regression'!$A$1:$A$10000, _xlpm.regB, '2A Regression'!$B$1:$B$10000, _xlpm.regE, '2A Regression'!$E$1:$E$10000, _xlpm.headerRow, MATCH(_xlpm.headerText, _xlpm.regA, 0), _xlpm.nextHeaderRow, _xlfn.AGGREGATE(15, 6, ROW(_xlpm.regA)/((LEFT(_xlpm.regA,19)="Dependent Variable:")*(ROW(_xlpm.regA)>_xlpm.headerRow)), 1), _xlpm.searchStart, _xlpm.headerRow, _xlpm.searchEnd, IF(ISERROR(_xlpm.nextHeaderRow), 300, _xlpm.nextHeaderRow-1), _xlpm.factorPos, _xlfn.AGGREGATE(15, 6, ROW(_xlpm.regB)/((_xlpm.regB=_xlpm.factorName)*(ROW(_xlpm.regB)>=_xlpm.searchStart)*(ROW(_xlpm.regB)<=_xlpm.searchEnd)), 1), IF(ISERROR(_xlpm.factorPos), 0, INDEX(_xlpm.regE, _xlpm.factorPos)) )} -> 0.019686102 | I14: {=_xlfn.LET( _xlpm.kpiName, I$2, _xlpm.factorName, $D14, _xlpm.headerText, "Dependent Variable: "&_xlpm.kpiName, _xlpm.regA, '2A Regression'!$A$1:$A$10000, _xlpm.regB, '2A Regression'!$B$1:$B$10000, _xlpm.regE, '2A Regression'!$E$1:$E$10000, _xlpm.headerRow, MATCH(_xlpm.headerText, _xlpm.regA, 0), _xlpm.nextHeaderRow, _xlfn.AGGREGATE(15, 6, ROW(_xlpm.regA)/((LEFT(_xlpm.regA,19)="Dependent Variable:")*(ROW(_xlpm.regA)>_xlpm.headerRow)), 1), _xlpm.searchStart, _xlpm.headerRow, _xlpm.searchEnd, IF(ISERROR(_xlpm.nextHeaderRow), 300, _xlpm.nextHeaderRow-1), _xlpm.factorPos, _xlfn.AGGREGATE(15, 6, ROW(_xlpm.regB)/((_xlpm.regB=_xlpm.factorName)*(ROW(_xlpm.regB)>=_xlpm.searchStart)*(ROW(_xlpm.regB)<=_xlpm.searchEnd)), 1), IF(ISERROR(_xlpm.factorPos), 0, INDEX(_xlpm.regE, _xlpm.factorPos)) )} -> 0.04875068 | J14: {=_xlfn.LET( _xlpm.kpiName, J$2, _xlpm.factorName, $D14, _xlpm.headerText, "Dependent Variable: "&_xlpm.kpiName, _xlpm.regA, '2A Regression'!$A$1:$A$10000, _xlpm.regB, '2A Regression'!$B$1:$B$10000, _xlpm.regE, '2A Regression'!$E$1:$E$10000, _xlpm.headerRow, MATCH(_xlpm.headerText, _xlpm.regA, 0), _xlpm.nextHeaderRow, _xlfn.AGGREGATE(15, 6, ROW(_xlpm.regA)/((LEFT(_xlpm.regA,19)="Dependent Variable:")*(ROW(_xlpm.regA)>_xlpm.headerRow)), 1), _xlpm.searchStart, _xlpm.headerRow, _xlpm.searchEnd, IF(ISERROR(_xlpm.nextHeaderRow), 300, _xlpm.nextHeaderRow-1), _xlpm.factorPos, _xlfn.AGGREGATE(15, 6, ROW(_xlpm.regB)/((_xlpm.regB=_xlpm.factorName)*(ROW(_xlpm.regB)>=_xlpm.searchStart)*(ROW(_xlpm.regB)<=_xlpm.searchEnd)), 1), IF(ISERROR(_xlpm.factorPos), 0, INDEX(_xlpm.regE, _xlpm.factorPos)) )} -> 0 | K14: {=_xlfn.LET( _xlpm.kpiName, K$2, _xlpm.factorName, $D14, _xlpm.headerText, "Dependent Variable: "&_xlpm.kpiName, _xlpm.regA, '2A Regression'!$A$1:$A$10000, _xlpm.regB, '2A Regression'!$B$1:$B$10000, _xlpm.regE, '2A Regression'!$E$1:$E$10000, _xlpm.headerRow, MATCH(_xlpm.headerText, _xlpm.regA, 0), _xlpm.nextHeaderRow, _xlfn.AGGREGATE(15, 6, ROW(_xlpm.regA)/((LEFT(_xlpm.regA,19)="Dependent Variable:")*(ROW(_xlpm.regA)>_xlpm.headerRow)), 1), _xlpm.searchStart, _xlpm.headerRow, _xlpm.searchEnd, IF(ISERROR(_xlpm.nextHeaderRow), 300, _xlpm.nextHeaderRow-1), _xlpm.factorPos, _xlfn.AGGREGATE(15, 6, ROW(_xlpm.regB)/((_xlpm.regB=_xlpm.factorName)*(ROW(_xlpm.regB)>=_xlpm.searchStart)*(ROW(_xlpm.regB)<=_xlpm.searchEnd)), 1), IF(ISERROR(_xlpm.factorPos), 0, INDEX(_xlpm.regE, _xlpm.factorPos)) )} -> 0 | L14: {=_xlfn.LET( _xlpm.kpiName, L$2, _xlpm.factorName, $D14, _xlpm.headerText, "Dependent Variable: "&_xlpm.kpiName, _xlpm.regA, '2A Regression'!$A$1:$A$10000, _xlpm.regB, '2A Regression'!$B$1:$B$10000, _xlpm.regE, '2A Regression'!$E$1:$E$10000, _xlpm.headerRow, MATCH(_xlpm.headerText, _xlpm.regA, 0), _xlpm.nextHeaderRow, _xlfn.AGGREGATE(15, 6, ROW(_xlpm.regA)/((LEFT(_xlpm.regA,19)="Dependent Variable:")*(ROW(_xlpm.regA)>_xlpm.headerRow)), 1), _xlpm.searchStart, _xlpm.headerRow, _xlpm.searchEnd, IF(ISERROR(_xlpm.nextHeaderRow), 300, _xlpm.nextHeaderRow-1), _xlpm.factorPos, _xlfn.AGGREGATE(15, 6, ROW(_xlpm.regB)/((_xlpm.regB=_xlpm.factorName)*(ROW(_xlpm.regB)>=_xlpm.searchStart)*(ROW(_xlpm.regB)<=_xlpm.searchEnd)), 1), IF(ISERROR(_xlpm.factorPos), 0, INDEX(_xlpm.regE, _xlpm.factorPos)) )} -> 0 | ... X14: {=_xlfn.LET( _xlpm.kpiName, X$2, _xlpm.factorName, $D14, _xlpm.headerText, "Dependent Variable: "&_xlpm.kpiName, _xlpm.regA, '2A Regression'!$A$1:$A$10000, _xlpm.regB, '2A Regression'!$B$1:$B$10000, _xlpm.regE, '2A Regression'!$E$1:$E$10000, _xlpm.headerRow, MATCH(_xlpm.headerText, _xlpm.regA, 0), _xlpm.nextHeaderRow, _xlfn.AGGREGATE(15, 6, ROW(_xlpm.regA)/((LEFT(_xlpm.regA,19)="Dependent Variable:")*(ROW(_xlpm.regA)>_xlpm.headerRow)), 1), _xlpm.searchStart, _xlpm.headerRow, _xlpm.searchEnd, IF(ISERROR(_xlpm.nextHeaderRow), 300, _xlpm.nextHeaderRow-1), _xlpm.factorPos, _xlfn.AGGREGATE(15, 6, ROW(_xlpm.regB)/((_xlpm.regB=_xlpm.factorName)*(ROW(_xlpm.regB)>=_xlpm.searchStart)*(ROW(_xlpm.regB)<=_xlpm.searchEnd)), 1), IF(ISERROR(_xlpm.factorPos), 0, INDEX(_xlpm.regE, _xlpm.factorPos)) )} -> 0
D15: Factor13 | E15: {=_xlfn.LET( _xlpm.kpiName, E$2, _xlpm.factorName, $D15, _xlpm.headerText, "Dependent Variable: "&_xlpm.kpiName, _xlpm.regA, '2A Regression'!$A$1:$A$10000, _xlpm.regB, '2A Regression'!$B$1:$B$10000, _xlpm.regE, '2A Regression'!$E$1:$E$10000, _xlpm.headerRow, MATCH(_xlpm.headerText, _xlpm.regA, 0), _xlpm.nextHeaderRow, _xlfn.AGGREGATE(15, 6, ROW(_xlpm.regA)/((LEFT(_xlpm.regA,19)="Dependent Variable:")*(ROW(_xlpm.regA)>_xlpm.headerRow)), 1), _xlpm.searchStart, _xlpm.headerRow, _xlpm.searchEnd, IF(ISERROR(_xlpm.nextHeaderRow), 300, _xlpm.nextHeaderRow-1), _xlpm.factorPos, _xlfn.AGGREGATE(15, 6, ROW(_xlpm.regB)/((_xlpm.regB=_xlpm.factorName)*(ROW(_xlpm.regB)>=_xlpm.searchStart)*(ROW(_xlpm.regB)<=_xlpm.searchEnd)), 1), IF(ISERROR(_xlpm.factorPos), 0, INDEX(_xlpm.regE, _xlpm.factorPos)) )} -> 0.023427917 | F15: {=_xlfn.LET( _xlpm.kpiName, F$2, _xlpm.factorName, $D15, _xlpm.headerText, "Dependent Variable: "&_xlpm.kpiName, _xlpm.regA, '2A Regression'!$A$1:$A$10000, _xlpm.regB, '2A Regression'!$B$1:$B$10000, _xlpm.regE, '2A Regression'!$E$1:$E$10000, _xlpm.headerRow, MATCH(_xlpm.headerText, _xlpm.regA, 0), _xlpm.nextHeaderRow, _xlfn.AGGREGATE(15, 6, ROW(_xlpm.regA)/((LEFT(_xlpm.regA,19)="Dependent Variable:")*(ROW(_xlpm.regA)>_xlpm.headerRow)), 1), _xlpm.searchStart, _xlpm.headerRow, _xlpm.searchEnd, IF(ISERROR(_xlpm.nextHeaderRow), 300, _xlpm.nextHeaderRow-1), _xlpm.factorPos, _xlfn.AGGREGATE(15, 6, ROW(_xlpm.regB)/((_xlpm.regB=_xlpm.factorName)*(ROW(_xlpm.regB)>=_xlpm.searchStart)*(ROW(_xlpm.regB)<=_xlpm.searchEnd)), 1), IF(ISERROR(_xlpm.factorPos), 0, INDEX(_xlpm.regE, _xlpm.factorPos)) )} -> -0.017209135 | G15: {=_xlfn.LET( _xlpm.kpiName, G$2, _xlpm.factorName, $D15, _xlpm.headerText, "Dependent Variable: "&_xlpm.kpiName, _xlpm.regA, '2A Regression'!$A$1:$A$10000, _xlpm.regB, '2A Regression'!$B$1:$B$10000, _xlpm.regE, '2A Regression'!$E$1:$E$10000, _xlpm.headerRow, MATCH(_xlpm.headerText, _xlpm.regA, 0), _xlpm.nextHeaderRow, _xlfn.AGGREGATE(15, 6, ROW(_xlpm.regA)/((LEFT(_xlpm.regA,19)="Dependent Variable:")*(ROW(_xlpm.regA)>_xlpm.headerRow)), 1), _xlpm.searchStart, _xlpm.headerRow, _xlpm.searchEnd, IF(ISERROR(_xlpm.nextHeaderRow), 300, _xlpm.nextHeaderRow-1), _xlpm.factorPos, _xlfn.AGGREGATE(15, 6, ROW(_xlpm.regB)/((_xlpm.regB=_xlpm.factorName)*(ROW(_xlpm.regB)>=_xlpm.searchStart)*(ROW(_xlpm.regB)<=_xlpm.searchEnd)), 1), IF(ISERROR(_xlpm.factorPos), 0, INDEX(_xlpm.regE, _xlpm.factorPos)) )} -> 0.023427917 | H15: {=_xlfn.LET( _xlpm.kpiName, H$2, _xlpm.factorName, $D15, _xlpm.headerText, "Dependent Variable: "&_xlpm.kpiName, _xlpm.regA, '2A Regression'!$A$1:$A$10000, _xlpm.regB, '2A Regression'!$B$1:$B$10000, _xlpm.regE, '2A Regression'!$E$1:$E$10000, _xlpm.headerRow, MATCH(_xlpm.headerText, _xlpm.regA, 0), _xlpm.nextHeaderRow, _xlfn.AGGREGATE(15, 6, ROW(_xlpm.regA)/((LEFT(_xlpm.regA,19)="Dependent Variable:")*(ROW(_xlpm.regA)>_xlpm.headerRow)), 1), _xlpm.searchStart, _xlpm.headerRow, _xlpm.searchEnd, IF(ISERROR(_xlpm.nextHeaderRow), 300, _xlpm.nextHeaderRow-1), _xlpm.factorPos, _xlfn.AGGREGATE(15, 6, ROW(_xlpm.regB)/((_xlpm.regB=_xlpm.factorName)*(ROW(_xlpm.regB)>=_xlpm.searchStart)*(ROW(_xlpm.regB)<=_xlpm.searchEnd)), 1), IF(ISERROR(_xlpm.factorPos), 0, INDEX(_xlpm.regE, _xlpm.factorPos)) )} -> -0.017209135 | I15: {=_xlfn.LET( _xlpm.kpiName, I$2, _xlpm.factorName, $D15, _xlpm.headerText, "Dependent Variable: "&_xlpm.kpiName, _xlpm.regA, '2A Regression'!$A$1:$A$10000, _xlpm.regB, '2A Regression'!$B$1:$B$10000, _xlpm.regE, '2A Regression'!$E$1:$E$10000, _xlpm.headerRow, MATCH(_xlpm.headerText, _xlpm.regA, 0), _xlpm.nextHeaderRow, _xlfn.AGGREGATE(15, 6, ROW(_xlpm.regA)/((LEFT(_xlpm.regA,19)="Dependent Variable:")*(ROW(_xlpm.regA)>_xlpm.headerRow)), 1), _xlpm.searchStart, _xlpm.headerRow, _xlpm.searchEnd, IF(ISERROR(_xlpm.nextHeaderRow), 300, _xlpm.nextHeaderRow-1), _xlpm.factorPos, _xlfn.AGGREGATE(15, 6, ROW(_xlpm.regB)/((_xlpm.regB=_xlpm.factorName)*(ROW(_xlpm.regB)>=_xlpm.searchStart)*(ROW(_xlpm.regB)<=_xlpm.searchEnd)), 1), IF(ISERROR(_xlpm.factorPos), 0, INDEX(_xlpm.regE, _xlpm.factorPos)) )} -> 0.062370626 | J15: {=_xlfn.LET( _xlpm.kpiName, J$2, _xlpm.factorName, $D15, _xlpm.headerText, "Dependent Variable: "&_xlpm.kpiName, _xlpm.regA, '2A Regression'!$A$1:$A$10000, _xlpm.regB, '2A Regression'!$B$1:$B$10000, _xlpm.regE, '2A Regression'!$E$1:$E$10000, _xlpm.headerRow, MATCH(_xlpm.headerText, _xlpm.regA, 0), _xlpm.nextHeaderRow, _xlfn.AGGREGATE(15, 6, ROW(_xlpm.regA)/((LEFT(_xlpm.regA,19)="Dependent Variable:")*(ROW(_xlpm.regA)>_xlpm.headerRow)), 1), _xlpm.searchStart, _xlpm.headerRow, _xlpm.searchEnd, IF(ISERROR(_xlpm.nextHeaderRow), 300, _xlpm.nextHeaderRow-1), _xlpm.factorPos, _xlfn.AGGREGATE(15, 6, ROW(_xlpm.regB)/((_xlpm.regB=_xlpm.factorName)*(ROW(_xlpm.regB)>=_xlpm.searchStart)*(ROW(_xlpm.regB)<=_xlpm.searchEnd)), 1), IF(ISERROR(_xlpm.factorPos), 0, INDEX(_xlpm.regE, _xlpm.factorPos)) )} -> 0 | K15: {=_xlfn.LET( _xlpm.kpiName, K$2, _xlpm.factorName, $D15, _xlpm.headerText, "Dependent Variable: "&_xlpm.kpiName, _xlpm.regA, '2A Regression'!$A$1:$A$10000, _xlpm.regB, '2A Regression'!$B$1:$B$10000, _xlpm.regE, '2A Regression'!$E$1:$E$10000, _xlpm.headerRow, MATCH(_xlpm.headerText, _xlpm.regA, 0), _xlpm.nextHeaderRow, _xlfn.AGGREGATE(15, 6, ROW(_xlpm.regA)/((LEFT(_xlpm.regA,19)="Dependent Variable:")*(ROW(_xlpm.regA)>_xlpm.headerRow)), 1), _xlpm.searchStart, _xlpm.headerRow, _xlpm.searchEnd, IF(ISERROR(_xlpm.nextHeaderRow), 300, _xlpm.nextHeaderRow-1), _xlpm.factorPos, _xlfn.AGGREGATE(15, 6, ROW(_xlpm.regB)/((_xlpm.regB=_xlpm.factorName)*(ROW(_xlpm.regB)>=_xlpm.searchStart)*(ROW(_xlpm.regB)<=_xlpm.searchEnd)), 1), IF(ISERROR(_xlpm.factorPos), 0, INDEX(_xlpm.regE, _xlpm.factorPos)) )} -> 0 | L15: {=_xlfn.LET( _xlpm.kpiName, L$2, _xlpm.factorName, $D15, _xlpm.headerText, "Dependent Variable: "&_xlpm.kpiName, _xlpm.regA, '2A Regression'!$A$1:$A$10000, _xlpm.regB, '2A Regression'!$B$1:$B$10000, _xlpm.regE, '2A Regression'!$E$1:$E$10000, _xlpm.headerRow, MATCH(_xlpm.headerText, _xlpm.regA, 0), _xlpm.nextHeaderRow, _xlfn.AGGREGATE(15, 6, ROW(_xlpm.regA)/((LEFT(_xlpm.regA,19)="Dependent Variable:")*(ROW(_xlpm.regA)>_xlpm.headerRow)), 1), _xlpm.searchStart, _xlpm.headerRow, _xlpm.searchEnd, IF(ISERROR(_xlpm.nextHeaderRow), 300, _xlpm.nextHeaderRow-1), _xlpm.factorPos, _xlfn.AGGREGATE(15, 6, ROW(_xlpm.regB)/((_xlpm.regB=_xlpm.factorName)*(ROW(_xlpm.regB)>=_xlpm.searchStart)*(ROW(_xlpm.regB)<=_xlpm.searchEnd)), 1), IF(ISERROR(_xlpm.factorPos), 0, INDEX(_xlpm.regE, _xlpm.factorPos)) )} -> 0 | ... X15: {=_xlfn.LET( _xlpm.kpiName, X$2, _xlpm.factorName, $D15, _xlpm.headerText, "Dependent Variable: "&_xlpm.kpiName, _xlpm.regA, '2A Regression'!$A$1:$A$10000, _xlpm.regB, '2A Regression'!$B$1:$B$10000, _xlpm.regE, '2A Regression'!$E$1:$E$10000, _xlpm.headerRow, MATCH(_xlpm.headerText, _xlpm.regA, 0), _xlpm.nextHeaderRow, _xlfn.AGGREGATE(15, 6, ROW(_xlpm.regA)/((LEFT(_xlpm.regA,19)="Dependent Variable:")*(ROW(_xlpm.regA)>_xlpm.headerRow)), 1), _xlpm.searchStart, _xlpm.headerRow, _xlpm.searchEnd, IF(ISERROR(_xlpm.nextHeaderRow), 300, _xlpm.nextHeaderRow-1), _xlpm.factorPos, _xlfn.AGGREGATE(15, 6, ROW(_xlpm.regB)/((_xlpm.regB=_xlpm.factorName)*(ROW(_xlpm.regB)>=_xlpm.searchStart)*(ROW(_xlpm.regB)<=_xlpm.searchEnd)), 1), IF(ISERROR(_xlpm.factorPos), 0, INDEX(_xlpm.regE, _xlpm.factorPos)) )} -> 0
D16: Factor14 | E16: {=_xlfn.LET( _xlpm.kpiName, E$2, _xlpm.factorName, $D16, _xlpm.headerText, "Dependent Variable: "&_xlpm.kpiName, _xlpm.regA, '2A Regression'!$A$1:$A$10000, _xlpm.regB, '2A Regression'!$B$1:$B$10000, _xlpm.regE, '2A Regression'!$E$1:$E$10000, _xlpm.headerRow, MATCH(_xlpm.headerText, _xlpm.regA, 0), _xlpm.nextHeaderRow, _xlfn.AGGREGATE(15, 6, ROW(_xlpm.regA)/((LEFT(_xlpm.regA,19)="Dependent Variable:")*(ROW(_xlpm.regA)>_xlpm.headerRow)), 1), _xlpm.searchStart, _xlpm.headerRow, _xlpm.searchEnd, IF(ISERROR(_xlpm.nextHeaderRow), 300, _xlpm.nextHeaderRow-1), _xlpm.factorPos, _xlfn.AGGREGATE(15, 6, ROW(_xlpm.regB)/((_xlpm.regB=_xlpm.factorName)*(ROW(_xlpm.regB)>=_xlpm.searchStart)*(ROW(_xlpm.regB)<=_xlpm.searchEnd)), 1), IF(ISERROR(_xlpm.factorPos), 0, INDEX(_xlpm.regE, _xlpm.factorPos)) )} -> 0.023385796 | F16: {=_xlfn.LET( _xlpm.kpiName, F$2, _xlpm.factorName, $D16, _xlpm.headerText, "Dependent Variable: "&_xlpm.kpiName, _xlpm.regA, '2A Regression'!$A$1:$A$10000, _xlpm.regB, '2A Regression'!$B$1:$B$10000, _xlpm.regE, '2A Regression'!$E$1:$E$10000, _xlpm.headerRow, MATCH(_xlpm.headerText, _xlpm.regA, 0), _xlpm.nextHeaderRow, _xlfn.AGGREGATE(15, 6, ROW(_xlpm.regA)/((LEFT(_xlpm.regA,19)="Dependent Variable:")*(ROW(_xlpm.regA)>_xlpm.headerRow)), 1), _xlpm.searchStart, _xlpm.headerRow, _xlpm.searchEnd, IF(ISERROR(_xlpm.nextHeaderRow), 300, _xlpm.nextHeaderRow-1), _xlpm.factorPos, _xlfn.AGGREGATE(15, 6, ROW(_xlpm.regB)/((_xlpm.regB=_xlpm.factorName)*(ROW(_xlpm.regB)>=_xlpm.searchStart)*(ROW(_xlpm.regB)<=_xlpm.searchEnd)), 1), IF(ISERROR(_xlpm.factorPos), 0, INDEX(_xlpm.regE, _xlpm.factorPos)) )} -> 0.030611301 | G16: {=_xlfn.LET( _xlpm.kpiName, G$2, _xlpm.factorName, $D16, _xlpm.headerText, "Dependent Variable: "&_xlpm.kpiName, _xlpm.regA, '2A Regression'!$A$1:$A$10000, _xlpm.regB, '2A Regression'!$B$1:$B$10000, _xlpm.regE, '2A Regression'!$E$1:$E$10000, _xlpm.headerRow, MATCH(_xlpm.headerText, _xlpm.regA, 0), _xlpm.nextHeaderRow, _xlfn.AGGREGATE(15, 6, ROW(_xlpm.regA)/((LEFT(_xlpm.regA,19)="Dependent Variable:")*(ROW(_xlpm.regA)>_xlpm.headerRow)), 1), _xlpm.searchStart, _xlpm.headerRow, _xlpm.searchEnd, IF(ISERROR(_xlpm.nextHeaderRow), 300, _xlpm.nextHeaderRow-1), _xlpm.factorPos, _xlfn.AGGREGATE(15, 6, ROW(_xlpm.regB)/((_xlpm.regB=_xlpm.factorName)*(ROW(_xlpm.regB)>=_xlpm.searchStart)*(ROW(_xlpm.regB)<=_xlpm.searchEnd)), 1), IF(ISERROR(_xlpm.factorPos), 0, INDEX(_xlpm.regE, _xlpm.factorPos)) )} -> 0.023385796 | H16: {=_xlfn.LET( _xlpm.kpiName, H$2, _xlpm.factorName, $D16, _xlpm.headerText, "Dependent Variable: "&_xlpm.kpiName, _xlpm.regA, '2A Regression'!$A$1:$A$10000, _xlpm.regB, '2A Regression'!$B$1:$B$10000, _xlpm.regE, '2A Regression'!$E$1:$E$10000, _xlpm.headerRow, MATCH(_xlpm.headerText, _xlpm.regA, 0), _xlpm.nextHeaderRow, _xlfn.AGGREGATE(15, 6, ROW(_xlpm.regA)/((LEFT(_xlpm.regA,19)="Dependent Variable:")*(ROW(_xlpm.regA)>_xlpm.headerRow)), 1), _xlpm.searchStart, _xlpm.headerRow, _xlpm.searchEnd, IF(ISERROR(_xlpm.nextHeaderRow), 300, _xlpm.nextHeaderRow-1), _xlpm.factorPos, _xlfn.AGGREGATE(15, 6, ROW(_xlpm.regB)/((_xlpm.regB=_xlpm.factorName)*(ROW(_xlpm.regB)>=_xlpm.searchStart)*(ROW(_xlpm.regB)<=_xlpm.searchEnd)), 1), IF(ISERROR(_xlpm.factorPos), 0, INDEX(_xlpm.regE, _xlpm.factorPos)) )} -> 0.030611301 | I16: {=_xlfn.LET( _xlpm.kpiName, I$2, _xlpm.factorName, $D16, _xlpm.headerText, "Dependent Variable: "&_xlpm.kpiName, _xlpm.regA, '2A Regression'!$A$1:$A$10000, _xlpm.regB, '2A Regression'!$B$1:$B$10000, _xlpm.regE, '2A Regression'!$E$1:$E$10000, _xlpm.headerRow, MATCH(_xlpm.headerText, _xlpm.regA, 0), _xlpm.nextHeaderRow, _xlfn.AGGREGATE(15, 6, ROW(_xlpm.regA)/((LEFT(_xlpm.regA,19)="Dependent Variable:")*(ROW(_xlpm.regA)>_xlpm.headerRow)), 1), _xlpm.searchStart, _xlpm.headerRow, _xlpm.searchEnd, IF(ISERROR(_xlpm.nextHeaderRow), 300, _xlpm.nextHeaderRow-1), _xlpm.factorPos, _xlfn.AGGREGATE(15, 6, ROW(_xlpm.regB)/((_xlpm.regB=_xlpm.factorName)*(ROW(_xlpm.regB)>=_xlpm.searchStart)*(ROW(_xlpm.regB)<=_xlpm.searchEnd)), 1), IF(ISERROR(_xlpm.factorPos), 0, INDEX(_xlpm.regE, _xlpm.factorPos)) )} -> 0.10331807 | J16: {=_xlfn.LET( _xlpm.kpiName, J$2, _xlpm.factorName, $D16, _xlpm.headerText, "Dependent Variable: "&_xlpm.kpiName, _xlpm.regA, '2A Regression'!$A$1:$A$10000, _xlpm.regB, '2A Regression'!$B$1:$B$10000, _xlpm.regE, '2A Regression'!$E$1:$E$10000, _xlpm.headerRow, MATCH(_xlpm.headerText, _xlpm.regA, 0), _xlpm.nextHeaderRow, _xlfn.AGGREGATE(15, 6, ROW(_xlpm.regA)/((LEFT(_xlpm.regA,19)="Dependent Variable:")*(ROW(_xlpm.regA)>_xlpm.headerRow)), 1), _xlpm.searchStart, _xlpm.headerRow, _xlpm.searchEnd, IF(ISERROR(_xlpm.nextHeaderRow), 300, _xlpm.nextHeaderRow-1), _xlpm.factorPos, _xlfn.AGGREGATE(15, 6, ROW(_xlpm.regB)/((_xlpm.regB=_xlpm.factorName)*(ROW(_xlpm.regB)>=_xlpm.searchStart)*(ROW(_xlpm.regB)<=_xlpm.searchEnd)), 1), IF(ISERROR(_xlpm.factorPos), 0, INDEX(_xlpm.regE, _xlpm.factorPos)) )} -> 0 | K16: {=_xlfn.LET( _xlpm.kpiName, K$2, _xlpm.factorName, $D16, _xlpm.headerText, "Dependent Variable: "&_xlpm.kpiName, _xlpm.regA, '2A Regression'!$A$1:$A$10000, _xlpm.regB, '2A Regression'!$B$1:$B$10000, _xlpm.regE, '2A Regression'!$E$1:$E$10000, _xlpm.headerRow, MATCH(_xlpm.headerText, _xlpm.regA, 0), _xlpm.nextHeaderRow, _xlfn.AGGREGATE(15, 6, ROW(_xlpm.regA)/((LEFT(_xlpm.regA,19)="Dependent Variable:")*(ROW(_xlpm.regA)>_xlpm.headerRow)), 1), _xlpm.searchStart, _xlpm.headerRow, _xlpm.searchEnd, IF(ISERROR(_xlpm.nextHeaderRow), 300, _xlpm.nextHeaderRow-1), _xlpm.factorPos, _xlfn.AGGREGATE(15, 6, ROW(_xlpm.regB)/((_xlpm.regB=_xlpm.factorName)*(ROW(_xlpm.regB)>=_xlpm.searchStart)*(ROW(_xlpm.regB)<=_xlpm.searchEnd)), 1), IF(ISERROR(_xlpm.factorPos), 0, INDEX(_xlpm.regE, _xlpm.factorPos)) )} -> 0 | L16: {=_xlfn.LET( _xlpm.kpiName, L$2, _xlpm.factorName, $D16, _xlpm.headerText, "Dependent Variable: "&_xlpm.kpiName, _xlpm.regA, '2A Regression'!$A$1:$A$10000, _xlpm.regB, '2A Regression'!$B$1:$B$10000, _xlpm.regE, '2A Regression'!$E$1:$E$10000, _xlpm.headerRow, MATCH(_xlpm.headerText, _xlpm.regA, 0), _xlpm.nextHeaderRow, _xlfn.AGGREGATE(15, 6, ROW(_xlpm.regA)/((LEFT(_xlpm.regA,19)="Dependent Variable:")*(ROW(_xlpm.regA)>_xlpm.headerRow)), 1), _xlpm.searchStart, _xlpm.headerRow, _xlpm.searchEnd, IF(ISERROR(_xlpm.nextHeaderRow), 300, _xlpm.nextHeaderRow-1), _xlpm.factorPos, _xlfn.AGGREGATE(15, 6, ROW(_xlpm.regB)/((_xlpm.regB=_xlpm.factorName)*(ROW(_xlpm.regB)>=_xlpm.searchStart)*(ROW(_xlpm.regB)<=_xlpm.searchEnd)), 1), IF(ISERROR(_xlpm.factorPos), 0, INDEX(_xlpm.regE, _xlpm.factorPos)) )} -> 0 | ... X16: {=_xlfn.LET( _xlpm.kpiName, X$2, _xlpm.factorName, $D16, _xlpm.headerText, "Dependent Variable: "&_xlpm.kpiName, _xlpm.regA, '2A Regression'!$A$1:$A$10000, _xlpm.regB, '2A Regression'!$B$1:$B$10000, _xlpm.regE, '2A Regression'!$E$1:$E$10000, _xlpm.headerRow, MATCH(_xlpm.headerText, _xlpm.regA, 0), _xlpm.nextHeaderRow, _xlfn.AGGREGATE(15, 6, ROW(_xlpm.regA)/((LEFT(_xlpm.regA,19)="Dependent Variable:")*(ROW(_xlpm.regA)>_xlpm.headerRow)), 1), _xlpm.searchStart, _xlpm.headerRow, _xlpm.searchEnd, IF(ISERROR(_xlpm.nextHeaderRow), 300, _xlpm.nextHeaderRow-1), _xlpm.factorPos, _xlfn.AGGREGATE(15, 6, ROW(_xlpm.regB)/((_xlpm.regB=_xlpm.factorName)*(ROW(_xlpm.regB)>=_xlpm.searchStart)*(ROW(_xlpm.regB)<=_xlpm.searchEnd)), 1), IF(ISERROR(_xlpm.factorPos), 0, INDEX(_xlpm.regE, _xlpm.factorPos)) )} -> 0
D17: Factor15 | E17: {=_xlfn.LET( _xlpm.kpiName, E$2, _xlpm.factorName, $D17, _xlpm.headerText, "Dependent Variable: "&_xlpm.kpiName, _xlpm.regA, '2A Regression'!$A$1:$A$10000, _xlpm.regB, '2A Regression'!$B$1:$B$10000, _xlpm.regE, '2A Regression'!$E$1:$E$10000, _xlpm.headerRow, MATCH(_xlpm.headerText, _xlpm.regA, 0), _xlpm.nextHeaderRow, _xlfn.AGGREGATE(15, 6, ROW(_xlpm.regA)/((LEFT(_xlpm.regA,19)="Dependent Variable:")*(ROW(_xlpm.regA)>_xlpm.headerRow)), 1), _xlpm.searchStart, _xlpm.headerRow, _xlpm.searchEnd, IF(ISERROR(_xlpm.nextHeaderRow), 300, _xlpm.nextHeaderRow-1), _xlpm.factorPos, _xlfn.AGGREGATE(15, 6, ROW(_xlpm.regB)/((_xlpm.regB=_xlpm.factorName)*(ROW(_xlpm.regB)>=_xlpm.searchStart)*(ROW(_xlpm.regB)<=_xlpm.searchEnd)), 1), IF(ISERROR(_xlpm.factorPos), 0, INDEX(_xlpm.regE, _xlpm.factorPos)) )} -> 0.022137191 | F17: {=_xlfn.LET( _xlpm.kpiName, F$2, _xlpm.factorName, $D17, _xlpm.headerText, "Dependent Variable: "&_xlpm.kpiName, _xlpm.regA, '2A Regression'!$A$1:$A$10000, _xlpm.regB, '2A Regression'!$B$1:$B$10000, _xlpm.regE, '2A Regression'!$E$1:$E$10000, _xlpm.headerRow, MATCH(_xlpm.headerText, _xlpm.regA, 0), _xlpm.nextHeaderRow, _xlfn.AGGREGATE(15, 6, ROW(_xlpm.regA)/((LEFT(_xlpm.regA,19)="Dependent Variable:")*(ROW(_xlpm.regA)>_xlpm.headerRow)), 1), _xlpm.searchStart, _xlpm.headerRow, _xlpm.searchEnd, IF(ISERROR(_xlpm.nextHeaderRow), 300, _xlpm.nextHeaderRow-1), _xlpm.factorPos, _xlfn.AGGREGATE(15, 6, ROW(_xlpm.regB)/((_xlpm.regB=_xlpm.factorName)*(ROW(_xlpm.regB)>=_xlpm.searchStart)*(ROW(_xlpm.regB)<=_xlpm.searchEnd)), 1), IF(ISERROR(_xlpm.factorPos), 0, INDEX(_xlpm.regE, _xlpm.factorPos)) )} -> -0.0029798654 | G17: {=_xlfn.LET( _xlpm.kpiName, G$2, _xlpm.factorName, $D17, _xlpm.headerText, "Dependent Variable: "&_xlpm.kpiName, _xlpm.regA, '2A Regression'!$A$1:$A$10000, _xlpm.regB, '2A Regression'!$B$1:$B$10000, _xlpm.regE, '2A Regression'!$E$1:$E$10000, _xlpm.headerRow, MATCH(_xlpm.headerText, _xlpm.regA, 0), _xlpm.nextHeaderRow, _xlfn.AGGREGATE(15, 6, ROW(_xlpm.regA)/((LEFT(_xlpm.regA,19)="Dependent Variable:")*(ROW(_xlpm.regA)>_xlpm.headerRow)), 1), _xlpm.searchStart, _xlpm.headerRow, _xlpm.searchEnd, IF(ISERROR(_xlpm.nextHeaderRow), 300, _xlpm.nextHeaderRow-1), _xlpm.factorPos, _xlfn.AGGREGATE(15, 6, ROW(_xlpm.regB)/((_xlpm.regB=_xlpm.factorName)*(ROW(_xlpm.regB)>=_xlpm.searchStart)*(ROW(_xlpm.regB)<=_xlpm.searchEnd)), 1), IF(ISERROR(_xlpm.factorPos), 0, INDEX(_xlpm.regE, _xlpm.factorPos)) )} -> 0.022137191 | H17: {=_xlfn.LET( _xlpm.kpiName, H$2, _xlpm.factorName, $D17, _xlpm.headerText, "Dependent Variable: "&_xlpm.kpiName, _xlpm.regA, '2A Regression'!$A$1:$A$10000, _xlpm.regB, '2A Regression'!$B$1:$B$10000, _xlpm.regE, '2A Regression'!$E$1:$E$10000, _xlpm.headerRow, MATCH(_xlpm.headerText, _xlpm.regA, 0), _xlpm.nextHeaderRow, _xlfn.AGGREGATE(15, 6, ROW(_xlpm.regA)/((LEFT(_xlpm.regA,19)="Dependent Variable:")*(ROW(_xlpm.regA)>_xlpm.headerRow)), 1), _xlpm.searchStart, _xlpm.headerRow, _xlpm.searchEnd, IF(ISERROR(_xlpm.nextHeaderRow), 300, _xlpm.nextHeaderRow-1), _xlpm.factorPos, _xlfn.AGGREGATE(15, 6, ROW(_xlpm.regB)/((_xlpm.regB=_xlpm.factorName)*(ROW(_xlpm.regB)>=_xlpm.searchStart)*(ROW(_xlpm.regB)<=_xlpm.searchEnd)), 1), IF(ISERROR(_xlpm.factorPos), 0, INDEX(_xlpm.regE, _xlpm.factorPos)) )} -> -0.0029798654 | I17: {=_xlfn.LET( _xlpm.kpiName, I$2, _xlpm.factorName, $D17, _xlpm.headerText, "Dependent Variable: "&_xlpm.kpiName, _xlpm.regA, '2A Regression'!$A$1:$A$10000, _xlpm.regB, '2A Regression'!$B$1:$B$10000, _xlpm.regE, '2A Regression'!$E$1:$E$10000, _xlpm.headerRow, MATCH(_xlpm.headerText, _xlpm.regA, 0), _xlpm.nextHeaderRow, _xlfn.AGGREGATE(15, 6, ROW(_xlpm.regA)/((LEFT(_xlpm.regA,19)="Dependent Variable:")*(ROW(_xlpm.regA)>_xlpm.headerRow)), 1), _xlpm.searchStart, _xlpm.headerRow, _xlpm.searchEnd, IF(ISERROR(_xlpm.nextHeaderRow), 300, _xlpm.nextHeaderRow-1), _xlpm.factorPos, _xlfn.AGGREGATE(15, 6, ROW(_xlpm.regB)/((_xlpm.regB=_xlpm.factorName)*(ROW(_xlpm.regB)>=_xlpm.searchStart)*(ROW(_xlpm.regB)<=_xlpm.searchEnd)), 1), IF(ISERROR(_xlpm.factorPos), 0, INDEX(_xlpm.regE, _xlpm.factorPos)) )} -> 0.094644484 | J17: {=_xlfn.LET( _xlpm.kpiName, J$2, _xlpm.factorName, $D17, _xlpm.headerText, "Dependent Variable: "&_xlpm.kpiName, _xlpm.regA, '2A Regression'!$A$1:$A$10000, _xlpm.regB, '2A Regression'!$B$1:$B$10000, _xlpm.regE, '2A Regression'!$E$1:$E$10000, _xlpm.headerRow, MATCH(_xlpm.headerText, _xlpm.regA, 0), _xlpm.nextHeaderRow, _xlfn.AGGREGATE(15, 6, ROW(_xlpm.regA)/((LEFT(_xlpm.regA,19)="Dependent Variable:")*(ROW(_xlpm.regA)>_xlpm.headerRow)), 1), _xlpm.searchStart, _xlpm.headerRow, _xlpm.searchEnd, IF(ISERROR(_xlpm.nextHeaderRow), 300, _xlpm.nextHeaderRow-1), _xlpm.factorPos, _xlfn.AGGREGATE(15, 6, ROW(_xlpm.regB)/((_xlpm.regB=_xlpm.factorName)*(ROW(_xlpm.regB)>=_xlpm.searchStart)*(ROW(_xlpm.regB)<=_xlpm.searchEnd)), 1), IF(ISERROR(_xlpm.factorPos), 0, INDEX(_xlpm.regE, _xlpm.factorPos)) )} -> 0 | K17: {=_xlfn.LET( _xlpm.kpiName, K$2, _xlpm.factorName, $D17, _xlpm.headerText, "Dependent Variable: "&_xlpm.kpiName, _xlpm.regA, '2A Regression'!$A$1:$A$10000, _xlpm.regB, '2A Regression'!$B$1:$B$10000, _xlpm.regE, '2A Regression'!$E$1:$E$10000, _xlpm.headerRow, MATCH(_xlpm.headerText, _xlpm.regA, 0), _xlpm.nextHeaderRow, _xlfn.AGGREGATE(15, 6, ROW(_xlpm.regA)/((LEFT(_xlpm.regA,19)="Dependent Variable:")*(ROW(_xlpm.regA)>_xlpm.headerRow)), 1), _xlpm.searchStart, _xlpm.headerRow, _xlpm.searchEnd, IF(ISERROR(_xlpm.nextHeaderRow), 300, _xlpm.nextHeaderRow-1), _xlpm.factorPos, _xlfn.AGGREGATE(15, 6, ROW(_xlpm.regB)/((_xlpm.regB=_xlpm.factorName)*(ROW(_xlpm.regB)>=_xlpm.searchStart)*(ROW(_xlpm.regB)<=_xlpm.searchEnd)), 1), IF(ISERROR(_xlpm.factorPos), 0, INDEX(_xlpm.regE, _xlpm.factorPos)) )} -> 0 | L17: {=_xlfn.LET( _xlpm.kpiName, L$2, _xlpm.factorName, $D17, _xlpm.headerText, "Dependent Variable: "&_xlpm.kpiName, _xlpm.regA, '2A Regression'!$A$1:$A$10000, _xlpm.regB, '2A Regression'!$B$1:$B$10000, _xlpm.regE, '2A Regression'!$E$1:$E$10000, _xlpm.headerRow, MATCH(_xlpm.headerText, _xlpm.regA, 0), _xlpm.nextHeaderRow, _xlfn.AGGREGATE(15, 6, ROW(_xlpm.regA)/((LEFT(_xlpm.regA,19)="Dependent Variable:")*(ROW(_xlpm.regA)>_xlpm.headerRow)), 1), _xlpm.searchStart, _xlpm.headerRow, _xlpm.searchEnd, IF(ISERROR(_xlpm.nextHeaderRow), 300, _xlpm.nextHeaderRow-1), _xlpm.factorPos, _xlfn.AGGREGATE(15, 6, ROW(_xlpm.regB)/((_xlpm.regB=_xlpm.factorName)*(ROW(_xlpm.regB)>=_xlpm.searchStart)*(ROW(_xlpm.regB)<=_xlpm.searchEnd)), 1), IF(ISERROR(_xlpm.factorPos), 0, INDEX(_xlpm.regE, _xlpm.factorPos)) )} -> 0 | ... X17: {=_xlfn.LET( _xlpm.kpiName, X$2, _xlpm.factorName, $D17, _xlpm.headerText, "Dependent Variable: "&_xlpm.kpiName, _xlpm.regA, '2A Regression'!$A$1:$A$10000, _xlpm.regB, '2A Regression'!$B$1:$B$10000, _xlpm.regE, '2A Regression'!$E$1:$E$10000, _xlpm.headerRow, MATCH(_xlpm.headerText, _xlpm.regA, 0), _xlpm.nextHeaderRow, _xlfn.AGGREGATE(15, 6, ROW(_xlpm.regA)/((LEFT(_xlpm.regA,19)="Dependent Variable:")*(ROW(_xlpm.regA)>_xlpm.headerRow)), 1), _xlpm.searchStart, _xlpm.headerRow, _xlpm.searchEnd, IF(ISERROR(_xlpm.nextHeaderRow), 300, _xlpm.nextHeaderRow-1), _xlpm.factorPos, _xlfn.AGGREGATE(15, 6, ROW(_xlpm.regB)/((_xlpm.regB=_xlpm.factorName)*(ROW(_xlpm.regB)>=_xlpm.searchStart)*(ROW(_xlpm.regB)<=_xlpm.searchEnd)), 1), IF(ISERROR(_xlpm.factorPos), 0, INDEX(_xlpm.regE, _xlpm.factorPos)) )} -> 0
D18: Factor16 | E18: {=_xlfn.LET( _xlpm.kpiName, E$2, _xlpm.factorName, $D18, _xlpm.headerText, "Dependent Variable: "&_xlpm.kpiName, _xlpm.regA, '2A Regression'!$A$1:$A$10000, _xlpm.regB, '2A Regression'!$B$1:$B$10000, _xlpm.regE, '2A Regression'!$E$1:$E$10000, _xlpm.headerRow, MATCH(_xlpm.headerText, _xlpm.regA, 0), _xlpm.nextHeaderRow, _xlfn.AGGREGATE(15, 6, ROW(_xlpm.regA)/((LEFT(_xlpm.regA,19)="Dependent Variable:")*(ROW(_xlpm.regA)>_xlpm.headerRow)), 1), _xlpm.searchStart, _xlpm.headerRow, _xlpm.searchEnd, IF(ISERROR(_xlpm.nextHeaderRow), 300, _xlpm.nextHeaderRow-1), _xlpm.factorPos, _xlfn.AGGREGATE(15, 6, ROW(_xlpm.regB)/((_xlpm.regB=_xlpm.factorName)*(ROW(_xlpm.regB)>=_xlpm.searchStart)*(ROW(_xlpm.regB)<=_xlpm.searchEnd)), 1), IF(ISERROR(_xlpm.factorPos), 0, INDEX(_xlpm.regE, _xlpm.factorPos)) )} -> 0.018461798 | F18: {=_xlfn.LET( _xlpm.kpiName, F$2, _xlpm.factorName, $D18, _xlpm.headerText, "Dependent Variable: "&_xlpm.kpiName, _xlpm.regA, '2A Regression'!$A$1:$A$10000, _xlpm.regB, '2A Regression'!$B$1:$B$10000, _xlpm.regE, '2A Regression'!$E$1:$E$10000, _xlpm.headerRow, MATCH(_xlpm.headerText, _xlpm.regA, 0), _xlpm.nextHeaderRow, _xlfn.AGGREGATE(15, 6, ROW(_xlpm.regA)/((LEFT(_xlpm.regA,19)="Dependent Variable:")*(ROW(_xlpm.regA)>_xlpm.headerRow)), 1), _xlpm.searchStart, _xlpm.headerRow, _xlpm.searchEnd, IF(ISERROR(_xlpm.nextHeaderRow), 300, _xlpm.nextHeaderRow-1), _xlpm.factorPos, _xlfn.AGGREGATE(15, 6, ROW(_xlpm.regB)/((_xlpm.regB=_xlpm.factorName)*(ROW(_xlpm.regB)>=_xlpm.searchStart)*(ROW(_xlpm.regB)<=_xlpm.searchEnd)), 1), IF(ISERROR(_xlpm.factorPos), 0, INDEX(_xlpm.regE, _xlpm.factorPos)) )} -> 0.016159273 | G18: {=_xlfn.LET( _xlpm.kpiName, G$2, _xlpm.factorName, $D18, _xlpm.headerText, "Dependent Variable: "&_xlpm.kpiName, _xlpm.regA, '2A Regression'!$A$1:$A$10000, _xlpm.regB, '2A Regression'!$B$1:$B$10000, _xlpm.regE, '2A Regression'!$E$1:$E$10000, _xlpm.headerRow, MATCH(_xlpm.headerText, _xlpm.regA, 0), _xlpm.nextHeaderRow, _xlfn.AGGREGATE(15, 6, ROW(_xlpm.regA)/((LEFT(_xlpm.regA,19)="Dependent Variable:")*(ROW(_xlpm.regA)>_xlpm.headerRow)), 1), _xlpm.searchStart, _xlpm.headerRow, _xlpm.searchEnd, IF(ISERROR(_xlpm.nextHeaderRow), 300, _xlpm.nextHeaderRow-1), _xlpm.factorPos, _xlfn.AGGREGATE(15, 6, ROW(_xlpm.regB)/((_xlpm.regB=_xlpm.factorName)*(ROW(_xlpm.regB)>=_xlpm.searchStart)*(ROW(_xlpm.regB)<=_xlpm.searchEnd)), 1), IF(ISERROR(_xlpm.factorPos), 0, INDEX(_xlpm.regE, _xlpm.factorPos)) )} -> 0.018461798 | H18: {=_xlfn.LET( _xlpm.kpiName, H$2, _xlpm.factorName, $D18, _xlpm.headerText, "Dependent Variable: "&_xlpm.kpiName, _xlpm.regA, '2A Regression'!$A$1:$A$10000, _xlpm.regB, '2A Regression'!$B$1:$B$10000, _xlpm.regE, '2A Regression'!$E$1:$E$10000, _xlpm.headerRow, MATCH(_xlpm.headerText, _xlpm.regA, 0), _xlpm.nextHeaderRow, _xlfn.AGGREGATE(15, 6, ROW(_xlpm.regA)/((LEFT(_xlpm.regA,19)="Dependent Variable:")*(ROW(_xlpm.regA)>_xlpm.headerRow)), 1), _xlpm.searchStart, _xlpm.headerRow, _xlpm.searchEnd, IF(ISERROR(_xlpm.nextHeaderRow), 300, _xlpm.nextHeaderRow-1), _xlpm.factorPos, _xlfn.AGGREGATE(15, 6, ROW(_xlpm.regB)/((_xlpm.regB=_xlpm.factorName)*(ROW(_xlpm.regB)>=_xlpm.searchStart)*(ROW(_xlpm.regB)<=_xlpm.searchEnd)), 1), IF(ISERROR(_xlpm.factorPos), 0, INDEX(_xlpm.regE, _xlpm.factorPos)) )} -> 0.016159273 | I18: {=_xlfn.LET( _xlpm.kpiName, I$2, _xlpm.factorName, $D18, _xlpm.headerText, "Dependent Variable: "&_xlpm.kpiName, _xlpm.regA, '2A Regression'!$A$1:$A$10000, _xlpm.regB, '2A Regression'!$B$1:$B$10000, _xlpm.regE, '2A Regression'!$E$1:$E$10000, _xlpm.headerRow, MATCH(_xlpm.headerText, _xlpm.regA, 0), _xlpm.nextHeaderRow, _xlfn.AGGREGATE(15, 6, ROW(_xlpm.regA)/((LEFT(_xlpm.regA,19)="Dependent Variable:")*(ROW(_xlpm.regA)>_xlpm.headerRow)), 1), _xlpm.searchStart, _xlpm.headerRow, _xlpm.searchEnd, IF(ISERROR(_xlpm.nextHeaderRow), 300, _xlpm.nextHeaderRow-1), _xlpm.factorPos, _xlfn.AGGREGATE(15, 6, ROW(_xlpm.regB)/((_xlpm.regB=_xlpm.factorName)*(ROW(_xlpm.regB)>=_xlpm.searchStart)*(ROW(_xlpm.regB)<=_xlpm.searchEnd)), 1), IF(ISERROR(_xlpm.factorPos), 0, INDEX(_xlpm.regE, _xlpm.factorPos)) )} -> 0.10164293 | J18: {=_xlfn.LET( _xlpm.kpiName, J$2, _xlpm.factorName, $D18, _xlpm.headerText, "Dependent Variable: "&_xlpm.kpiName, _xlpm.regA, '2A Regression'!$A$1:$A$10000, _xlpm.regB, '2A Regression'!$B$1:$B$10000, _xlpm.regE, '2A Regression'!$E$1:$E$10000, _xlpm.headerRow, MATCH(_xlpm.headerText, _xlpm.regA, 0), _xlpm.nextHeaderRow, _xlfn.AGGREGATE(15, 6, ROW(_xlpm.regA)/((LEFT(_xlpm.regA,19)="Dependent Variable:")*(ROW(_xlpm.regA)>_xlpm.headerRow)), 1), _xlpm.searchStart, _xlpm.headerRow, _xlpm.searchEnd, IF(ISERROR(_xlpm.nextHeaderRow), 300, _xlpm.nextHeaderRow-1), _xlpm.factorPos, _xlfn.AGGREGATE(15, 6, ROW(_xlpm.regB)/((_xlpm.regB=_xlpm.factorName)*(ROW(_xlpm.regB)>=_xlpm.searchStart)*(ROW(_xlpm.regB)<=_xlpm.searchEnd)), 1), IF(ISERROR(_xlpm.factorPos), 0, INDEX(_xlpm.regE, _xlpm.factorPos)) )} -> 0 | K18: {=_xlfn.LET( _xlpm.kpiName, K$2, _xlpm.factorName, $D18, _xlpm.headerText, "Dependent Variable: "&_xlpm.kpiName, _xlpm.regA, '2A Regression'!$A$1:$A$10000, _xlpm.regB, '2A Regression'!$B$1:$B$10000, _xlpm.regE, '2A Regression'!$E$1:$E$10000, _xlpm.headerRow, MATCH(_xlpm.headerText, _xlpm.regA, 0), _xlpm.nextHeaderRow, _xlfn.AGGREGATE(15, 6, ROW(_xlpm.regA)/((LEFT(_xlpm.regA,19)="Dependent Variable:")*(ROW(_xlpm.regA)>_xlpm.headerRow)), 1), _xlpm.searchStart, _xlpm.headerRow, _xlpm.searchEnd, IF(ISERROR(_xlpm.nextHeaderRow), 300, _xlpm.nextHeaderRow-1), _xlpm.factorPos, _xlfn.AGGREGATE(15, 6, ROW(_xlpm.regB)/((_xlpm.regB=_xlpm.factorName)*(ROW(_xlpm.regB)>=_xlpm.searchStart)*(ROW(_xlpm.regB)<=_xlpm.searchEnd)), 1), IF(ISERROR(_xlpm.factorPos), 0, INDEX(_xlpm.regE, _xlpm.factorPos)) )} -> 0 | L18: {=_xlfn.LET( _xlpm.kpiName, L$2, _xlpm.factorName, $D18, _xlpm.headerText, "Dependent Variable: "&_xlpm.kpiName, _xlpm.regA, '2A Regression'!$A$1:$A$10000, _xlpm.regB, '2A Regression'!$B$1:$B$10000, _xlpm.regE, '2A Regression'!$E$1:$E$10000, _xlpm.headerRow, MATCH(_xlpm.headerText, _xlpm.regA, 0), _xlpm.nextHeaderRow, _xlfn.AGGREGATE(15, 6, ROW(_xlpm.regA)/((LEFT(_xlpm.regA,19)="Dependent Variable:")*(ROW(_xlpm.regA)>_xlpm.headerRow)), 1), _xlpm.searchStart, _xlpm.headerRow, _xlpm.searchEnd, IF(ISERROR(_xlpm.nextHeaderRow), 300, _xlpm.nextHeaderRow-1), _xlpm.factorPos, _xlfn.AGGREGATE(15, 6, ROW(_xlpm.regB)/((_xlpm.regB=_xlpm.factorName)*(ROW(_xlpm.regB)>=_xlpm.searchStart)*(ROW(_xlpm.regB)<=_xlpm.searchEnd)), 1), IF(ISERROR(_xlpm.factorPos), 0, INDEX(_xlpm.regE, _xlpm.factorPos)) )} -> 0 | ... X18: {=_xlfn.LET( _xlpm.kpiName, X$2, _xlpm.factorName, $D18, _xlpm.headerText, "Dependent Variable: "&_xlpm.kpiName, _xlpm.regA, '2A Regression'!$A$1:$A$10000, _xlpm.regB, '2A Regression'!$B$1:$B$10000, _xlpm.regE, '2A Regression'!$E$1:$E$10000, _xlpm.headerRow, MATCH(_xlpm.headerText, _xlpm.regA, 0), _xlpm.nextHeaderRow, _xlfn.AGGREGATE(15, 6, ROW(_xlpm.regA)/((LEFT(_xlpm.regA,19)="Dependent Variable:")*(ROW(_xlpm.regA)>_xlpm.headerRow)), 1), _xlpm.searchStart, _xlpm.headerRow, _xlpm.searchEnd, IF(ISERROR(_xlpm.nextHeaderRow), 300, _xlpm.nextHeaderRow-1), _xlpm.factorPos, _xlfn.AGGREGATE(15, 6, ROW(_xlpm.regB)/((_xlpm.regB=_xlpm.factorName)*(ROW(_xlpm.regB)>=_xlpm.searchStart)*(ROW(_xlpm.regB)<=_xlpm.searchEnd)), 1), IF(ISERROR(_xlpm.factorPos), 0, INDEX(_xlpm.regE, _xlpm.factorPos)) )} -> 0
D19: Factor17 | E19: {=_xlfn.LET( _xlpm.kpiName, E$2, _xlpm.factorName, $D19, _xlpm.headerText, "Dependent Variable: "&_xlpm.kpiName, _xlpm.regA, '2A Regression'!$A$1:$A$10000, _xlpm.regB, '2A Regression'!$B$1:$B$10000, _xlpm.regE, '2A Regression'!$E$1:$E$10000, _xlpm.headerRow, MATCH(_xlpm.headerText, _xlpm.regA, 0), _xlpm.nextHeaderRow, _xlfn.AGGREGATE(15, 6, ROW(_xlpm.regA)/((LEFT(_xlpm.regA,19)="Dependent Variable:")*(ROW(_xlpm.regA)>_xlpm.headerRow)), 1), _xlpm.searchStart, _xlpm.headerRow, _xlpm.searchEnd, IF(ISERROR(_xlpm.nextHeaderRow), 300, _xlpm.nextHeaderRow-1), _xlpm.factorPos, _xlfn.AGGREGATE(15, 6, ROW(_xlpm.regB)/((_xlpm.regB=_xlpm.factorName)*(ROW(_xlpm.regB)>=_xlpm.searchStart)*(ROW(_xlpm.regB)<=_xlpm.searchEnd)), 1), IF(ISERROR(_xlpm.factorPos), 0, INDEX(_xlpm.regE, _xlpm.factorPos)) )} -> 0.0066404623 | F19: {=_xlfn.LET( _xlpm.kpiName, F$2, _xlpm.factorName, $D19, _xlpm.headerText, "Dependent Variable: "&_xlpm.kpiName, _xlpm.regA, '2A Regression'!$A$1:$A$10000, _xlpm.regB, '2A Regression'!$B$1:$B$10000, _xlpm.regE, '2A Regression'!$E$1:$E$10000, _xlpm.headerRow, MATCH(_xlpm.headerText, _xlpm.regA, 0), _xlpm.nextHeaderRow, _xlfn.AGGREGATE(15, 6, ROW(_xlpm.regA)/((LEFT(_xlpm.regA,19)="Dependent Variable:")*(ROW(_xlpm.regA)>_xlpm.headerRow)), 1), _xlpm.searchStart, _xlpm.headerRow, _xlpm.searchEnd, IF(ISERROR(_xlpm.nextHeaderRow), 300, _xlpm.nextHeaderRow-1), _xlpm.factorPos, _xlfn.AGGREGATE(15, 6, ROW(_xlpm.regB)/((_xlpm.regB=_xlpm.factorName)*(ROW(_xlpm.regB)>=_xlpm.searchStart)*(ROW(_xlpm.regB)<=_xlpm.searchEnd)), 1), IF(ISERROR(_xlpm.factorPos), 0, INDEX(_xlpm.regE, _xlpm.factorPos)) )} -> 0.014817502 | G19: {=_xlfn.LET( _xlpm.kpiName, G$2, _xlpm.factorName, $D19, _xlpm.headerText, "Dependent Variable: "&_xlpm.kpiName, _xlpm.regA, '2A Regression'!$A$1:$A$10000, _xlpm.regB, '2A Regression'!$B$1:$B$10000, _xlpm.regE, '2A Regression'!$E$1:$E$10000, _xlpm.headerRow, MATCH(_xlpm.headerText, _xlpm.regA, 0), _xlpm.nextHeaderRow, _xlfn.AGGREGATE(15, 6, ROW(_xlpm.regA)/((LEFT(_xlpm.regA,19)="Dependent Variable:")*(ROW(_xlpm.regA)>_xlpm.headerRow)), 1), _xlpm.searchStart, _xlpm.headerRow, _xlpm.searchEnd, IF(ISERROR(_xlpm.nextHeaderRow), 300, _xlpm.nextHeaderRow-1), _xlpm.factorPos, _xlfn.AGGREGATE(15, 6, ROW(_xlpm.regB)/((_xlpm.regB=_xlpm.factorName)*(ROW(_xlpm.regB)>=_xlpm.searchStart)*(ROW(_xlpm.regB)<=_xlpm.searchEnd)), 1), IF(ISERROR(_xlpm.factorPos), 0, INDEX(_xlpm.regE, _xlpm.factorPos)) )} -> 0.0066404623 | H19: {=_xlfn.LET( _xlpm.kpiName, H$2, _xlpm.factorName, $D19, _xlpm.headerText, "Dependent Variable: "&_xlpm.kpiName, _xlpm.regA, '2A Regression'!$A$1:$A$10000, _xlpm.regB, '2A Regression'!$B$1:$B$10000, _xlpm.regE, '2A Regression'!$E$1:$E$10000, _xlpm.headerRow, MATCH(_xlpm.headerText, _xlpm.regA, 0), _xlpm.nextHeaderRow, _xlfn.AGGREGATE(15, 6, ROW(_xlpm.regA)/((LEFT(_xlpm.regA,19)="Dependent Variable:")*(ROW(_xlpm.regA)>_xlpm.headerRow)), 1), _xlpm.searchStart, _xlpm.headerRow, _xlpm.searchEnd, IF(ISERROR(_xlpm.nextHeaderRow), 300, _xlpm.nextHeaderRow-1), _xlpm.factorPos, _xlfn.AGGREGATE(15, 6, ROW(_xlpm.regB)/((_xlpm.regB=_xlpm.factorName)*(ROW(_xlpm.regB)>=_xlpm.searchStart)*(ROW(_xlpm.regB)<=_xlpm.searchEnd)), 1), IF(ISERROR(_xlpm.factorPos), 0, INDEX(_xlpm.regE, _xlpm.factorPos)) )} -> 0.014817502 | I19: {=_xlfn.LET( _xlpm.kpiName, I$2, _xlpm.factorName, $D19, _xlpm.headerText, "Dependent Variable: "&_xlpm.kpiName, _xlpm.regA, '2A Regression'!$A$1:$A$10000, _xlpm.regB, '2A Regression'!$B$1:$B$10000, _xlpm.regE, '2A Regression'!$E$1:$E$10000, _xlpm.headerRow, MATCH(_xlpm.headerText, _xlpm.regA, 0), _xlpm.nextHeaderRow, _xlfn.AGGREGATE(15, 6, ROW(_xlpm.regA)/((LEFT(_xlpm.regA,19)="Dependent Variable:")*(ROW(_xlpm.regA)>_xlpm.headerRow)), 1), _xlpm.searchStart, _xlpm.headerRow, _xlpm.searchEnd, IF(ISERROR(_xlpm.nextHeaderRow), 300, _xlpm.nextHeaderRow-1), _xlpm.factorPos, _xlfn.AGGREGATE(15, 6, ROW(_xlpm.regB)/((_xlpm.regB=_xlpm.factorName)*(ROW(_xlpm.regB)>=_xlpm.searchStart)*(ROW(_xlpm.regB)<=_xlpm.searchEnd)), 1), IF(ISERROR(_xlpm.factorPos), 0, INDEX(_xlpm.regE, _xlpm.factorPos)) )} -> 0.11556758 | J19: {=_xlfn.LET( _xlpm.kpiName, J$2, _xlpm.factorName, $D19, _xlpm.headerText, "Dependent Variable: "&_xlpm.kpiName, _xlpm.regA, '2A Regression'!$A$1:$A$10000, _xlpm.regB, '2A Regression'!$B$1:$B$10000, _xlpm.regE, '2A Regression'!$E$1:$E$10000, _xlpm.headerRow, MATCH(_xlpm.headerText, _xlpm.regA, 0), _xlpm.nextHeaderRow, _xlfn.AGGREGATE(15, 6, ROW(_xlpm.regA)/((LEFT(_xlpm.regA,19)="Dependent Variable:")*(ROW(_xlpm.regA)>_xlpm.headerRow)), 1), _xlpm.searchStart, _xlpm.headerRow, _xlpm.searchEnd, IF(ISERROR(_xlpm.nextHeaderRow), 300, _xlpm.nextHeaderRow-1), _xlpm.factorPos, _xlfn.AGGREGATE(15, 6, ROW(_xlpm.regB)/((_xlpm.regB=_xlpm.factorName)*(ROW(_xlpm.regB)>=_xlpm.searchStart)*(ROW(_xlpm.regB)<=_xlpm.searchEnd)), 1), IF(ISERROR(_xlpm.factorPos), 0, INDEX(_xlpm.regE, _xlpm.factorPos)) )} -> 0 | K19: {=_xlfn.LET( _xlpm.kpiName, K$2, _xlpm.factorName, $D19, _xlpm.headerText, "Dependent Variable: "&_xlpm.kpiName, _xlpm.regA, '2A Regression'!$A$1:$A$10000, _xlpm.regB, '2A Regression'!$B$1:$B$10000, _xlpm.regE, '2A Regression'!$E$1:$E$10000, _xlpm.headerRow, MATCH(_xlpm.headerText, _xlpm.regA, 0), _xlpm.nextHeaderRow, _xlfn.AGGREGATE(15, 6, ROW(_xlpm.regA)/((LEFT(_xlpm.regA,19)="Dependent Variable:")*(ROW(_xlpm.regA)>_xlpm.headerRow)), 1), _xlpm.searchStart, _xlpm.headerRow, _xlpm.searchEnd, IF(ISERROR(_xlpm.nextHeaderRow), 300, _xlpm.nextHeaderRow-1), _xlpm.factorPos, _xlfn.AGGREGATE(15, 6, ROW(_xlpm.regB)/((_xlpm.regB=_xlpm.factorName)*(ROW(_xlpm.regB)>=_xlpm.searchStart)*(ROW(_xlpm.regB)<=_xlpm.searchEnd)), 1), IF(ISERROR(_xlpm.factorPos), 0, INDEX(_xlpm.regE, _xlpm.factorPos)) )} -> 0 | L19: {=_xlfn.LET( _xlpm.kpiName, L$2, _xlpm.factorName, $D19, _xlpm.headerText, "Dependent Variable: "&_xlpm.kpiName, _xlpm.regA, '2A Regression'!$A$1:$A$10000, _xlpm.regB, '2A Regression'!$B$1:$B$10000, _xlpm.regE, '2A Regression'!$E$1:$E$10000, _xlpm.headerRow, MATCH(_xlpm.headerText, _xlpm.regA, 0), _xlpm.nextHeaderRow, _xlfn.AGGREGATE(15, 6, ROW(_xlpm.regA)/((LEFT(_xlpm.regA,19)="Dependent Variable:")*(ROW(_xlpm.regA)>_xlpm.headerRow)), 1), _xlpm.searchStart, _xlpm.headerRow, _xlpm.searchEnd, IF(ISERROR(_xlpm.nextHeaderRow), 300, _xlpm.nextHeaderRow-1), _xlpm.factorPos, _xlfn.AGGREGATE(15, 6, ROW(_xlpm.regB)/((_xlpm.regB=_xlpm.factorName)*(ROW(_xlpm.regB)>=_xlpm.searchStart)*(ROW(_xlpm.regB)<=_xlpm.searchEnd)), 1), IF(ISERROR(_xlpm.factorPos), 0, INDEX(_xlpm.regE, _xlpm.factorPos)) )} -> 0 | ... X19: {=_xlfn.LET( _xlpm.kpiName, X$2, _xlpm.factorName, $D19, _xlpm.headerText, "Dependent Variable: "&_xlpm.kpiName, _xlpm.regA, '2A Regression'!$A$1:$A$10000, _xlpm.regB, '2A Regression'!$B$1:$B$10000, _xlpm.regE, '2A Regression'!$E$1:$E$10000, _xlpm.headerRow, MATCH(_xlpm.headerText, _xlpm.regA, 0), _xlpm.nextHeaderRow, _xlfn.AGGREGATE(15, 6, ROW(_xlpm.regA)/((LEFT(_xlpm.regA,19)="Dependent Variable:")*(ROW(_xlpm.regA)>_xlpm.headerRow)), 1), _xlpm.searchStart, _xlpm.headerRow, _xlpm.searchEnd, IF(ISERROR(_xlpm.nextHeaderRow), 300, _xlpm.nextHeaderRow-1), _xlpm.factorPos, _xlfn.AGGREGATE(15, 6, ROW(_xlpm.regB)/((_xlpm.regB=_xlpm.factorName)*(ROW(_xlpm.regB)>=_xlpm.searchStart)*(ROW(_xlpm.regB)<=_xlpm.searchEnd)), 1), IF(ISERROR(_xlpm.factorPos), 0, INDEX(_xlpm.regE, _xlpm.factorPos)) )} -> 0
D20: Factor18 | E20: {=_xlfn.LET( _xlpm.kpiName, E$2, _xlpm.factorName, $D20, _xlpm.headerText, "Dependent Variable: "&_xlpm.kpiName, _xlpm.regA, '2A Regression'!$A$1:$A$10000, _xlpm.regB, '2A Regression'!$B$1:$B$10000, _xlpm.regE, '2A Regression'!$E$1:$E$10000, _xlpm.headerRow, MATCH(_xlpm.headerText, _xlpm.regA, 0), _xlpm.nextHeaderRow, _xlfn.AGGREGATE(15, 6, ROW(_xlpm.regA)/((LEFT(_xlpm.regA,19)="Dependent Variable:")*(ROW(_xlpm.regA)>_xlpm.headerRow)), 1), _xlpm.searchStart, _xlpm.headerRow, _xlpm.searchEnd, IF(ISERROR(_xlpm.nextHeaderRow), 300, _xlpm.nextHeaderRow-1), _xlpm.factorPos, _xlfn.AGGREGATE(15, 6, ROW(_xlpm.regB)/((_xlpm.regB=_xlpm.factorName)*(ROW(_xlpm.regB)>=_xlpm.searchStart)*(ROW(_xlpm.regB)<=_xlpm.searchEnd)), 1), IF(ISERROR(_xlpm.factorPos), 0, INDEX(_xlpm.regE, _xlpm.factorPos)) )} -> 0.0097765596 | F20: {=_xlfn.LET( _xlpm.kpiName, F$2, _xlpm.factorName, $D20, _xlpm.headerText, "Dependent Variable: "&_xlpm.kpiName, _xlpm.regA, '2A Regression'!$A$1:$A$10000, _xlpm.regB, '2A Regression'!$B$1:$B$10000, _xlpm.regE, '2A Regression'!$E$1:$E$10000, _xlpm.headerRow, MATCH(_xlpm.headerText, _xlpm.regA, 0), _xlpm.nextHeaderRow, _xlfn.AGGREGATE(15, 6, ROW(_xlpm.regA)/((LEFT(_xlpm.regA,19)="Dependent Variable:")*(ROW(_xlpm.regA)>_xlpm.headerRow)), 1), _xlpm.searchStart, _xlpm.headerRow, _xlpm.searchEnd, IF(ISERROR(_xlpm.nextHeaderRow), 300, _xlpm.nextHeaderRow-1), _xlpm.factorPos, _xlfn.AGGREGATE(15, 6, ROW(_xlpm.regB)/((_xlpm.regB=_xlpm.factorName)*(ROW(_xlpm.regB)>=_xlpm.searchStart)*(ROW(_xlpm.regB)<=_xlpm.searchEnd)), 1), IF(ISERROR(_xlpm.factorPos), 0, INDEX(_xlpm.regE, _xlpm.factorPos)) )} -> 0.053755969 | G20: {=_xlfn.LET( _xlpm.kpiName, G$2, _xlpm.factorName, $D20, _xlpm.headerText, "Dependent Variable: "&_xlpm.kpiName, _xlpm.regA, '2A Regression'!$A$1:$A$10000, _xlpm.regB, '2A Regression'!$B$1:$B$10000, _xlpm.regE, '2A Regression'!$E$1:$E$10000, _xlpm.headerRow, MATCH(_xlpm.headerText, _xlpm.regA, 0), _xlpm.nextHeaderRow, _xlfn.AGGREGATE(15, 6, ROW(_xlpm.regA)/((LEFT(_xlpm.regA,19)="Dependent Variable:")*(ROW(_xlpm.regA)>_xlpm.headerRow)), 1), _xlpm.searchStart, _xlpm.headerRow, _xlpm.searchEnd, IF(ISERROR(_xlpm.nextHeaderRow), 300, _xlpm.nextHeaderRow-1), _xlpm.factorPos, _xlfn.AGGREGATE(15, 6, ROW(_xlpm.regB)/((_xlpm.regB=_xlpm.factorName)*(ROW(_xlpm.regB)>=_xlpm.searchStart)*(ROW(_xlpm.regB)<=_xlpm.searchEnd)), 1), IF(ISERROR(_xlpm.factorPos), 0, INDEX(_xlpm.regE, _xlpm.factorPos)) )} -> 0.0097765596 | H20: {=_xlfn.LET( _xlpm.kpiName, H$2, _xlpm.factorName, $D20, _xlpm.headerText, "Dependent Variable: "&_xlpm.kpiName, _xlpm.regA, '2A Regression'!$A$1:$A$10000, _xlpm.regB, '2A Regression'!$B$1:$B$10000, _xlpm.regE, '2A Regression'!$E$1:$E$10000, _xlpm.headerRow, MATCH(_xlpm.headerText, _xlpm.regA, 0), _xlpm.nextHeaderRow, _xlfn.AGGREGATE(15, 6, ROW(_xlpm.regA)/((LEFT(_xlpm.regA,19)="Dependent Variable:")*(ROW(_xlpm.regA)>_xlpm.headerRow)), 1), _xlpm.searchStart, _xlpm.headerRow, _xlpm.searchEnd, IF(ISERROR(_xlpm.nextHeaderRow), 300, _xlpm.nextHeaderRow-1), _xlpm.factorPos, _xlfn.AGGREGATE(15, 6, ROW(_xlpm.regB)/((_xlpm.regB=_xlpm.factorName)*(ROW(_xlpm.regB)>=_xlpm.searchStart)*(ROW(_xlpm.regB)<=_xlpm.searchEnd)), 1), IF(ISERROR(_xlpm.factorPos), 0, INDEX(_xlpm.regE, _xlpm.factorPos)) )} -> 0.053755969 | I20: {=_xlfn.LET( _xlpm.kpiName, I$2, _xlpm.factorName, $D20, _xlpm.headerText, "Dependent Variable: "&_xlpm.kpiName, _xlpm.regA, '2A Regression'!$A$1:$A$10000, _xlpm.regB, '2A Regression'!$B$1:$B$10000, _xlpm.regE, '2A Regression'!$E$1:$E$10000, _xlpm.headerRow, MATCH(_xlpm.headerText, _xlpm.regA, 0), _xlpm.nextHeaderRow, _xlfn.AGGREGATE(15, 6, ROW(_xlpm.regA)/((LEFT(_xlpm.regA,19)="Dependent Variable:")*(ROW(_xlpm.regA)>_xlpm.headerRow)), 1), _xlpm.searchStart, _xlpm.headerRow, _xlpm.searchEnd, IF(ISERROR(_xlpm.nextHeaderRow), 300, _xlpm.nextHeaderRow-1), _xlpm.factorPos, _xlfn.AGGREGATE(15, 6, ROW(_xlpm.regB)/((_xlpm.regB=_xlpm.factorName)*(ROW(_xlpm.regB)>=_xlpm.searchStart)*(ROW(_xlpm.regB)<=_xlpm.searchEnd)), 1), IF(ISERROR(_xlpm.factorPos), 0, INDEX(_xlpm.regE, _xlpm.factorPos)) )} -> 0.1978426 | J20: {=_xlfn.LET( _xlpm.kpiName, J$2, _xlpm.factorName, $D20, _xlpm.headerText, "Dependent Variable: "&_xlpm.kpiName, _xlpm.regA, '2A Regression'!$A$1:$A$10000, _xlpm.regB, '2A Regression'!$B$1:$B$10000, _xlpm.regE, '2A Regression'!$E$1:$E$10000, _xlpm.headerRow, MATCH(_xlpm.headerText, _xlpm.regA, 0), _xlpm.nextHeaderRow, _xlfn.AGGREGATE(15, 6, ROW(_xlpm.regA)/((LEFT(_xlpm.regA,19)="Dependent Variable:")*(ROW(_xlpm.regA)>_xlpm.headerRow)), 1), _xlpm.searchStart, _xlpm.headerRow, _xlpm.searchEnd, IF(ISERROR(_xlpm.nextHeaderRow), 300, _xlpm.nextHeaderRow-1), _xlpm.factorPos, _xlfn.AGGREGATE(15, 6, ROW(_xlpm.regB)/((_xlpm.regB=_xlpm.factorName)*(ROW(_xlpm.regB)>=_xlpm.searchStart)*(ROW(_xlpm.regB)<=_xlpm.searchEnd)), 1), IF(ISERROR(_xlpm.factorPos), 0, INDEX(_xlpm.regE, _xlpm.factorPos)) )} -> 0 | K20: {=_xlfn.LET( _xlpm.kpiName, K$2, _xlpm.factorName, $D20, _xlpm.headerText, "Dependent Variable: "&_xlpm.kpiName, _xlpm.regA, '2A Regression'!$A$1:$A$10000, _xlpm.regB, '2A Regression'!$B$1:$B$10000, _xlpm.regE, '2A Regression'!$E$1:$E$10000, _xlpm.headerRow, MATCH(_xlpm.headerText, _xlpm.regA, 0), _xlpm.nextHeaderRow, _xlfn.AGGREGATE(15, 6, ROW(_xlpm.regA)/((LEFT(_xlpm.regA,19)="Dependent Variable:")*(ROW(_xlpm.regA)>_xlpm.headerRow)), 1), _xlpm.searchStart, _xlpm.headerRow, _xlpm.searchEnd, IF(ISERROR(_xlpm.nextHeaderRow), 300, _xlpm.nextHeaderRow-1), _xlpm.factorPos, _xlfn.AGGREGATE(15, 6, ROW(_xlpm.regB)/((_xlpm.regB=_xlpm.factorName)*(ROW(_xlpm.regB)>=_xlpm.searchStart)*(ROW(_xlpm.regB)<=_xlpm.searchEnd)), 1), IF(ISERROR(_xlpm.factorPos), 0, INDEX(_xlpm.regE, _xlpm.factorPos)) )} -> 0 | L20: {=_xlfn.LET( _xlpm.kpiName, L$2, _xlpm.factorName, $D20, _xlpm.headerText, "Dependent Variable: "&_xlpm.kpiName, _xlpm.regA, '2A Regression'!$A$1:$A$10000, _xlpm.regB, '2A Regression'!$B$1:$B$10000, _xlpm.regE, '2A Regression'!$E$1:$E$10000, _xlpm.headerRow, MATCH(_xlpm.headerText, _xlpm.regA, 0), _xlpm.nextHeaderRow, _xlfn.AGGREGATE(15, 6, ROW(_xlpm.regA)/((LEFT(_xlpm.regA,19)="Dependent Variable:")*(ROW(_xlpm.regA)>_xlpm.headerRow)), 1), _xlpm.searchStart, _xlpm.headerRow, _xlpm.searchEnd, IF(ISERROR(_xlpm.nextHeaderRow), 300, _xlpm.nextHeaderRow-1), _xlpm.factorPos, _xlfn.AGGREGATE(15, 6, ROW(_xlpm.regB)/((_xlpm.regB=_xlpm.factorName)*(ROW(_xlpm.regB)>=_xlpm.searchStart)*(ROW(_xlpm.regB)<=_xlpm.searchEnd)), 1), IF(ISERROR(_xlpm.factorPos), 0, INDEX(_xlpm.regE, _xlpm.factorPos)) )} -> 0 | ... X20: {=_xlfn.LET( _xlpm.kpiName, X$2, _xlpm.factorName, $D20, _xlpm.headerText, "Dependent Variable: "&_xlpm.kpiName, _xlpm.regA, '2A Regression'!$A$1:$A$10000, _xlpm.regB, '2A Regression'!$B$1:$B$10000, _xlpm.regE, '2A Regression'!$E$1:$E$10000, _xlpm.headerRow, MATCH(_xlpm.headerText, _xlpm.regA, 0), _xlpm.nextHeaderRow, _xlfn.AGGREGATE(15, 6, ROW(_xlpm.regA)/((LEFT(_xlpm.regA,19)="Dependent Variable:")*(ROW(_xlpm.regA)>_xlpm.headerRow)), 1), _xlpm.searchStart, _xlpm.headerRow, _xlpm.searchEnd, IF(ISERROR(_xlpm.nextHeaderRow), 300, _xlpm.nextHeaderRow-1), _xlpm.factorPos, _xlfn.AGGREGATE(15, 6, ROW(_xlpm.regB)/((_xlpm.regB=_xlpm.factorName)*(ROW(_xlpm.regB)>=_xlpm.searchStart)*(ROW(_xlpm.regB)<=_xlpm.searchEnd)), 1), IF(ISERROR(_xlpm.factorPos), 0, INDEX(_xlpm.regE, _xlpm.factorPos)) )} -> 0
