Workbook

Sheet Instruction
B2: 这个文件主要用来整理MIA回归模型的结果，更新成给CS的模板
B3: • 自动更新"2A 回归Syntax"，Column A为X变量，Column B为Y变量（填充回归变量，多组回归同时进行时，按每组间间隔三行的形式向下填充）
B4: • 自动更新 2A Regression、2B RotationRule、2B FL、2C 均值、seenvsnoseen、Sample_Check
B5: • 需要维护2A 回归syntax C列及以后的公式
B6: • 更新“2D Mapping“，column A填写"2A Regression结果"对应的regression第几个regression结果表格（column L），column B填写table 对应的KPI，column C填写这个KPI是基于Total样本or部分样本
B7: • 2E.Analysis_MIA中，需要手动填写B列黄色部分(指回归x变量中除了factor以外的部分）
B9: 使用前需要先手动写的部分： | O9: G列是用于和运行时的变量名对照的，如果能完全保证顺序一致，不写也可以
B10: 2D Mapping中两列变量名称列（写希望交付结果时显示的变量名）
B11: 2E.Analysis_MIA/2E.ROE Scan中最左侧黄色方块（Brand dispo）
B12: 写入之后，2E中对应的图表才能分别出现变量名和数值
A15: 不适用的情况：
A16: 跑一次整个流程时，如果同时存在reg1，reg2…..那么他们的ind必须同时含同一个Brand dispo或者同时不含Brand dispo
A18: 因为2E中，有如图的约束（取0/1），如果我们运行时2A中得到的reg结果是同时存在：含不同的Brand dispo或者不含，会和该约束产生冲突，数据出错
A20: 在2E从2A中读取回归结果时，实际上只会从A列读取第一次出现的kpi
F22: 可以看到变量名相同时，数据都一样，也就是说如果reg2和reg1用同样的y变量就可能不被识别
A27: 建议：
A28: 1.ind相同时，可以只跑一组reg，罗列dep就可以
A29: 在运行时要注意config参数和Brand dispo的配套

Sheet 2A 回归syntax
A1: X变量 | B1: Y变量 | C1: SYNTAX1
A2: bumo | B2: dOEK1K2001 | C2: ="REGRESSION /MISSING PAIRWISE /STATISTICS COEFF OUTS R ANOVA /CRITERIA=PIN(.05) POUT(.10) /NOORIGIN /DEPENDENT "&B2&" /METHOD=ENTER "&_xlfn.TEXTJOIN(" ",,$A$2:$A$40) &". "
A3: Factor1 | B3: dK801 | C3: ="REGRESSION /MISSING PAIRWISE /STATISTICS COEFF OUTS R ANOVA /CRITERIA=PIN(.05) POUT(.10) /NOORIGIN /DEPENDENT "&B3&" /METHOD=ENTER "&_xlfn.TEXTJOIN(" ",,$A$2:$A$12) &". "
A4: Factor2 | B4: dIM1_Flip_V1_Slice06 | C4: ="REGRESSION /MISSING PAIRWISE /STATISTICS COEFF OUTS R ANOVA /CRITERIA=PIN(.05) POUT(.10) /NOORIGIN /DEPENDENT "&B4&" /METHOD=ENTER "&_xlfn.TEXTJOIN(" ",,$A$2:$A$12) &". "
A5: Factor3 | B5: dIM1_Flip_V1_Slice04 | C5: ="REGRESSION /MISSING PAIRWISE /STATISTICS COEFF OUTS R ANOVA /CRITERIA=PIN(.05) POUT(.10) /NOORIGIN /DEPENDENT "&B5&" /METHOD=ENTER "&_xlfn.TEXTJOIN(" ",,$A$2:$A$12) &". "
A6: Factor4 | C6: ="REGRESSION /MISSING PAIRWISE /STATISTICS COEFF OUTS R ANOVA /CRITERIA=PIN(.05) POUT(.10) /NOORIGIN /DEPENDENT "&B6&" /METHOD=ENTER "&_xlfn.TEXTJOIN(" ",,$A$2:$A$12) &". "
C7: ="REGRESSION /MISSING PAIRWISE /STATISTICS COEFF OUTS R ANOVA /CRITERIA=PIN(.05) POUT(.10) /NOORIGIN /DEPENDENT "&B7&" /METHOD=ENTER "&_xlfn.TEXTJOIN(" ",,$A$2:$A$12) &". "
C8: ="REGRESSION /MISSING PAIRWISE /STATISTICS COEFF OUTS R ANOVA /CRITERIA=PIN(.05) POUT(.10) /NOORIGIN /DEPENDENT "&B8&" /METHOD=ENTER "&_xlfn.TEXTJOIN(" ",,$A$2:$A$12) &". "
C9: ="REGRESSION /MISSING PAIRWISE /STATISTICS COEFF OUTS R ANOVA /CRITERIA=PIN(.05) POUT(.10) /NOORIGIN /DEPENDENT "&B9&" /METHOD=ENTER "&_xlfn.TEXTJOIN(" ",,$A$2:$A$12) &". "
C10: ="REGRESSION /MISSING PAIRWISE /STATISTICS COEFF OUTS R ANOVA /CRITERIA=PIN(.05) POUT(.10) /NOORIGIN /DEPENDENT "&B10&" /METHOD=ENTER "&_xlfn.TEXTJOIN(" ",,$A$2:$A$12) &". "
C11: ="REGRESSION /MISSING PAIRWISE /STATISTICS COEFF OUTS R ANOVA /CRITERIA=PIN(.05) POUT(.10) /NOORIGIN /DEPENDENT "&B11&" /METHOD=ENTER "&_xlfn.TEXTJOIN(" ",,$A$2:$A$12) &". "

Sheet 2A Regression
A1: Dependent Variable: dOEK1K2001
A2: Model Summary
A3: Model | B3: R | C3: R Square | D3: Adjusted R Square | E3: Std. Error of the Estimate
A4: 1 | B4: 0.36300039 | C4: 0.13176928 | D4: 0.12776453 | E4: 0.38485339
A5: a. Predictors: (Constant), bumo, Factor1, Factor2, Factor3, Factor4
A7: Coefficientsa
A8: Model | C8: Unstandardized Coefficients | E8: Standardized Coefficients | F8: t | G8: Sig. | H8: 95.0% Confidence Interval for B
C9: B | D9: Std. Error | E9: Beta | H9: Lower Bound | I9: Upper Bound
A10: 1 | B10: constant | C10: 0.16665874 | D10: 0.013736612 | F10: 12.132449 | G10: 0 | H10: 0.13970538 | I10: 0.1936121
B11: bumo | C11: 0.77806447 | D11: 0.063701256 | E11: 0.34799651 | F11: 12.214272 | G11: 0 | H11: 0.65307274 | I11: 0.90305619
B12: Factor1 | C12: 0.03555119 | D12: 0.011662459 | E12: 0.086184289 | F12: 3.0483443 | G12: 0.0023568367 | H12: 0.01266764 | I12: 0.058434739
B13: Factor2 | C13: 0.025866466 | D13: 0.011657058 | E13: 0.062685205 | F13: 2.2189532 | G13: 0.026696385 | H13: 0.0029935133 | I13: 0.048739419
B14: Factor3 | C14: 0.011306902 | D14: 0.011666225 | E14: 0.027403299 | F14: 0.96919974 | G14: 0.33266173 | H14: -0.011584037 | I14: 0.034197841
B15: Factor4 | C15: 0.011908132 | D15: 0.011658173 | E15: 0.028869659 | F15: 1.0214407 | G15: 0.30727359 | H15: -0.010967008 | I15: 0.034783272
B16: a. Dependent Variable: dOEK1K2001
A18: Dependent Variable: dK801
A19: Model Summary
A20: Model | B20: R | C20: R Square | D20: Adjusted R Square | E20: Std. Error of the Estimate
A21: 2 | B21: 0.34061459 | C21: 0.1160183 | D21: 0.11194089 | E21: 0.31158253
A22: a. Predictors: (Constant), bumo, Factor1, Factor2, Factor3, Factor4
A24: Coefficientsa
A25: Model | C25: Unstandardized Coefficients | E25: Standardized Coefficients | F25: t | G25: Sig. | H25: 95.0% Confidence Interval for B
C26: B | D26: Std. Error | E26: Beta | H26: Lower Bound | I26: Upper Bound
A27: 2 | B27: constant | C27: 0.096722743 | D27: 0.011121348 | F27: 8.6970343 | G27: 0 | H27: 0.074900937 | I27: 0.11854455
B28: bumo | C28: 0.5791145 | D28: 0.051573402 | E28: 0.3233936 | F28: 11.228937 | G28: 0 | H28: 0.4779195 | I28: 0.6803095
B29: Factor1 | C29: 0.040603923 | D29: 0.0094420849 | E29: 0.12289936 | F29: 4.3003133 | G29: 1.8592637e-05 | H29: 0.022077091 | I29: 0.059130755
B30: Factor2 | C30: 0.0037072089 | D30: 0.0094377125 | E30: 0.011217154 | F30: 0.39280799 | G30: 0.69453853 | H30: -0.014811044 | I30: 0.022225462
B31: Factor3 | C31: -0.0014792785 | D31: 0.009445134 | E31: -0.0044762758 | F31: -0.15661805 | G31: 0.87557504 | H31: -0.020012094 | I31: 0.017053537
B32: Factor4 | C32: -0.0071955615 | D32: 0.009438615 | E32: -0.021780627 | F32: -0.76235354 | G32: 0.44601487 | H32: -0.025715585 | I32: 0.011324462
B33: a. Dependent Variable: dK801
A35: Dependent Variable: dIM1_Flip_V1_Slice06
A36: Model Summary
A37: Model | B37: R | C37: R Square | D37: Adjusted R Square | E37: Std. Error of the Estimate
A38: 3 | B38: 0.3268481 | C38: 0.10682968 | D38: 0.10270989 | E38: 0.32824503
A39: a. Predictors: (Constant), bumo, Factor1, Factor2, Factor3, Factor4
A41: Coefficientsa
A42: Model | C42: Unstandardized Coefficients | E42: Standardized Coefficients | F42: t | G42: Sig. | H42: 95.0% Confidence Interval for B
C43: B | D43: Std. Error | E43: Beta | H43: Lower Bound | I43: Upper Bound
A44: 3 | B44: constant | C44: 0.09968249 | D44: 0.011716084 | F44: 8.5081747 | G44: 0 | H44: 0.076693719 | I44: 0.12267126
B45: bumo | C45: 0.56189232 | D45: 0.054331393 | E45: 0.2994236 | F45: 10.341946 | G45: 0 | H45: 0.45528571 | I45: 0.66849892
B46: Factor1 | C46: 0.030405968 | D46: 0.0099470193 | E46: 0.087822627 | F46: 3.0567919 | G46: 0.0022919798 | H46: 0.010888376 | I46: 0.04992356
B47: Factor2 | C47: 0.0073525001 | D47: 0.009942413 | E47: 0.021229346 | F47: 0.73950861 | G47: 0.45975832 | H47: -0.012156054 | I47: 0.026861054
B48: Factor3 | C48: 0.033968561 | D48: 0.0099502314 | E48: 0.098086671 | F48: 3.4138463 | G48: 0.00066421533 | H48: 0.014444666 | I48: 0.053492456
B49: Factor4 | C49: -0.00407955 | D49: 0.0099433638 | E49: -0.01178376 | F49: -0.41027866 | G49: 0.68168262 | H49: -0.023589969 | I49: 0.015430869
B50: a. Dependent Variable: dIM1_Flip_V1_Slice06
A52: Dependent Variable: dIM1_Flip_V1_Slice04
A53: Model Summary
A54: Model | B54: R | C54: R Square | D54: Adjusted R Square | E54: Std. Error of the Estimate
A55: 4 | B55: 0.26619458 | C55: 0.070859555 | D55: 0.066573852 | E55: 0.33300607
A56: a. Predictors: (Constant), bumo, Factor1, Factor2, Factor3, Factor4
A58: Coefficientsa
A59: Model | C59: Unstandardized Coefficients | E59: Standardized Coefficients | F59: t | G59: Sig. | H59: 95.0% Confidence Interval for B
C60: B | D60: Std. Error | E60: Beta | H60: Lower Bound | I60: Upper Bound
A61: 4 | B61: constant | C61: 0.10159105 | D61: 0.011886021 | F61: 8.5471038 | G61: 0 | H61: 0.078268839 | I61: 0.12491326
B62: bumo | C62: 0.45867709 | D62: 0.055119445 | E62: 0.2456834 | F62: 8.3215115 | G62: 2.220446e-16 | H62: 0.35052421 | I62: 0.56682998
B63: Factor1 | C63: 0.024796352 | D63: 0.010091296 | E63: 0.07198984 | F63: 2.4572019 | G63: 0.014158177 | H63: 0.0049956663 | I63: 0.044597037
B64: Factor2 | C64: 0.0068576054 | D64: 0.010086623 | E64: 0.019902604 | F64: 0.67987128 | G64: 0.49673113 | H64: -0.012933911 | I64: 0.026649122
B65: Factor3 | C65: 0.014854596 | D65: 0.010094555 | E65: 0.043115111 | F65: 1.4715454 | G65: 0.14143392 | H65: -0.0049524838 | I65: 0.034661675
B66: Factor4 | C66: 0.021110405 | D66: 0.010087588 | E66: 0.061292036 | F66: 2.092711 | G66: 0.036607022 | H66: 0.0013169967 | I66: 0.040903814
B67: a. Dependent Variable: dIM1_Flip_V1_Slice04

Sheet 2B RotationRule
B2: VariableID | C2: Name | D2: Lable | E2: Factor1 | F2: Factor2 | G2: Factor3 | H2: Factor4
B3: 1 | C3: instagram | D3: instagram | E3: 1
B4: 2 | C4: tiktok | D4: tiktok | F4: 1
B5: 3 | C5: youtube | D5: youtube | G5: 1
B6: 4 | C6: metro | D6: metro | H6: 1

Sheet 2B FL
A1: Spend time = 00:00:02
A2: Factor Result
A3: TIME= 2026/08/20 11:07:51
A4: Rotation Method= Procrustes Method
A7: Total Variance Explained
A8: Initial Eigenvalues
A9: Extraction Method: Principal Component Analysis.
A11: Component | B11: Total | C11: % of Variance | D11: Cumulative %
A12: Factor1 | B12: 1.9147562 | C12: 0.47868904 | D12: 0.47868904
A13: Factor2 | B13: 0.87841936 | C13: 0.21960484 | D13: 0.69829389
A14: Factor3 | B14: 0.65355877 | C14: 0.16338969 | D14: 0.86168358
A15: Factor4 | B15: 0.55326569 | C15: 0.13831642 | D15: 1
A17: Component Matrix
A18: Extraction Method: Principal Component Analysis.
A20: VariableID | B20: Variable | C20: Lable | D20: Factor1 | E20: Factor2 | F20: Factor3 | G20: Factor4
A21: 1 | B21: instagram | C21: instagram | D21: -0.69192803 | E21: -0.35128286 | F21: -0.62856967 | G21: 0.052307944
A22: 2 | B22: tiktok | C22: tiktok | D22: -0.71193673 | E22: -0.38053719 | F22: 0.46184885 | G22: 0.36746861
A23: 3 | B23: youtube | C23: youtube | D23: -0.78400898 | E23: 0.1015887 | F23: 0.19528107 | G23: -0.58040931
A24: 4 | B24: metro | C24: metro | D24: -0.56077429 | E24: 0.77452624 | F24: -0.083784686 | G24: 0.28039513
A26: Rotated Component Matrix
A27: Rotation Method: Procrustes with Kaiser Normalization.
A29: VariableID | B29: Variable | C29: Lable | D29: Factor1 | E29: Factor2 | F29: Factor3 | G29: Factor4
A30: 1 | B30: instagram | C30: instagram | D30: 0.97005745 | E30: 0.16536919 | F30: 0.16130812 | G30: 0.07497506
A31: 2 | B31: tiktok | C31: tiktok | D31: 0.16536919 | E31: 0.96618683 | F31: 0.18694774 | G31: 0.064703834
A32: 3 | B32: youtube | C32: youtube | D32: 0.16130812 | E32: 0.18694774 | F32: 0.9552891 | G32: 0.16264367
A33: 4 | B33: metro | C33: metro | D33: 0.07497506 | E33: 0.064703834 | F33: 0.16264367 | G33: 0.98170219
A35: Available Rotation Rule Matrix
A36: You can Copy this Matrix to Rotation Rule Sheet.
A38: VariableID | B38: Variable | C38: Lable | D38: Factor1 | E38: Factor2 | F38: Factor3 | G38: Factor4
A39: 1 | B39: instagram | C39: instagram | D39: 1
A40: 2 | B40: tiktok | C40: tiktok | E40: 1
A41: 3 | B41: youtube | C41: youtube | F41: 1
A42: 4 | B42: metro | C42: metro | G42: 1
A44: Component Score Coefficient Matrix
A46: VariableID | B46: Variable | C46: Lable | D46: Factor1 | E46: Factor2 | F46: Factor3 | G46: Factor4
A47: 1 | B47: instagram | C47: instagram | D47: 1.0850223 | E47: -0.15444923 | F47: -0.14469546 | G47: -0.048713712
A48: 2 | B48: tiktok | C48: tiktok | D48: -0.15444923 | E48: 1.0990275 | F48: -0.18385865 | G48: -0.030180239
A49: 3 | B49: youtube | C49: youtube | D49: -0.14469546 | E49: -0.18385865 | F49: 1.1352961 | G49: -0.1649215
A50: 4 | B50: metro | C50: metro | D50: -0.048713712 | E50: -0.030180239 | F50: -0.1649215 | G50: 1.0516718
A52: Unstandardized Component Score Coefficient Matrix
A54: VariableID | B54: Variable | C54: Lable | D54: Factor1 | E54: Factor2 | F54: Factor3 | G54: Factor4
A55: 1 | B55: instagram | C55: instagram | D55: 3.4012888 | E55: -0.49019802 | F55: -0.36900436 | G55: -0.13687118
A56: 2 | B56: tiktok | C56: tiktok | D56: -0.48416187 | E56: 3.4881436 | F56: -0.46887887 | G56: -0.08479758
A57: 3 | B57: youtube | C57: youtube | D57: -0.4535861 | E57: -0.58353897 | F57: 2.8952477 | G57: -0.46338084
A58: 4 | B58: metro | C58: metro | D58: -0.15270598 | E58: -0.09578742 | F58: -0.42058509 | G58: 2.954888
A60: SPSS Syntax
A62: Compute Factor1 = 3.4013*instagram-0.4902*tiktok-0.3690*youtube-0.1369*metro.
A63: Compute Factor2 = -0.4842*instagram+3.4881*tiktok-0.4689*youtube-0.0848*metro.
A64: Compute Factor3 = -0.4536*instagram-0.5835*tiktok+2.8952*youtube-0.4634*metro.
A65: Compute Factor4 = -0.1527*instagram-0.0958*tiktok-0.4206*youtube+2.9549*metro.

Sheet 2C 均值
A1: Original KPIs
A2: Variable | B2: N | C2: Min | D2: Max | E2: Mean | F2: Std
A3: K301 | B3: 1090.0031 | C3: 0 | D3: 1 | E3: 0.52060077 | F3: 0.49957543
A4: OEK1K2001 | B4: 1090.0031 | C4: 0 | D4: 1 | E4: 0.21654228 | F4: 0.411888
A5: K801 | B5: 1090.0031 | C5: 0 | D5: 1 | E5: 0.12479458 | F5: 0.33048584
A6: IM1_Flip_V1_Slice06 | B6: 567.45647 | C6: 0 | D6: 1 | E6: 0.26776808 | F6: 0.44279604
A7: IM1_Flip_V1_Slice04 | B7: 567.45647 | C7: 0 | D7: 1 | E7: 0.26438139 | F7: 0.44100325
A8: bumo | B8: 1090.0031 | C8: 0 | D8: 1 | E8: 0.034791491 | F8: 0.18325131
A9: Valid N (listwise) | B9: 567.45647
A11: Recoded KPIs
A12: Variable | B12: N | C12: Min | D12: Max | E12: Mean | F12: Std
A13: dK301 | B13: 1090.0031 | C13: 0 | D13: 1 | E13: 0.52060077 | F13: 0.49957543
A14: dOEK1K2001 | B14: 1090.0031 | C14: 0 | D14: 1 | E14: 0.21654228 | F14: 0.411888
A15: dK801 | B15: 1090.0031 | C15: 0 | D15: 1 | E15: 0.12479458 | F15: 0.33048584
A16: dIM1_Flip_V1_Slice06 | B16: 1090.0031 | C16: 0 | D16: 1 | E16: 0.13940027 | F16: 0.34636373
A17: dIM1_Flip_V1_Slice04 | B17: 1090.0031 | C17: 0 | D17: 1 | E17: 0.13763715 | F17: 0.34451875
A18: dbumo | B18: 1090.0031 | C18: 0 | D18: 1 | E18: 0.034791491 | F18: 0.18325131
A19: Valid N (listwise) | B19: 1090.0031
A21: Original Channels
A22: Variable | B22: N | C22: Min | D22: Max | E22: Mean | F22: Std
A23: instagram | B23: 1090.0031 | C23: 0 | D23: 1 | E23: 0.11498455 | F23: 0.3190033
A24: youtube | B24: 1090.0031 | C24: 0 | D24: 1 | E24: 0.18977624 | F24: 0.39212399
A25: tiktok | B25: 1090.0031 | C25: 0 | D25: 1 | E25: 0.11176344 | F25: 0.31507519
A26: metro | B26: 1090.0031 | C26: 0 | D26: 1 | E26: 0.14881822 | F26: 0.3559092
A27: Valid N (listwise) | B27: 1090.0031
A29: Recoded Channels
A30: Variable | B30: N | C30: Min | D30: Max | E30: Mean | F30: Std
A31: dAdloopTVC_V2_A51 | B31: 1090.0031 | C31: 0 | D31: 1 | E31: 0.080989789 | F31: 0.27281943
A32: dAdloopTVC_V1_A51 | B32: 1090.0031 | C32: 0 | D32: 1 | E32: 0.069643211 | F32: 0.25454476
A33: dAdloopTVC_V2_A52 | B33: 1090.0031 | C33: 0 | D33: 1 | E33: 0.12724377 | F33: 0.33324585
A34: dAdloopTVC_V1_A52 | B34: 1090.0031 | C34: 0 | D34: 1 | E34: 0.13638995 | F34: 0.34320217
A35: dAdloopTVC_V2_A53 | B35: 1090.0031 | C35: 0 | D35: 1 | E35: 0.077324347 | F35: 0.2671054
A36: dAdloopTVC_V1_A53 | B36: 1090.0031 | C36: 0 | D36: 1 | E36: 0.069789574 | F36: 0.25479205
A37: dAdloopKV_V4_A55 | B37: 1090.0031 | C37: 0 | D37: 1 | E37: 0.14881822 | F37: 0.3559092
A38: Valid N (listwise) | B38: 1090.0031

Sheet 2D Mapping
A1: 2A Regression结果Table中对应的不同KPI | D1: 手写 | G1: ind Variable | H1: 变量名称
A2: 第几个table | B2: Dependent Variable | C2: 模型Base | D2: 变量名称 | G2: instagram | H2: instagram
A3: 1 | B3: {=IF($A3="","",_xlfn.LET( _xlpm.n,$A3, _xlpm.allRows,'2A Regression'!$A:$A, _xlpm.matches,IF(LEFT(_xlpm.allRows,19)="Dependent Variable:",ROW(_xlpm.allRows),""), _xlpm.nthRow,SMALL(IF(_xlpm.matches<>"",_xlpm.matches),_xlpm.n), _xlpm.result,INDEX(_xlpm.allRows,_xlpm.nthRow), IFERROR(SUBSTITUTE(_xlpm.result,"Dependent Variable: ",""),"") ))} | C3: Total | D3: Brand Awareness | G3: youtube | H3: youtube
A4: 2 | B4: {=IF($A4="","",_xlfn.LET( _xlpm.n,$A4, _xlpm.allRows,'2A Regression'!$A:$A, _xlpm.matches,IF(LEFT(_xlpm.allRows,19)="Dependent Variable:",ROW(_xlpm.allRows),""), _xlpm.nthRow,SMALL(IF(_xlpm.matches<>"",_xlpm.matches),_xlpm.n), _xlpm.result,INDEX(_xlpm.allRows,_xlpm.nthRow), IFERROR(SUBSTITUTE(_xlpm.result,"Dependent Variable: ",""),"") ))} | C4: Total | D4: Brand Familiarity | G4: tiktok | H4: tiktok
A5: 3 | B5: {=IF($A5="","",_xlfn.LET( _xlpm.n,$A5, _xlpm.allRows,'2A Regression'!$A:$A, _xlpm.matches,IF(LEFT(_xlpm.allRows,19)="Dependent Variable:",ROW(_xlpm.allRows),""), _xlpm.nthRow,SMALL(IF(_xlpm.matches<>"",_xlpm.matches),_xlpm.n), _xlpm.result,INDEX(_xlpm.allRows,_xlpm.nthRow), IFERROR(SUBSTITUTE(_xlpm.result,"Dependent Variable: ",""),"") ))} | C5: Total | D5: Brand Consideration | G5: metro | H5: metro
A6: 4 | B6: {=IF($A6="","",_xlfn.LET( _xlpm.n,$A6, _xlpm.allRows,'2A Regression'!$A:$A, _xlpm.matches,IF(LEFT(_xlpm.allRows,19)="Dependent Variable:",ROW(_xlpm.allRows),""), _xlpm.nthRow,SMALL(IF(_xlpm.matches<>"",_xlpm.matches),_xlpm.n), _xlpm.result,INDEX(_xlpm.allRows,_xlpm.nthRow), IFERROR(SUBSTITUTE(_xlpm.result,"Dependent Variable: ",""),"") ))} | C6: Total | D6: Outstanding performance in taking portraits
A7: 5 | B7: {=IF($A7="","",_xlfn.LET( _xlpm.n,$A7, _xlpm.allRows,'2A Regression'!$A:$A, _xlpm.matches,IF(LEFT(_xlpm.allRows,19)="Dependent Variable:",ROW(_xlpm.allRows),""), _xlpm.nthRow,SMALL(IF(_xlpm.matches<>"",_xlpm.matches),_xlpm.n), _xlpm.result,INDEX(_xlpm.allRows,_xlpm.nthRow), IFERROR(SUBSTITUTE(_xlpm.result,"Dependent Variable: ",""),"") ))} | C7: Total
A8: 6 | B8: {=IF($A8="","",_xlfn.LET( _xlpm.n,$A8, _xlpm.allRows,'2A Regression'!$A:$A, _xlpm.matches,IF(LEFT(_xlpm.allRows,19)="Dependent Variable:",ROW(_xlpm.allRows),""), _xlpm.nthRow,SMALL(IF(_xlpm.matches<>"",_xlpm.matches),_xlpm.n), _xlpm.result,INDEX(_xlpm.allRows,_xlpm.nthRow), IFERROR(SUBSTITUTE(_xlpm.result,"Dependent Variable: ",""),"") ))} | C8: Total
A9: 7 | B9: {=IF($A9="","",_xlfn.LET( _xlpm.n,$A9, _xlpm.allRows,'2A Regression'!$A:$A, _xlpm.matches,IF(LEFT(_xlpm.allRows,19)="Dependent Variable:",ROW(_xlpm.allRows),""), _xlpm.nthRow,SMALL(IF(_xlpm.matches<>"",_xlpm.matches),_xlpm.n), _xlpm.result,INDEX(_xlpm.allRows,_xlpm.nthRow), IFERROR(SUBSTITUTE(_xlpm.result,"Dependent Variable: ",""),"") ))} | C9: Total
A10: 8 | B10: {=IF($A10="","",_xlfn.LET( _xlpm.n,$A10, _xlpm.allRows,'2A Regression'!$A:$A, _xlpm.matches,IF(LEFT(_xlpm.allRows,19)="Dependent Variable:",ROW(_xlpm.allRows),""), _xlpm.nthRow,SMALL(IF(_xlpm.matches<>"",_xlpm.matches),_xlpm.n), _xlpm.result,INDEX(_xlpm.allRows,_xlpm.nthRow), IFERROR(SUBSTITUTE(_xlpm.result,"Dependent Variable: ",""),"") ))} | C10: Total
A11: 9 | B11: {=IF($A11="","",_xlfn.LET( _xlpm.n,$A11, _xlpm.allRows,'2A Regression'!$A:$A, _xlpm.matches,IF(LEFT(_xlpm.allRows,19)="Dependent Variable:",ROW(_xlpm.allRows),""), _xlpm.nthRow,SMALL(IF(_xlpm.matches<>"",_xlpm.matches),_xlpm.n), _xlpm.result,INDEX(_xlpm.allRows,_xlpm.nthRow), IFERROR(SUBSTITUTE(_xlpm.result,"Dependent Variable: ",""),"") ))}
A12: 10 | B12: {=IF($A12="","",_xlfn.LET( _xlpm.n,$A12, _xlpm.allRows,'2A Regression'!$A:$A, _xlpm.matches,IF(LEFT(_xlpm.allRows,19)="Dependent Variable:",ROW(_xlpm.allRows),""), _xlpm.nthRow,SMALL(IF(_xlpm.matches<>"",_xlpm.matches),_xlpm.n), _xlpm.result,INDEX(_xlpm.allRows,_xlpm.nthRow), IFERROR(SUBSTITUTE(_xlpm.result,"Dependent Variable: ",""),"") ))}
A13: 11 | B13: {=IF($A13="","",_xlfn.LET( _xlpm.n,$A13, _xlpm.allRows,'2A Regression'!$A:$A, _xlpm.matches,IF(LEFT(_xlpm.allRows,19)="Dependent Variable:",ROW(_xlpm.allRows),""), _xlpm.nthRow,SMALL(IF(_xlpm.matches<>"",_xlpm.matches),_xlpm.n), _xlpm.result,INDEX(_xlpm.allRows,_xlpm.nthRow), IFERROR(SUBSTITUTE(_xlpm.result,"Dependent Variable: ",""),"") ))}
A14: 12 | B14: {=IF($A14="","",_xlfn.LET( _xlpm.n,$A14, _xlpm.allRows,'2A Regression'!$A:$A, _xlpm.matches,IF(LEFT(_xlpm.allRows,19)="Dependent Variable:",ROW(_xlpm.allRows),""), _xlpm.nthRow,SMALL(IF(_xlpm.matches<>"",_xlpm.matches),_xlpm.n), _xlpm.result,INDEX(_xlpm.allRows,_xlpm.nthRow), IFERROR(SUBSTITUTE(_xlpm.result,"Dependent Variable: ",""),"") ))}
A15: 13 | B15: {=IF($A15="","",_xlfn.LET( _xlpm.n,$A15, _xlpm.allRows,'2A Regression'!$A:$A, _xlpm.matches,IF(LEFT(_xlpm.allRows,19)="Dependent Variable:",ROW(_xlpm.allRows),""), _xlpm.nthRow,SMALL(IF(_xlpm.matches<>"",_xlpm.matches),_xlpm.n), _xlpm.result,INDEX(_xlpm.allRows,_xlpm.nthRow), IFERROR(SUBSTITUTE(_xlpm.result,"Dependent Variable: ",""),"") ))}
A16: 14 | B16: {=IF($A16="","",_xlfn.LET( _xlpm.n,$A16, _xlpm.allRows,'2A Regression'!$A:$A, _xlpm.matches,IF(LEFT(_xlpm.allRows,19)="Dependent Variable:",ROW(_xlpm.allRows),""), _xlpm.nthRow,SMALL(IF(_xlpm.matches<>"",_xlpm.matches),_xlpm.n), _xlpm.result,INDEX(_xlpm.allRows,_xlpm.nthRow), IFERROR(SUBSTITUTE(_xlpm.result,"Dependent Variable: ",""),"") ))}
A17: 15 | B17: {=IF($A17="","",_xlfn.LET( _xlpm.n,$A17, _xlpm.allRows,'2A Regression'!$A:$A, _xlpm.matches,IF(LEFT(_xlpm.allRows,19)="Dependent Variable:",ROW(_xlpm.allRows),""), _xlpm.nthRow,SMALL(IF(_xlpm.matches<>"",_xlpm.matches),_xlpm.n), _xlpm.result,INDEX(_xlpm.allRows,_xlpm.nthRow), IFERROR(SUBSTITUTE(_xlpm.result,"Dependent Variable: ",""),"") ))}
A18: 16 | B18: {=IF($A18="","",_xlfn.LET( _xlpm.n,$A18, _xlpm.allRows,'2A Regression'!$A:$A, _xlpm.matches,IF(LEFT(_xlpm.allRows,19)="Dependent Variable:",ROW(_xlpm.allRows),""), _xlpm.nthRow,SMALL(IF(_xlpm.matches<>"",_xlpm.matches),_xlpm.n), _xlpm.result,INDEX(_xlpm.allRows,_xlpm.nthRow), IFERROR(SUBSTITUTE(_xlpm.result,"Dependent Variable: ",""),"") ))}
A19: 17 | B19: {=IF($A19="","",_xlfn.LET( _xlpm.n,$A19, _xlpm.allRows,'2A Regression'!$A:$A, _xlpm.matches,IF(LEFT(_xlpm.allRows,19)="Dependent Variable:",ROW(_xlpm.allRows),""), _xlpm.nthRow,SMALL(IF(_xlpm.matches<>"",_xlpm.matches),_xlpm.n), _xlpm.result,INDEX(_xlpm.allRows,_xlpm.nthRow), IFERROR(SUBSTITUTE(_xlpm.result,"Dependent Variable: ",""),"") ))}
A20: 18 | B20: {=IF($A20="","",_xlfn.LET( _xlpm.n,$A20, _xlpm.allRows,'2A Regression'!$A:$A, _xlpm.matches,IF(LEFT(_xlpm.allRows,19)="Dependent Variable:",ROW(_xlpm.allRows),""), _xlpm.nthRow,SMALL(IF(_xlpm.matches<>"",_xlpm.matches),_xlpm.n), _xlpm.result,INDEX(_xlpm.allRows,_xlpm.nthRow), IFERROR(SUBSTITUTE(_xlpm.result,"Dependent Variable: ",""),"") ))}
A21: 19 | B21: {=IF($A21="","",_xlfn.LET( _xlpm.n,$A21, _xlpm.allRows,'2A Regression'!$A:$A, _xlpm.matches,IF(LEFT(_xlpm.allRows,19)="Dependent Variable:",ROW(_xlpm.allRows),""), _xlpm.nthRow,SMALL(IF(_xlpm.matches<>"",_xlpm.matches),_xlpm.n), _xlpm.result,INDEX(_xlpm.allRows,_xlpm.nthRow), IFERROR(SUBSTITUTE(_xlpm.result,"Dependent Variable: ",""),"") ))}
A22: 20 | B22: {=IF($A22="","",_xlfn.LET( _xlpm.n,$A22, _xlpm.allRows,'2A Regression'!$A:$A, _xlpm.matches,IF(LEFT(_xlpm.allRows,19)="Dependent Variable:",ROW(_xlpm.allRows),""), _xlpm.nthRow,SMALL(IF(_xlpm.matches<>"",_xlpm.matches),_xlpm.n), _xlpm.result,INDEX(_xlpm.allRows,_xlpm.nthRow), IFERROR(SUBSTITUTE(_xlpm.result,"Dependent Variable: ",""),"") ))}
A23: 21
A24: 22
A25: 23
A26: 24
A27: 25
A28: 26
A29: 27
A30: 28
A31: 29
A32: 30
A33: 31
A34: 32
... A52: 50

Sheet 2E.Analysis_MIA
D1: 模型Base的样本 | E1: {=TRANSPOSE('2D Mapping'!C3:C22)} | F1: Total | G1: Total | H1: Total | I1: Total | J1: Total | K1: Total | L1: Total | M1: 0 | N1: 0 | O1: 0 | P1: 0 | Q1: 0 | R1: 0 | S1: 0 | T1: 0 | U1: 0 | V1: 0 | W1: 0 | X1: 0 | Y1: {=TRANSPOSE('2D Mapping'!D3:D22)} | Z1: {=TRANSPOSE('2D Mapping'!E3:E22)} | AA1: {=TRANSPOSE('2D Mapping'!F3:F22)} | AB1: {=TRANSPOSE('2D Mapping'!G3:G22)} | AC1: {=TRANSPOSE('2D Mapping'!H3:H22)} | AD1: {=TRANSPOSE('2D Mapping'!I3:I22)} | AE1: {=TRANSPOSE('2D Mapping'!J3:J22)} | AF1: {=TRANSPOSE('2D Mapping'!K3:K22)} | ... BB1: {=TRANSPOSE('2D Mapping'!AG3:AG22)}
A2: >>请输入： | D2: 标准化系数（回归模型结果） | E2: {=TRANSPOSE('2D Mapping'!B3:B52)} | Y2: 0 | Z2: 0 | AA2: 0 | AB2: 0 | AC2: 0 | AD2: 0 | AE2: 0 | AF2: 0 | AG2: 0 | AH2: 0 | AI2: 0 | AJ2: 0 | AK2: 0 | AL2: 0 | AM2: 0 | AN2: 0 | AO2: 0 | AP2: 0 | AQ2: 0 | AR2: 0 | AS2: 0 | AT2: 0 | AU2: 0 | AV2: 0 | AW2: 0 | AX2: 0 | AY2: 0 | AZ2: 0 | BA2: 0 | BB2: 0
D3: Factor1 | E3: {=_xlfn.LET( _xlpm.kpiName, E$2, _xlpm.factorName, $D3, _xlpm.headerText, "Dependent Variable: "&_xlpm.kpiName, _xlpm.regA, '2A Regression'!$A$1:$A$10000, _xlpm.regB, '2A Regression'!$B$1:$B$10000, _xlpm.regE, '2A Regression'!$E$1:$E$10000, _xlpm.headerRow, MATCH(_xlpm.headerText, _xlpm.regA, 0), _xlpm.nextHeaderRow, _xlfn.AGGREGATE(15, 6, ROW(_xlpm.regA)/((LEFT(_xlpm.regA,19)="Dependent Variable:")*(ROW(_xlpm.regA)>_xlpm.headerRow)), 1), _xlpm.searchStart, _xlpm.headerRow, _xlpm.searchEnd, IF(ISERROR(_xlpm.nextHeaderRow), 300, _xlpm.nextHeaderRow-1), _xlpm.factorPos, _xlfn.AGGREGATE(15, 6, ROW(_xlpm.regB)/((_xlpm.regB=_xlpm.factorName)*(ROW(_xlpm.regB)>=_xlpm.searchStart)*(ROW(_xlpm.regB)<=_xlpm.searchEnd)), 1), IF(ISERROR(_xlpm.factorPos), 0, INDEX(_xlpm.regE, _xlpm.factorPos)) )} | F3: {=_xlfn.LET( _xlpm.kpiName, F$2, _xlpm.factorName, $D3, _xlpm.headerText, "Dependent Variable: "&_xlpm.kpiName, _xlpm.regA, '2A Regression'!$A$1:$A$10000, _xlpm.regB, '2A Regression'!$B$1:$B$10000, _xlpm.regE, '2A Regression'!$E$1:$E$10000, _xlpm.headerRow, MATCH(_xlpm.headerText, _xlpm.regA, 0), _xlpm.nextHeaderRow, _xlfn.AGGREGATE(15, 6, ROW(_xlpm.regA)/((LEFT(_xlpm.regA,19)="Dependent Variable:")*(ROW(_xlpm.regA)>_xlpm.headerRow)), 1), _xlpm.searchStart, _xlpm.headerRow, _xlpm.searchEnd, IF(ISERROR(_xlpm.nextHeaderRow), 300, _xlpm.nextHeaderRow-1), _xlpm.factorPos, _xlfn.AGGREGATE(15, 6, ROW(_xlpm.regB)/((_xlpm.regB=_xlpm.factorName)*(ROW(_xlpm.regB)>=_xlpm.searchStart)*(ROW(_xlpm.regB)<=_xlpm.searchEnd)), 1), IF(ISERROR(_xlpm.factorPos), 0, INDEX(_xlpm.regE, _xlpm.factorPos)) )} | G3: {=_xlfn.LET( _xlpm.kpiName, G$2, _xlpm.factorName, $D3, _xlpm.headerText, "Dependent Variable: "&_xlpm.kpiName, _xlpm.regA, '2A Regression'!$A$1:$A$10000, _xlpm.regB, '2A Regression'!$B$1:$B$10000, _xlpm.regE, '2A Regression'!$E$1:$E$10000, _xlpm.headerRow, MATCH(_xlpm.headerText, _xlpm.regA, 0), _xlpm.nextHeaderRow, _xlfn.AGGREGATE(15, 6, ROW(_xlpm.regA)/((LEFT(_xlpm.regA,19)="Dependent Variable:")*(ROW(_xlpm.regA)>_xlpm.headerRow)), 1), _xlpm.searchStart, _xlpm.headerRow, _xlpm.searchEnd, IF(ISERROR(_xlpm.nextHeaderRow), 300, _xlpm.nextHeaderRow-1), _xlpm.factorPos, _xlfn.AGGREGATE(15, 6, ROW(_xlpm.regB)/((_xlpm.regB=_xlpm.factorName)*(ROW(_xlpm.regB)>=_xlpm.searchStart)*(ROW(_xlpm.regB)<=_xlpm.searchEnd)), 1), IF(ISERROR(_xlpm.factorPos), 0, INDEX(_xlpm.regE, _xlpm.factorPos)) )} | H3: {=_xlfn.LET( _xlpm.kpiName, H$2, _xlpm.factorName, $D3, _xlpm.headerText, "Dependent Variable: "&_xlpm.kpiName, _xlpm.regA, '2A Regression'!$A$1:$A$10000, _xlpm.regB, '2A Regression'!$B$1:$B$10000, _xlpm.regE, '2A Regression'!$E$1:$E$10000, _xlpm.headerRow, MATCH(_xlpm.headerText, _xlpm.regA, 0), _xlpm.nextHeaderRow, _xlfn.AGGREGATE(15, 6, ROW(_xlpm.regA)/((LEFT(_xlpm.regA,19)="Dependent Variable:")*(ROW(_xlpm.regA)>_xlpm.headerRow)), 1), _xlpm.searchStart, _xlpm.headerRow, _xlpm.searchEnd, IF(ISERROR(_xlpm.nextHeaderRow), 300, _xlpm.nextHeaderRow-1), _xlpm.factorPos, _xlfn.AGGREGATE(15, 6, ROW(_xlpm.regB)/((_xlpm.regB=_xlpm.factorName)*(ROW(_xlpm.regB)>=_xlpm.searchStart)*(ROW(_xlpm.regB)<=_xlpm.searchEnd)), 1), IF(ISERROR(_xlpm.factorPos), 0, INDEX(_xlpm.regE, _xlpm.factorPos)) )} | I3: {=_xlfn.LET( _xlpm.kpiName, I$2, _xlpm.factorName, $D3, _xlpm.headerText, "Dependent Variable: "&_xlpm.kpiName, _xlpm.regA, '2A Regression'!$A$1:$A$10000, _xlpm.regB, '2A Regression'!$B$1:$B$10000, _xlpm.regE, '2A Regression'!$E$1:$E$10000, _xlpm.headerRow, MATCH(_xlpm.headerText, _xlpm.regA, 0), _xlpm.nextHeaderRow, _xlfn.AGGREGATE(15, 6, ROW(_xlpm.regA)/((LEFT(_xlpm.regA,19)="Dependent Variable:")*(ROW(_xlpm.regA)>_xlpm.headerRow)), 1), _xlpm.searchStart, _xlpm.headerRow, _xlpm.searchEnd, IF(ISERROR(_xlpm.nextHeaderRow), 300, _xlpm.nextHeaderRow-1), _xlpm.factorPos, _xlfn.AGGREGATE(15, 6, ROW(_xlpm.regB)/((_xlpm.regB=_xlpm.factorName)*(ROW(_xlpm.regB)>=_xlpm.searchStart)*(ROW(_xlpm.regB)<=_xlpm.searchEnd)), 1), IF(ISERROR(_xlpm.factorPos), 0, INDEX(_xlpm.regE, _xlpm.factorPos)) )} | J3: {=_xlfn.LET( _xlpm.kpiName, J$2, _xlpm.factorName, $D3, _xlpm.headerText, "Dependent Variable: "&_xlpm.kpiName, _xlpm.regA, '2A Regression'!$A$1:$A$10000, _xlpm.regB, '2A Regression'!$B$1:$B$10000, _xlpm.regE, '2A Regression'!$E$1:$E$10000, _xlpm.headerRow, MATCH(_xlpm.headerText, _xlpm.regA, 0), _xlpm.nextHeaderRow, _xlfn.AGGREGATE(15, 6, ROW(_xlpm.regA)/((LEFT(_xlpm.regA,19)="Dependent Variable:")*(ROW(_xlpm.regA)>_xlpm.headerRow)), 1), _xlpm.searchStart, _xlpm.headerRow, _xlpm.searchEnd, IF(ISERROR(_xlpm.nextHeaderRow), 300, _xlpm.nextHeaderRow-1), _xlpm.factorPos, _xlfn.AGGREGATE(15, 6, ROW(_xlpm.regB)/((_xlpm.regB=_xlpm.factorName)*(ROW(_xlpm.regB)>=_xlpm.searchStart)*(ROW(_xlpm.regB)<=_xlpm.searchEnd)), 1), IF(ISERROR(_xlpm.factorPos), 0, INDEX(_xlpm.regE, _xlpm.factorPos)) )} | K3: {=_xlfn.LET( _xlpm.kpiName, K$2, _xlpm.factorName, $D3, _xlpm.headerText, "Dependent Variable: "&_xlpm.kpiName, _xlpm.regA, '2A Regression'!$A$1:$A$10000, _xlpm.regB, '2A Regression'!$B$1:$B$10000, _xlpm.regE, '2A Regression'!$E$1:$E$10000, _xlpm.headerRow, MATCH(_xlpm.headerText, _xlpm.regA, 0), _xlpm.nextHeaderRow, _xlfn.AGGREGATE(15, 6, ROW(_xlpm.regA)/((LEFT(_xlpm.regA,19)="Dependent Variable:")*(ROW(_xlpm.regA)>_xlpm.headerRow)), 1), _xlpm.searchStart, _xlpm.headerRow, _xlpm.searchEnd, IF(ISERROR(_xlpm.nextHeaderRow), 300, _xlpm.nextHeaderRow-1), _xlpm.factorPos, _xlfn.AGGREGATE(15, 6, ROW(_xlpm.regB)/((_xlpm.regB=_xlpm.factorName)*(ROW(_xlpm.regB)>=_xlpm.searchStart)*(ROW(_xlpm.regB)<=_xlpm.searchEnd)), 1), IF(ISERROR(_xlpm.factorPos), 0, INDEX(_xlpm.regE, _xlpm.factorPos)) )} | L3: {=_xlfn.LET( _xlpm.kpiName, L$2, _xlpm.factorName, $D3, _xlpm.headerText, "Dependent Variable: "&_xlpm.kpiName, _xlpm.regA, '2A Regression'!$A$1:$A$10000, _xlpm.regB, '2A Regression'!$B$1:$B$10000, _xlpm.regE, '2A Regression'!$E$1:$E$10000, _xlpm.headerRow, MATCH(_xlpm.headerText, _xlpm.regA, 0), _xlpm.nextHeaderRow, _xlfn.AGGREGATE(15, 6, ROW(_xlpm.regA)/((LEFT(_xlpm.regA,19)="Dependent Variable:")*(ROW(_xlpm.regA)>_xlpm.headerRow)), 1), _xlpm.searchStart, _xlpm.headerRow, _xlpm.searchEnd, IF(ISERROR(_xlpm.nextHeaderRow), 300, _xlpm.nextHeaderRow-1), _xlpm.factorPos, _xlfn.AGGREGATE(15, 6, ROW(_xlpm.regB)/((_xlpm.regB=_xlpm.factorName)*(ROW(_xlpm.regB)>=_xlpm.searchStart)*(ROW(_xlpm.regB)<=_xlpm.searchEnd)), 1), IF(ISERROR(_xlpm.factorPos), 0, INDEX(_xlpm.regE, _xlpm.factorPos)) )} | ... BB3: {=_xlfn.LET( _xlpm.kpiName, BB$2, _xlpm.factorName, $D3, _xlpm.headerText, "Dependent Variable: "&_xlpm.kpiName, _xlpm.regA, '2A Regression'!$A$1:$A$10000, _xlpm.regB, '2A Regression'!$B$1:$B$10000, _xlpm.regE, '2A Regression'!$E$1:$E$10000, _xlpm.headerRow, MATCH(_xlpm.headerText, _xlpm.regA, 0), _xlpm.nextHeaderRow, _xlfn.AGGREGATE(15, 6, ROW(_xlpm.regA)/((LEFT(_xlpm.regA,19)="Dependent Variable:")*(ROW(_xlpm.regA)>_xlpm.headerRow)), 1), _xlpm.searchStart, _xlpm.headerRow, _xlpm.searchEnd, IF(ISERROR(_xlpm.nextHeaderRow), 300, _xlpm.nextHeaderRow-1), _xlpm.factorPos, _xlfn.AGGREGATE(15, 6, ROW(_xlpm.regB)/((_xlpm.regB=_xlpm.factorName)*(ROW(_xlpm.regB)>=_xlpm.searchStart)*(ROW(_xlpm.regB)<=_xlpm.searchEnd)), 1), IF(ISERROR(_xlpm.factorPos), 0, INDEX(_xlpm.regE, _xlpm.factorPos)) )}
A4: 是否有brand dispo信息（Yes：1，No：0） | B4: 1 | D4: Factor2 | E4: {=_xlfn.LET( _xlpm.kpiName, E$2, _xlpm.factorName, $D4, _xlpm.headerText, "Dependent Variable: "&_xlpm.kpiName, _xlpm.regA, '2A Regression'!$A$1:$A$10000, _xlpm.regB, '2A Regression'!$B$1:$B$10000, _xlpm.regE, '2A Regression'!$E$1:$E$10000, _xlpm.headerRow, MATCH(_xlpm.headerText, _xlpm.regA, 0), _xlpm.nextHeaderRow, _xlfn.AGGREGATE(15, 6, ROW(_xlpm.regA)/((LEFT(_xlpm.regA,19)="Dependent Variable:")*(ROW(_xlpm.regA)>_xlpm.headerRow)), 1), _xlpm.searchStart, _xlpm.headerRow, _xlpm.searchEnd, IF(ISERROR(_xlpm.nextHeaderRow), 300, _xlpm.nextHeaderRow-1), _xlpm.factorPos, _xlfn.AGGREGATE(15, 6, ROW(_xlpm.regB)/((_xlpm.regB=_xlpm.factorName)*(ROW(_xlpm.regB)>=_xlpm.searchStart)*(ROW(_xlpm.regB)<=_xlpm.searchEnd)), 1), IF(ISERROR(_xlpm.factorPos), 0, INDEX(_xlpm.regE, _xlpm.factorPos)) )} | F4: {=_xlfn.LET( _xlpm.kpiName, F$2, _xlpm.factorName, $D4, _xlpm.headerText, "Dependent Variable: "&_xlpm.kpiName, _xlpm.regA, '2A Regression'!$A$1:$A$10000, _xlpm.regB, '2A Regression'!$B$1:$B$10000, _xlpm.regE, '2A Regression'!$E$1:$E$10000, _xlpm.headerRow, MATCH(_xlpm.headerText, _xlpm.regA, 0), _xlpm.nextHeaderRow, _xlfn.AGGREGATE(15, 6, ROW(_xlpm.regA)/((LEFT(_xlpm.regA,19)="Dependent Variable:")*(ROW(_xlpm.regA)>_xlpm.headerRow)), 1), _xlpm.searchStart, _xlpm.headerRow, _xlpm.searchEnd, IF(ISERROR(_xlpm.nextHeaderRow), 300, _xlpm.nextHeaderRow-1), _xlpm.factorPos, _xlfn.AGGREGATE(15, 6, ROW(_xlpm.regB)/((_xlpm.regB=_xlpm.factorName)*(ROW(_xlpm.regB)>=_xlpm.searchStart)*(ROW(_xlpm.regB)<=_xlpm.searchEnd)), 1), IF(ISERROR(_xlpm.factorPos), 0, INDEX(_xlpm.regE, _xlpm.factorPos)) )} | G4: {=_xlfn.LET( _xlpm.kpiName, G$2, _xlpm.factorName, $D4, _xlpm.headerText, "Dependent Variable: "&_xlpm.kpiName, _xlpm.regA, '2A Regression'!$A$1:$A$10000, _xlpm.regB, '2A Regression'!$B$1:$B$10000, _xlpm.regE, '2A Regression'!$E$1:$E$10000, _xlpm.headerRow, MATCH(_xlpm.headerText, _xlpm.regA, 0), _xlpm.nextHeaderRow, _xlfn.AGGREGATE(15, 6, ROW(_xlpm.regA)/((LEFT(_xlpm.regA,19)="Dependent Variable:")*(ROW(_xlpm.regA)>_xlpm.headerRow)), 1), _xlpm.searchStart, _xlpm.headerRow, _xlpm.searchEnd, IF(ISERROR(_xlpm.nextHeaderRow), 300, _xlpm.nextHeaderRow-1), _xlpm.factorPos, _xlfn.AGGREGATE(15, 6, ROW(_xlpm.regB)/((_xlpm.regB=_xlpm.factorName)*(ROW(_xlpm.regB)>=_xlpm.searchStart)*(ROW(_xlpm.regB)<=_xlpm.searchEnd)), 1), IF(ISERROR(_xlpm.factorPos), 0, INDEX(_xlpm.regE, _xlpm.factorPos)) )} | H4: {=_xlfn.LET( _xlpm.kpiName, H$2, _xlpm.factorName, $D4, _xlpm.headerText, "Dependent Variable: "&_xlpm.kpiName, _xlpm.regA, '2A Regression'!$A$1:$A$10000, _xlpm.regB, '2A Regression'!$B$1:$B$10000, _xlpm.regE, '2A Regression'!$E$1:$E$10000, _xlpm.headerRow, MATCH(_xlpm.headerText, _xlpm.regA, 0), _xlpm.nextHeaderRow, _xlfn.AGGREGATE(15, 6, ROW(_xlpm.regA)/((LEFT(_xlpm.regA,19)="Dependent Variable:")*(ROW(_xlpm.regA)>_xlpm.headerRow)), 1), _xlpm.searchStart, _xlpm.headerRow, _xlpm.searchEnd, IF(ISERROR(_xlpm.nextHeaderRow), 300, _xlpm.nextHeaderRow-1), _xlpm.factorPos, _xlfn.AGGREGATE(15, 6, ROW(_xlpm.regB)/((_xlpm.regB=_xlpm.factorName)*(ROW(_xlpm.regB)>=_xlpm.searchStart)*(ROW(_xlpm.regB)<=_xlpm.searchEnd)), 1), IF(ISERROR(_xlpm.factorPos), 0, INDEX(_xlpm.regE, _xlpm.factorPos)) )} | I4: {=_xlfn.LET( _xlpm.kpiName, I$2, _xlpm.factorName, $D4, _xlpm.headerText, "Dependent Variable: "&_xlpm.kpiName, _xlpm.regA, '2A Regression'!$A$1:$A$10000, _xlpm.regB, '2A Regression'!$B$1:$B$10000, _xlpm.regE, '2A Regression'!$E$1:$E$10000, _xlpm.headerRow, MATCH(_xlpm.headerText, _xlpm.regA, 0), _xlpm.nextHeaderRow, _xlfn.AGGREGATE(15, 6, ROW(_xlpm.regA)/((LEFT(_xlpm.regA,19)="Dependent Variable:")*(ROW(_xlpm.regA)>_xlpm.headerRow)), 1), _xlpm.searchStart, _xlpm.headerRow, _xlpm.searchEnd, IF(ISERROR(_xlpm.nextHeaderRow), 300, _xlpm.nextHeaderRow-1), _xlpm.factorPos, _xlfn.AGGREGATE(15, 6, ROW(_xlpm.regB)/((_xlpm.regB=_xlpm.factorName)*(ROW(_xlpm.regB)>=_xlpm.searchStart)*(ROW(_xlpm.regB)<=_xlpm.searchEnd)), 1), IF(ISERROR(_xlpm.factorPos), 0, INDEX(_xlpm.regE, _xlpm.factorPos)) )} | J4: {=_xlfn.LET( _xlpm.kpiName, J$2, _xlpm.factorName, $D4, _xlpm.headerText, "Dependent Variable: "&_xlpm.kpiName, _xlpm.regA, '2A Regression'!$A$1:$A$10000, _xlpm.regB, '2A Regression'!$B$1:$B$10000, _xlpm.regE, '2A Regression'!$E$1:$E$10000, _xlpm.headerRow, MATCH(_xlpm.headerText, _xlpm.regA, 0), _xlpm.nextHeaderRow, _xlfn.AGGREGATE(15, 6, ROW(_xlpm.regA)/((LEFT(_xlpm.regA,19)="Dependent Variable:")*(ROW(_xlpm.regA)>_xlpm.headerRow)), 1), _xlpm.searchStart, _xlpm.headerRow, _xlpm.searchEnd, IF(ISERROR(_xlpm.nextHeaderRow), 300, _xlpm.nextHeaderRow-1), _xlpm.factorPos, _xlfn.AGGREGATE(15, 6, ROW(_xlpm.regB)/((_xlpm.regB=_xlpm.factorName)*(ROW(_xlpm.regB)>=_xlpm.searchStart)*(ROW(_xlpm.regB)<=_xlpm.searchEnd)), 1), IF(ISERROR(_xlpm.factorPos), 0, INDEX(_xlpm.regE, _xlpm.factorPos)) )} | K4: {=_xlfn.LET( _xlpm.kpiName, K$2, _xlpm.factorName, $D4, _xlpm.headerText, "Dependent Variable: "&_xlpm.kpiName, _xlpm.regA, '2A Regression'!$A$1:$A$10000, _xlpm.regB, '2A Regression'!$B$1:$B$10000, _xlpm.regE, '2A Regression'!$E$1:$E$10000, _xlpm.headerRow, MATCH(_xlpm.headerText, _xlpm.regA, 0), _xlpm.nextHeaderRow, _xlfn.AGGREGATE(15, 6, ROW(_xlpm.regA)/((LEFT(_xlpm.regA,19)="Dependent Variable:")*(ROW(_xlpm.regA)>_xlpm.headerRow)), 1), _xlpm.searchStart, _xlpm.headerRow, _xlpm.searchEnd, IF(ISERROR(_xlpm.nextHeaderRow), 300, _xlpm.nextHeaderRow-1), _xlpm.factorPos, _xlfn.AGGREGATE(15, 6, ROW(_xlpm.regB)/((_xlpm.regB=_xlpm.factorName)*(ROW(_xlpm.regB)>=_xlpm.searchStart)*(ROW(_xlpm.regB)<=_xlpm.searchEnd)), 1), IF(ISERROR(_xlpm.factorPos), 0, INDEX(_xlpm.regE, _xlpm.factorPos)) )} | L4: {=_xlfn.LET( _xlpm.kpiName, L$2, _xlpm.factorName, $D4, _xlpm.headerText, "Dependent Variable: "&_xlpm.kpiName, _xlpm.regA, '2A Regression'!$A$1:$A$10000, _xlpm.regB, '2A Regression'!$B$1:$B$10000, _xlpm.regE, '2A Regression'!$E$1:$E$10000, _xlpm.headerRow, MATCH(_xlpm.headerText, _xlpm.regA, 0), _xlpm.nextHeaderRow, _xlfn.AGGREGATE(15, 6, ROW(_xlpm.regA)/((LEFT(_xlpm.regA,19)="Dependent Variable:")*(ROW(_xlpm.regA)>_xlpm.headerRow)), 1), _xlpm.searchStart, _xlpm.headerRow, _xlpm.searchEnd, IF(ISERROR(_xlpm.nextHeaderRow), 300, _xlpm.nextHeaderRow-1), _xlpm.factorPos, _xlfn.AGGREGATE(15, 6, ROW(_xlpm.regB)/((_xlpm.regB=_xlpm.factorName)*(ROW(_xlpm.regB)>=_xlpm.searchStart)*(ROW(_xlpm.regB)<=_xlpm.searchEnd)), 1), IF(ISERROR(_xlpm.factorPos), 0, INDEX(_xlpm.regE, _xlpm.factorPos)) )} | ... BB4: {=_xlfn.LET( _xlpm.kpiName, BB$2, _xlpm.factorName, $D4, _xlpm.headerText, "Dependent Variable: "&_xlpm.kpiName, _xlpm.regA, '2A Regression'!$A$1:$A$10000, _xlpm.regB, '2A Regression'!$B$1:$B$10000, _xlpm.regE, '2A Regression'!$E$1:$E$10000, _xlpm.headerRow, MATCH(_xlpm.headerText, _xlpm.regA, 0), _xlpm.nextHeaderRow, _xlfn.AGGREGATE(15, 6, ROW(_xlpm.regA)/((LEFT(_xlpm.regA,19)="Dependent Variable:")*(ROW(_xlpm.regA)>_xlpm.headerRow)), 1), _xlpm.searchStart, _xlpm.headerRow, _xlpm.searchEnd, IF(ISERROR(_xlpm.nextHeaderRow), 300, _xlpm.nextHeaderRow-1), _xlpm.factorPos, _xlfn.AGGREGATE(15, 6, ROW(_xlpm.regB)/((_xlpm.regB=_xlpm.factorName)*(ROW(_xlpm.regB)>=_xlpm.searchStart)*(ROW(_xlpm.regB)<=_xlpm.searchEnd)), 1), IF(ISERROR(_xlpm.factorPos), 0, INDEX(_xlpm.regE, _xlpm.factorPos)) )}
D5: Factor3 | E5: {=_xlfn.LET( _xlpm.kpiName, E$2, _xlpm.factorName, $D5, _xlpm.headerText, "Dependent Variable: "&_xlpm.kpiName, _xlpm.regA, '2A Regression'!$A$1:$A$10000, _xlpm.regB, '2A Regression'!$B$1:$B$10000, _xlpm.regE, '2A Regression'!$E$1:$E$10000, _xlpm.headerRow, MATCH(_xlpm.headerText, _xlpm.regA, 0), _xlpm.nextHeaderRow, _xlfn.AGGREGATE(15, 6, ROW(_xlpm.regA)/((LEFT(_xlpm.regA,19)="Dependent Variable:")*(ROW(_xlpm.regA)>_xlpm.headerRow)), 1), _xlpm.searchStart, _xlpm.headerRow, _xlpm.searchEnd, IF(ISERROR(_xlpm.nextHeaderRow), 300, _xlpm.nextHeaderRow-1), _xlpm.factorPos, _xlfn.AGGREGATE(15, 6, ROW(_xlpm.regB)/((_xlpm.regB=_xlpm.factorName)*(ROW(_xlpm.regB)>=_xlpm.searchStart)*(ROW(_xlpm.regB)<=_xlpm.searchEnd)), 1), IF(ISERROR(_xlpm.factorPos), 0, INDEX(_xlpm.regE, _xlpm.factorPos)) )} | F5: {=_xlfn.LET( _xlpm.kpiName, F$2, _xlpm.factorName, $D5, _xlpm.headerText, "Dependent Variable: "&_xlpm.kpiName, _xlpm.regA, '2A Regression'!$A$1:$A$10000, _xlpm.regB, '2A Regression'!$B$1:$B$10000, _xlpm.regE, '2A Regression'!$E$1:$E$10000, _xlpm.headerRow, MATCH(_xlpm.headerText, _xlpm.regA, 0), _xlpm.nextHeaderRow, _xlfn.AGGREGATE(15, 6, ROW(_xlpm.regA)/((LEFT(_xlpm.regA,19)="Dependent Variable:")*(ROW(_xlpm.regA)>_xlpm.headerRow)), 1), _xlpm.searchStart, _xlpm.headerRow, _xlpm.searchEnd, IF(ISERROR(_xlpm.nextHeaderRow), 300, _xlpm.nextHeaderRow-1), _xlpm.factorPos, _xlfn.AGGREGATE(15, 6, ROW(_xlpm.regB)/((_xlpm.regB=_xlpm.factorName)*(ROW(_xlpm.regB)>=_xlpm.searchStart)*(ROW(_xlpm.regB)<=_xlpm.searchEnd)), 1), IF(ISERROR(_xlpm.factorPos), 0, INDEX(_xlpm.regE, _xlpm.factorPos)) )} | G5: {=_xlfn.LET( _xlpm.kpiName, G$2, _xlpm.factorName, $D5, _xlpm.headerText, "Dependent Variable: "&_xlpm.kpiName, _xlpm.regA, '2A Regression'!$A$1:$A$10000, _xlpm.regB, '2A Regression'!$B$1:$B$10000, _xlpm.regE, '2A Regression'!$E$1:$E$10000, _xlpm.headerRow, MATCH(_xlpm.headerText, _xlpm.regA, 0), _xlpm.nextHeaderRow, _xlfn.AGGREGATE(15, 6, ROW(_xlpm.regA)/((LEFT(_xlpm.regA,19)="Dependent Variable:")*(ROW(_xlpm.regA)>_xlpm.headerRow)), 1), _xlpm.searchStart, _xlpm.headerRow, _xlpm.searchEnd, IF(ISERROR(_xlpm.nextHeaderRow), 300, _xlpm.nextHeaderRow-1), _xlpm.factorPos, _xlfn.AGGREGATE(15, 6, ROW(_xlpm.regB)/((_xlpm.regB=_xlpm.factorName)*(ROW(_xlpm.regB)>=_xlpm.searchStart)*(ROW(_xlpm.regB)<=_xlpm.searchEnd)), 1), IF(ISERROR(_xlpm.factorPos), 0, INDEX(_xlpm.regE, _xlpm.factorPos)) )} | H5: {=_xlfn.LET( _xlpm.kpiName, H$2, _xlpm.factorName, $D5, _xlpm.headerText, "Dependent Variable: "&_xlpm.kpiName, _xlpm.regA, '2A Regression'!$A$1:$A$10000, _xlpm.regB, '2A Regression'!$B$1:$B$10000, _xlpm.regE, '2A Regression'!$E$1:$E$10000, _xlpm.headerRow, MATCH(_xlpm.headerText, _xlpm.regA, 0), _xlpm.nextHeaderRow, _xlfn.AGGREGATE(15, 6, ROW(_xlpm.regA)/((LEFT(_xlpm.regA,19)="Dependent Variable:")*(ROW(_xlpm.regA)>_xlpm.headerRow)), 1), _xlpm.searchStart, _xlpm.headerRow, _xlpm.searchEnd, IF(ISERROR(_xlpm.nextHeaderRow), 300, _xlpm.nextHeaderRow-1), _xlpm.factorPos, _xlfn.AGGREGATE(15, 6, ROW(_xlpm.regB)/((_xlpm.regB=_xlpm.factorName)*(ROW(_xlpm.regB)>=_xlpm.searchStart)*(ROW(_xlpm.regB)<=_xlpm.searchEnd)), 1), IF(ISERROR(_xlpm.factorPos), 0, INDEX(_xlpm.regE, _xlpm.factorPos)) )} | I5: {=_xlfn.LET( _xlpm.kpiName, I$2, _xlpm.factorName, $D5, _xlpm.headerText, "Dependent Variable: "&_xlpm.kpiName, _xlpm.regA, '2A Regression'!$A$1:$A$10000, _xlpm.regB, '2A Regression'!$B$1:$B$10000, _xlpm.regE, '2A Regression'!$E$1:$E$10000, _xlpm.headerRow, MATCH(_xlpm.headerText, _xlpm.regA, 0), _xlpm.nextHeaderRow, _xlfn.AGGREGATE(15, 6, ROW(_xlpm.regA)/((LEFT(_xlpm.regA,19)="Dependent Variable:")*(ROW(_xlpm.regA)>_xlpm.headerRow)), 1), _xlpm.searchStart, _xlpm.headerRow, _xlpm.searchEnd, IF(ISERROR(_xlpm.nextHeaderRow), 300, _xlpm.nextHeaderRow-1), _xlpm.factorPos, _xlfn.AGGREGATE(15, 6, ROW(_xlpm.regB)/((_xlpm.regB=_xlpm.factorName)*(ROW(_xlpm.regB)>=_xlpm.searchStart)*(ROW(_xlpm.regB)<=_xlpm.searchEnd)), 1), IF(ISERROR(_xlpm.factorPos), 0, INDEX(_xlpm.regE, _xlpm.factorPos)) )} | J5: {=_xlfn.LET( _xlpm.kpiName, J$2, _xlpm.factorName, $D5, _xlpm.headerText, "Dependent Variable: "&_xlpm.kpiName, _xlpm.regA, '2A Regression'!$A$1:$A$10000, _xlpm.regB, '2A Regression'!$B$1:$B$10000, _xlpm.regE, '2A Regression'!$E$1:$E$10000, _xlpm.headerRow, MATCH(_xlpm.headerText, _xlpm.regA, 0), _xlpm.nextHeaderRow, _xlfn.AGGREGATE(15, 6, ROW(_xlpm.regA)/((LEFT(_xlpm.regA,19)="Dependent Variable:")*(ROW(_xlpm.regA)>_xlpm.headerRow)), 1), _xlpm.searchStart, _xlpm.headerRow, _xlpm.searchEnd, IF(ISERROR(_xlpm.nextHeaderRow), 300, _xlpm.nextHeaderRow-1), _xlpm.factorPos, _xlfn.AGGREGATE(15, 6, ROW(_xlpm.regB)/((_xlpm.regB=_xlpm.factorName)*(ROW(_xlpm.regB)>=_xlpm.searchStart)*(ROW(_xlpm.regB)<=_xlpm.searchEnd)), 1), IF(ISERROR(_xlpm.factorPos), 0, INDEX(_xlpm.regE, _xlpm.factorPos)) )} | K5: {=_xlfn.LET( _xlpm.kpiName, K$2, _xlpm.factorName, $D5, _xlpm.headerText, "Dependent Variable: "&_xlpm.kpiName, _xlpm.regA, '2A Regression'!$A$1:$A$10000, _xlpm.regB, '2A Regression'!$B$1:$B$10000, _xlpm.regE, '2A Regression'!$E$1:$E$10000, _xlpm.headerRow, MATCH(_xlpm.headerText, _xlpm.regA, 0), _xlpm.nextHeaderRow, _xlfn.AGGREGATE(15, 6, ROW(_xlpm.regA)/((LEFT(_xlpm.regA,19)="Dependent Variable:")*(ROW(_xlpm.regA)>_xlpm.headerRow)), 1), _xlpm.searchStart, _xlpm.headerRow, _xlpm.searchEnd, IF(ISERROR(_xlpm.nextHeaderRow), 300, _xlpm.nextHeaderRow-1), _xlpm.factorPos, _xlfn.AGGREGATE(15, 6, ROW(_xlpm.regB)/((_xlpm.regB=_xlpm.factorName)*(ROW(_xlpm.regB)>=_xlpm.searchStart)*(ROW(_xlpm.regB)<=_xlpm.searchEnd)), 1), IF(ISERROR(_xlpm.factorPos), 0, INDEX(_xlpm.regE, _xlpm.factorPos)) )} | L5: {=_xlfn.LET( _xlpm.kpiName, L$2, _xlpm.factorName, $D5, _xlpm.headerText, "Dependent Variable: "&_xlpm.kpiName, _xlpm.regA, '2A Regression'!$A$1:$A$10000, _xlpm.regB, '2A Regression'!$B$1:$B$10000, _xlpm.regE, '2A Regression'!$E$1:$E$10000, _xlpm.headerRow, MATCH(_xlpm.headerText, _xlpm.regA, 0), _xlpm.nextHeaderRow, _xlfn.AGGREGATE(15, 6, ROW(_xlpm.regA)/((LEFT(_xlpm.regA,19)="Dependent Variable:")*(ROW(_xlpm.regA)>_xlpm.headerRow)), 1), _xlpm.searchStart, _xlpm.headerRow, _xlpm.searchEnd, IF(ISERROR(_xlpm.nextHeaderRow), 300, _xlpm.nextHeaderRow-1), _xlpm.factorPos, _xlfn.AGGREGATE(15, 6, ROW(_xlpm.regB)/((_xlpm.regB=_xlpm.factorName)*(ROW(_xlpm.regB)>=_xlpm.searchStart)*(ROW(_xlpm.regB)<=_xlpm.searchEnd)), 1), IF(ISERROR(_xlpm.factorPos), 0, INDEX(_xlpm.regE, _xlpm.factorPos)) )} | ... BB5: {=_xlfn.LET( _xlpm.kpiName, BB$2, _xlpm.factorName, $D5, _xlpm.headerText, "Dependent Variable: "&_xlpm.kpiName, _xlpm.regA, '2A Regression'!$A$1:$A$10000, _xlpm.regB, '2A Regression'!$B$1:$B$10000, _xlpm.regE, '2A Regression'!$E$1:$E$10000, _xlpm.headerRow, MATCH(_xlpm.headerText, _xlpm.regA, 0), _xlpm.nextHeaderRow, _xlfn.AGGREGATE(15, 6, ROW(_xlpm.regA)/((LEFT(_xlpm.regA,19)="Dependent Variable:")*(ROW(_xlpm.regA)>_xlpm.headerRow)), 1), _xlpm.searchStart, _xlpm.headerRow, _xlpm.searchEnd, IF(ISERROR(_xlpm.nextHeaderRow), 300, _xlpm.nextHeaderRow-1), _xlpm.factorPos, _xlfn.AGGREGATE(15, 6, ROW(_xlpm.regB)/((_xlpm.regB=_xlpm.factorName)*(ROW(_xlpm.regB)>=_xlpm.searchStart)*(ROW(_xlpm.regB)<=_xlpm.searchEnd)), 1), IF(ISERROR(_xlpm.factorPos), 0, INDEX(_xlpm.regE, _xlpm.factorPos)) )}
D6: Factor4 | E6: {=_xlfn.LET( _xlpm.kpiName, E$2, _xlpm.factorName, $D6, _xlpm.headerText, "Dependent Variable: "&_xlpm.kpiName, _xlpm.regA, '2A Regression'!$A$1:$A$10000, _xlpm.regB, '2A Regression'!$B$1:$B$10000, _xlpm.regE, '2A Regression'!$E$1:$E$10000, _xlpm.headerRow, MATCH(_xlpm.headerText, _xlpm.regA, 0), _xlpm.nextHeaderRow, _xlfn.AGGREGATE(15, 6, ROW(_xlpm.regA)/((LEFT(_xlpm.regA,19)="Dependent Variable:")*(ROW(_xlpm.regA)>_xlpm.headerRow)), 1), _xlpm.searchStart, _xlpm.headerRow, _xlpm.searchEnd, IF(ISERROR(_xlpm.nextHeaderRow), 300, _xlpm.nextHeaderRow-1), _xlpm.factorPos, _xlfn.AGGREGATE(15, 6, ROW(_xlpm.regB)/((_xlpm.regB=_xlpm.factorName)*(ROW(_xlpm.regB)>=_xlpm.searchStart)*(ROW(_xlpm.regB)<=_xlpm.searchEnd)), 1), IF(ISERROR(_xlpm.factorPos), 0, INDEX(_xlpm.regE, _xlpm.factorPos)) )} | F6: {=_xlfn.LET( _xlpm.kpiName, F$2, _xlpm.factorName, $D6, _xlpm.headerText, "Dependent Variable: "&_xlpm.kpiName, _xlpm.regA, '2A Regression'!$A$1:$A$10000, _xlpm.regB, '2A Regression'!$B$1:$B$10000, _xlpm.regE, '2A Regression'!$E$1:$E$10000, _xlpm.headerRow, MATCH(_xlpm.headerText, _xlpm.regA, 0), _xlpm.nextHeaderRow, _xlfn.AGGREGATE(15, 6, ROW(_xlpm.regA)/((LEFT(_xlpm.regA,19)="Dependent Variable:")*(ROW(_xlpm.regA)>_xlpm.headerRow)), 1), _xlpm.searchStart, _xlpm.headerRow, _xlpm.searchEnd, IF(ISERROR(_xlpm.nextHeaderRow), 300, _xlpm.nextHeaderRow-1), _xlpm.factorPos, _xlfn.AGGREGATE(15, 6, ROW(_xlpm.regB)/((_xlpm.regB=_xlpm.factorName)*(ROW(_xlpm.regB)>=_xlpm.searchStart)*(ROW(_xlpm.regB)<=_xlpm.searchEnd)), 1), IF(ISERROR(_xlpm.factorPos), 0, INDEX(_xlpm.regE, _xlpm.factorPos)) )} | G6: {=_xlfn.LET( _xlpm.kpiName, G$2, _xlpm.factorName, $D6, _xlpm.headerText, "Dependent Variable: "&_xlpm.kpiName, _xlpm.regA, '2A Regression'!$A$1:$A$10000, _xlpm.regB, '2A Regression'!$B$1:$B$10000, _xlpm.regE, '2A Regression'!$E$1:$E$10000, _xlpm.headerRow, MATCH(_xlpm.headerText, _xlpm.regA, 0), _xlpm.nextHeaderRow, _xlfn.AGGREGATE(15, 6, ROW(_xlpm.regA)/((LEFT(_xlpm.regA,19)="Dependent Variable:")*(ROW(_xlpm.regA)>_xlpm.headerRow)), 1), _xlpm.searchStart, _xlpm.headerRow, _xlpm.searchEnd, IF(ISERROR(_xlpm.nextHeaderRow), 300, _xlpm.nextHeaderRow-1), _xlpm.factorPos, _xlfn.AGGREGATE(15, 6, ROW(_xlpm.regB)/((_xlpm.regB=_xlpm.factorName)*(ROW(_xlpm.regB)>=_xlpm.searchStart)*(ROW(_xlpm.regB)<=_xlpm.searchEnd)), 1), IF(ISERROR(_xlpm.factorPos), 0, INDEX(_xlpm.regE, _xlpm.factorPos)) )} | H6: {=_xlfn.LET( _xlpm.kpiName, H$2, _xlpm.factorName, $D6, _xlpm.headerText, "Dependent Variable: "&_xlpm.kpiName, _xlpm.regA, '2A Regression'!$A$1:$A$10000, _xlpm.regB, '2A Regression'!$B$1:$B$10000, _xlpm.regE, '2A Regression'!$E$1:$E$10000, _xlpm.headerRow, MATCH(_xlpm.headerText, _xlpm.regA, 0), _xlpm.nextHeaderRow, _xlfn.AGGREGATE(15, 6, ROW(_xlpm.regA)/((LEFT(_xlpm.regA,19)="Dependent Variable:")*(ROW(_xlpm.regA)>_xlpm.headerRow)), 1), _xlpm.searchStart, _xlpm.headerRow, _xlpm.searchEnd, IF(ISERROR(_xlpm.nextHeaderRow), 300, _xlpm.nextHeaderRow-1), _xlpm.factorPos, _xlfn.AGGREGATE(15, 6, ROW(_xlpm.regB)/((_xlpm.regB=_xlpm.factorName)*(ROW(_xlpm.regB)>=_xlpm.searchStart)*(ROW(_xlpm.regB)<=_xlpm.searchEnd)), 1), IF(ISERROR(_xlpm.factorPos), 0, INDEX(_xlpm.regE, _xlpm.factorPos)) )} | I6: {=_xlfn.LET( _xlpm.kpiName, I$2, _xlpm.factorName, $D6, _xlpm.headerText, "Dependent Variable: "&_xlpm.kpiName, _xlpm.regA, '2A Regression'!$A$1:$A$10000, _xlpm.regB, '2A Regression'!$B$1:$B$10000, _xlpm.regE, '2A Regression'!$E$1:$E$10000, _xlpm.headerRow, MATCH(_xlpm.headerText, _xlpm.regA, 0), _xlpm.nextHeaderRow, _xlfn.AGGREGATE(15, 6, ROW(_xlpm.regA)/((LEFT(_xlpm.regA,19)="Dependent Variable:")*(ROW(_xlpm.regA)>_xlpm.headerRow)), 1), _xlpm.searchStart, _xlpm.headerRow, _xlpm.searchEnd, IF(ISERROR(_xlpm.nextHeaderRow), 300, _xlpm.nextHeaderRow-1), _xlpm.factorPos, _xlfn.AGGREGATE(15, 6, ROW(_xlpm.regB)/((_xlpm.regB=_xlpm.factorName)*(ROW(_xlpm.regB)>=_xlpm.searchStart)*(ROW(_xlpm.regB)<=_xlpm.searchEnd)), 1), IF(ISERROR(_xlpm.factorPos), 0, INDEX(_xlpm.regE, _xlpm.factorPos)) )} | J6: {=_xlfn.LET( _xlpm.kpiName, J$2, _xlpm.factorName, $D6, _xlpm.headerText, "Dependent Variable: "&_xlpm.kpiName, _xlpm.regA, '2A Regression'!$A$1:$A$10000, _xlpm.regB, '2A Regression'!$B$1:$B$10000, _xlpm.regE, '2A Regression'!$E$1:$E$10000, _xlpm.headerRow, MATCH(_xlpm.headerText, _xlpm.regA, 0), _xlpm.nextHeaderRow, _xlfn.AGGREGATE(15, 6, ROW(_xlpm.regA)/((LEFT(_xlpm.regA,19)="Dependent Variable:")*(ROW(_xlpm.regA)>_xlpm.headerRow)), 1), _xlpm.searchStart, _xlpm.headerRow, _xlpm.searchEnd, IF(ISERROR(_xlpm.nextHeaderRow), 300, _xlpm.nextHeaderRow-1), _xlpm.factorPos, _xlfn.AGGREGATE(15, 6, ROW(_xlpm.regB)/((_xlpm.regB=_xlpm.factorName)*(ROW(_xlpm.regB)>=_xlpm.searchStart)*(ROW(_xlpm.regB)<=_xlpm.searchEnd)), 1), IF(ISERROR(_xlpm.factorPos), 0, INDEX(_xlpm.regE, _xlpm.factorPos)) )} | K6: {=_xlfn.LET( _xlpm.kpiName, K$2, _xlpm.factorName, $D6, _xlpm.headerText, "Dependent Variable: "&_xlpm.kpiName, _xlpm.regA, '2A Regression'!$A$1:$A$10000, _xlpm.regB, '2A Regression'!$B$1:$B$10000, _xlpm.regE, '2A Regression'!$E$1:$E$10000, _xlpm.headerRow, MATCH(_xlpm.headerText, _xlpm.regA, 0), _xlpm.nextHeaderRow, _xlfn.AGGREGATE(15, 6, ROW(_xlpm.regA)/((LEFT(_xlpm.regA,19)="Dependent Variable:")*(ROW(_xlpm.regA)>_xlpm.headerRow)), 1), _xlpm.searchStart, _xlpm.headerRow, _xlpm.searchEnd, IF(ISERROR(_xlpm.nextHeaderRow), 300, _xlpm.nextHeaderRow-1), _xlpm.factorPos, _xlfn.AGGREGATE(15, 6, ROW(_xlpm.regB)/((_xlpm.regB=_xlpm.factorName)*(ROW(_xlpm.regB)>=_xlpm.searchStart)*(ROW(_xlpm.regB)<=_xlpm.searchEnd)), 1), IF(ISERROR(_xlpm.factorPos), 0, INDEX(_xlpm.regE, _xlpm.factorPos)) )} | L6: {=_xlfn.LET( _xlpm.kpiName, L$2, _xlpm.factorName, $D6, _xlpm.headerText, "Dependent Variable: "&_xlpm.kpiName, _xlpm.regA, '2A Regression'!$A$1:$A$10000, _xlpm.regB, '2A Regression'!$B$1:$B$10000, _xlpm.regE, '2A Regression'!$E$1:$E$10000, _xlpm.headerRow, MATCH(_xlpm.headerText, _xlpm.regA, 0), _xlpm.nextHeaderRow, _xlfn.AGGREGATE(15, 6, ROW(_xlpm.regA)/((LEFT(_xlpm.regA,19)="Dependent Variable:")*(ROW(_xlpm.regA)>_xlpm.headerRow)), 1), _xlpm.searchStart, _xlpm.headerRow, _xlpm.searchEnd, IF(ISERROR(_xlpm.nextHeaderRow), 300, _xlpm.nextHeaderRow-1), _xlpm.factorPos, _xlfn.AGGREGATE(15, 6, ROW(_xlpm.regB)/((_xlpm.regB=_xlpm.factorName)*(ROW(_xlpm.regB)>=_xlpm.searchStart)*(ROW(_xlpm.regB)<=_xlpm.searchEnd)), 1), IF(ISERROR(_xlpm.factorPos), 0, INDEX(_xlpm.regE, _xlpm.factorPos)) )} | ... BB6: {=_xlfn.LET( _xlpm.kpiName, BB$2, _xlpm.factorName, $D6, _xlpm.headerText, "Dependent Variable: "&_xlpm.kpiName, _xlpm.regA, '2A Regression'!$A$1:$A$10000, _xlpm.regB, '2A Regression'!$B$1:$B$10000, _xlpm.regE, '2A Regression'!$E$1:$E$10000, _xlpm.headerRow, MATCH(_xlpm.headerText, _xlpm.regA, 0), _xlpm.nextHeaderRow, _xlfn.AGGREGATE(15, 6, ROW(_xlpm.regA)/((LEFT(_xlpm.regA,19)="Dependent Variable:")*(ROW(_xlpm.regA)>_xlpm.headerRow)), 1), _xlpm.searchStart, _xlpm.headerRow, _xlpm.searchEnd, IF(ISERROR(_xlpm.nextHeaderRow), 300, _xlpm.nextHeaderRow-1), _xlpm.factorPos, _xlfn.AGGREGATE(15, 6, ROW(_xlpm.regB)/((_xlpm.regB=_xlpm.factorName)*(ROW(_xlpm.regB)>=_xlpm.searchStart)*(ROW(_xlpm.regB)<=_xlpm.searchEnd)), 1), IF(ISERROR(_xlpm.factorPos), 0, INDEX(_xlpm.regE, _xlpm.factorPos)) )}
D7: Factor5 | E7: {=_xlfn.LET( _xlpm.kpiName, E$2, _xlpm.factorName, $D7, _xlpm.headerText, "Dependent Variable: "&_xlpm.kpiName, _xlpm.regA, '2A Regression'!$A$1:$A$10000, _xlpm.regB, '2A Regression'!$B$1:$B$10000, _xlpm.regE, '2A Regression'!$E$1:$E$10000, _xlpm.headerRow, MATCH(_xlpm.headerText, _xlpm.regA, 0), _xlpm.nextHeaderRow, _xlfn.AGGREGATE(15, 6, ROW(_xlpm.regA)/((LEFT(_xlpm.regA,19)="Dependent Variable:")*(ROW(_xlpm.regA)>_xlpm.headerRow)), 1), _xlpm.searchStart, _xlpm.headerRow, _xlpm.searchEnd, IF(ISERROR(_xlpm.nextHeaderRow), 300, _xlpm.nextHeaderRow-1), _xlpm.factorPos, _xlfn.AGGREGATE(15, 6, ROW(_xlpm.regB)/((_xlpm.regB=_xlpm.factorName)*(ROW(_xlpm.regB)>=_xlpm.searchStart)*(ROW(_xlpm.regB)<=_xlpm.searchEnd)), 1), IF(ISERROR(_xlpm.factorPos), 0, INDEX(_xlpm.regE, _xlpm.factorPos)) )} | F7: {=_xlfn.LET( _xlpm.kpiName, F$2, _xlpm.factorName, $D7, _xlpm.headerText, "Dependent Variable: "&_xlpm.kpiName, _xlpm.regA, '2A Regression'!$A$1:$A$10000, _xlpm.regB, '2A Regression'!$B$1:$B$10000, _xlpm.regE, '2A Regression'!$E$1:$E$10000, _xlpm.headerRow, MATCH(_xlpm.headerText, _xlpm.regA, 0), _xlpm.nextHeaderRow, _xlfn.AGGREGATE(15, 6, ROW(_xlpm.regA)/((LEFT(_xlpm.regA,19)="Dependent Variable:")*(ROW(_xlpm.regA)>_xlpm.headerRow)), 1), _xlpm.searchStart, _xlpm.headerRow, _xlpm.searchEnd, IF(ISERROR(_xlpm.nextHeaderRow), 300, _xlpm.nextHeaderRow-1), _xlpm.factorPos, _xlfn.AGGREGATE(15, 6, ROW(_xlpm.regB)/((_xlpm.regB=_xlpm.factorName)*(ROW(_xlpm.regB)>=_xlpm.searchStart)*(ROW(_xlpm.regB)<=_xlpm.searchEnd)), 1), IF(ISERROR(_xlpm.factorPos), 0, INDEX(_xlpm.regE, _xlpm.factorPos)) )} | G7: {=_xlfn.LET( _xlpm.kpiName, G$2, _xlpm.factorName, $D7, _xlpm.headerText, "Dependent Variable: "&_xlpm.kpiName, _xlpm.regA, '2A Regression'!$A$1:$A$10000, _xlpm.regB, '2A Regression'!$B$1:$B$10000, _xlpm.regE, '2A Regression'!$E$1:$E$10000, _xlpm.headerRow, MATCH(_xlpm.headerText, _xlpm.regA, 0), _xlpm.nextHeaderRow, _xlfn.AGGREGATE(15, 6, ROW(_xlpm.regA)/((LEFT(_xlpm.regA,19)="Dependent Variable:")*(ROW(_xlpm.regA)>_xlpm.headerRow)), 1), _xlpm.searchStart, _xlpm.headerRow, _xlpm.searchEnd, IF(ISERROR(_xlpm.nextHeaderRow), 300, _xlpm.nextHeaderRow-1), _xlpm.factorPos, _xlfn.AGGREGATE(15, 6, ROW(_xlpm.regB)/((_xlpm.regB=_xlpm.factorName)*(ROW(_xlpm.regB)>=_xlpm.searchStart)*(ROW(_xlpm.regB)<=_xlpm.searchEnd)), 1), IF(ISERROR(_xlpm.factorPos), 0, INDEX(_xlpm.regE, _xlpm.factorPos)) )} | H7: {=_xlfn.LET( _xlpm.kpiName, H$2, _xlpm.factorName, $D7, _xlpm.headerText, "Dependent Variable: "&_xlpm.kpiName, _xlpm.regA, '2A Regression'!$A$1:$A$10000, _xlpm.regB, '2A Regression'!$B$1:$B$10000, _xlpm.regE, '2A Regression'!$E$1:$E$10000, _xlpm.headerRow, MATCH(_xlpm.headerText, _xlpm.regA, 0), _xlpm.nextHeaderRow, _xlfn.AGGREGATE(15, 6, ROW(_xlpm.regA)/((LEFT(_xlpm.regA,19)="Dependent Variable:")*(ROW(_xlpm.regA)>_xlpm.headerRow)), 1), _xlpm.searchStart, _xlpm.headerRow, _xlpm.searchEnd, IF(ISERROR(_xlpm.nextHeaderRow), 300, _xlpm.nextHeaderRow-1), _xlpm.factorPos, _xlfn.AGGREGATE(15, 6, ROW(_xlpm.regB)/((_xlpm.regB=_xlpm.factorName)*(ROW(_xlpm.regB)>=_xlpm.searchStart)*(ROW(_xlpm.regB)<=_xlpm.searchEnd)), 1), IF(ISERROR(_xlpm.factorPos), 0, INDEX(_xlpm.regE, _xlpm.factorPos)) )} | I7: {=_xlfn.LET( _xlpm.kpiName, I$2, _xlpm.factorName, $D7, _xlpm.headerText, "Dependent Variable: "&_xlpm.kpiName, _xlpm.regA, '2A Regression'!$A$1:$A$10000, _xlpm.regB, '2A Regression'!$B$1:$B$10000, _xlpm.regE, '2A Regression'!$E$1:$E$10000, _xlpm.headerRow, MATCH(_xlpm.headerText, _xlpm.regA, 0), _xlpm.nextHeaderRow, _xlfn.AGGREGATE(15, 6, ROW(_xlpm.regA)/((LEFT(_xlpm.regA,19)="Dependent Variable:")*(ROW(_xlpm.regA)>_xlpm.headerRow)), 1), _xlpm.searchStart, _xlpm.headerRow, _xlpm.searchEnd, IF(ISERROR(_xlpm.nextHeaderRow), 300, _xlpm.nextHeaderRow-1), _xlpm.factorPos, _xlfn.AGGREGATE(15, 6, ROW(_xlpm.regB)/((_xlpm.regB=_xlpm.factorName)*(ROW(_xlpm.regB)>=_xlpm.searchStart)*(ROW(_xlpm.regB)<=_xlpm.searchEnd)), 1), IF(ISERROR(_xlpm.factorPos), 0, INDEX(_xlpm.regE, _xlpm.factorPos)) )} | J7: {=_xlfn.LET( _xlpm.kpiName, J$2, _xlpm.factorName, $D7, _xlpm.headerText, "Dependent Variable: "&_xlpm.kpiName, _xlpm.regA, '2A Regression'!$A$1:$A$10000, _xlpm.regB, '2A Regression'!$B$1:$B$10000, _xlpm.regE, '2A Regression'!$E$1:$E$10000, _xlpm.headerRow, MATCH(_xlpm.headerText, _xlpm.regA, 0), _xlpm.nextHeaderRow, _xlfn.AGGREGATE(15, 6, ROW(_xlpm.regA)/((LEFT(_xlpm.regA,19)="Dependent Variable:")*(ROW(_xlpm.regA)>_xlpm.headerRow)), 1), _xlpm.searchStart, _xlpm.headerRow, _xlpm.searchEnd, IF(ISERROR(_xlpm.nextHeaderRow), 300, _xlpm.nextHeaderRow-1), _xlpm.factorPos, _xlfn.AGGREGATE(15, 6, ROW(_xlpm.regB)/((_xlpm.regB=_xlpm.factorName)*(ROW(_xlpm.regB)>=_xlpm.searchStart)*(ROW(_xlpm.regB)<=_xlpm.searchEnd)), 1), IF(ISERROR(_xlpm.factorPos), 0, INDEX(_xlpm.regE, _xlpm.factorPos)) )} | K7: {=_xlfn.LET( _xlpm.kpiName, K$2, _xlpm.factorName, $D7, _xlpm.headerText, "Dependent Variable: "&_xlpm.kpiName, _xlpm.regA, '2A Regression'!$A$1:$A$10000, _xlpm.regB, '2A Regression'!$B$1:$B$10000, _xlpm.regE, '2A Regression'!$E$1:$E$10000, _xlpm.headerRow, MATCH(_xlpm.headerText, _xlpm.regA, 0), _xlpm.nextHeaderRow, _xlfn.AGGREGATE(15, 6, ROW(_xlpm.regA)/((LEFT(_xlpm.regA,19)="Dependent Variable:")*(ROW(_xlpm.regA)>_xlpm.headerRow)), 1), _xlpm.searchStart, _xlpm.headerRow, _xlpm.searchEnd, IF(ISERROR(_xlpm.nextHeaderRow), 300, _xlpm.nextHeaderRow-1), _xlpm.factorPos, _xlfn.AGGREGATE(15, 6, ROW(_xlpm.regB)/((_xlpm.regB=_xlpm.factorName)*(ROW(_xlpm.regB)>=_xlpm.searchStart)*(ROW(_xlpm.regB)<=_xlpm.searchEnd)), 1), IF(ISERROR(_xlpm.factorPos), 0, INDEX(_xlpm.regE, _xlpm.factorPos)) )} | L7: {=_xlfn.LET( _xlpm.kpiName, L$2, _xlpm.factorName, $D7, _xlpm.headerText, "Dependent Variable: "&_xlpm.kpiName, _xlpm.regA, '2A Regression'!$A$1:$A$10000, _xlpm.regB, '2A Regression'!$B$1:$B$10000, _xlpm.regE, '2A Regression'!$E$1:$E$10000, _xlpm.headerRow, MATCH(_xlpm.headerText, _xlpm.regA, 0), _xlpm.nextHeaderRow, _xlfn.AGGREGATE(15, 6, ROW(_xlpm.regA)/((LEFT(_xlpm.regA,19)="Dependent Variable:")*(ROW(_xlpm.regA)>_xlpm.headerRow)), 1), _xlpm.searchStart, _xlpm.headerRow, _xlpm.searchEnd, IF(ISERROR(_xlpm.nextHeaderRow), 300, _xlpm.nextHeaderRow-1), _xlpm.factorPos, _xlfn.AGGREGATE(15, 6, ROW(_xlpm.regB)/((_xlpm.regB=_xlpm.factorName)*(ROW(_xlpm.regB)>=_xlpm.searchStart)*(ROW(_xlpm.regB)<=_xlpm.searchEnd)), 1), IF(ISERROR(_xlpm.factorPos), 0, INDEX(_xlpm.regE, _xlpm.factorPos)) )} | ... BB7: {=_xlfn.LET( _xlpm.kpiName, BB$2, _xlpm.factorName, $D7, _xlpm.headerText, "Dependent Variable: "&_xlpm.kpiName, _xlpm.regA, '2A Regression'!$A$1:$A$10000, _xlpm.regB, '2A Regression'!$B$1:$B$10000, _xlpm.regE, '2A Regression'!$E$1:$E$10000, _xlpm.headerRow, MATCH(_xlpm.headerText, _xlpm.regA, 0), _xlpm.nextHeaderRow, _xlfn.AGGREGATE(15, 6, ROW(_xlpm.regA)/((LEFT(_xlpm.regA,19)="Dependent Variable:")*(ROW(_xlpm.regA)>_xlpm.headerRow)), 1), _xlpm.searchStart, _xlpm.headerRow, _xlpm.searchEnd, IF(ISERROR(_xlpm.nextHeaderRow), 300, _xlpm.nextHeaderRow-1), _xlpm.factorPos, _xlfn.AGGREGATE(15, 6, ROW(_xlpm.regB)/((_xlpm.regB=_xlpm.factorName)*(ROW(_xlpm.regB)>=_xlpm.searchStart)*(ROW(_xlpm.regB)<=_xlpm.searchEnd)), 1), IF(ISERROR(_xlpm.factorPos), 0, INDEX(_xlpm.regE, _xlpm.factorPos)) )}
A8: 如果是，请输入Brand dispo对应的在sav数据中的变量信息 | B8: bumo | D8: Factor6 | E8: {=_xlfn.LET( _xlpm.kpiName, E$2, _xlpm.factorName, $D8, _xlpm.headerText, "Dependent Variable: "&_xlpm.kpiName, _xlpm.regA, '2A Regression'!$A$1:$A$10000, _xlpm.regB, '2A Regression'!$B$1:$B$10000, _xlpm.regE, '2A Regression'!$E$1:$E$10000, _xlpm.headerRow, MATCH(_xlpm.headerText, _xlpm.regA, 0), _xlpm.nextHeaderRow, _xlfn.AGGREGATE(15, 6, ROW(_xlpm.regA)/((LEFT(_xlpm.regA,19)="Dependent Variable:")*(ROW(_xlpm.regA)>_xlpm.headerRow)), 1), _xlpm.searchStart, _xlpm.headerRow, _xlpm.searchEnd, IF(ISERROR(_xlpm.nextHeaderRow), 300, _xlpm.nextHeaderRow-1), _xlpm.factorPos, _xlfn.AGGREGATE(15, 6, ROW(_xlpm.regB)/((_xlpm.regB=_xlpm.factorName)*(ROW(_xlpm.regB)>=_xlpm.searchStart)*(ROW(_xlpm.regB)<=_xlpm.searchEnd)), 1), IF(ISERROR(_xlpm.factorPos), 0, INDEX(_xlpm.regE, _xlpm.factorPos)) )} | F8: {=_xlfn.LET( _xlpm.kpiName, F$2, _xlpm.factorName, $D8, _xlpm.headerText, "Dependent Variable: "&_xlpm.kpiName, _xlpm.regA, '2A Regression'!$A$1:$A$10000, _xlpm.regB, '2A Regression'!$B$1:$B$10000, _xlpm.regE, '2A Regression'!$E$1:$E$10000, _xlpm.headerRow, MATCH(_xlpm.headerText, _xlpm.regA, 0), _xlpm.nextHeaderRow, _xlfn.AGGREGATE(15, 6, ROW(_xlpm.regA)/((LEFT(_xlpm.regA,19)="Dependent Variable:")*(ROW(_xlpm.regA)>_xlpm.headerRow)), 1), _xlpm.searchStart, _xlpm.headerRow, _xlpm.searchEnd, IF(ISERROR(_xlpm.nextHeaderRow), 300, _xlpm.nextHeaderRow-1), _xlpm.factorPos, _xlfn.AGGREGATE(15, 6, ROW(_xlpm.regB)/((_xlpm.regB=_xlpm.factorName)*(ROW(_xlpm.regB)>=_xlpm.searchStart)*(ROW(_xlpm.regB)<=_xlpm.searchEnd)), 1), IF(ISERROR(_xlpm.factorPos), 0, INDEX(_xlpm.regE, _xlpm.factorPos)) )} | G8: {=_xlfn.LET( _xlpm.kpiName, G$2, _xlpm.factorName, $D8, _xlpm.headerText, "Dependent Variable: "&_xlpm.kpiName, _xlpm.regA, '2A Regression'!$A$1:$A$10000, _xlpm.regB, '2A Regression'!$B$1:$B$10000, _xlpm.regE, '2A Regression'!$E$1:$E$10000, _xlpm.headerRow, MATCH(_xlpm.headerText, _xlpm.regA, 0), _xlpm.nextHeaderRow, _xlfn.AGGREGATE(15, 6, ROW(_xlpm.regA)/((LEFT(_xlpm.regA,19)="Dependent Variable:")*(ROW(_xlpm.regA)>_xlpm.headerRow)), 1), _xlpm.searchStart, _xlpm.headerRow, _xlpm.searchEnd, IF(ISERROR(_xlpm.nextHeaderRow), 300, _xlpm.nextHeaderRow-1), _xlpm.factorPos, _xlfn.AGGREGATE(15, 6, ROW(_xlpm.regB)/((_xlpm.regB=_xlpm.factorName)*(ROW(_xlpm.regB)>=_xlpm.searchStart)*(ROW(_xlpm.regB)<=_xlpm.searchEnd)), 1), IF(ISERROR(_xlpm.factorPos), 0, INDEX(_xlpm.regE, _xlpm.factorPos)) )} | H8: {=_xlfn.LET( _xlpm.kpiName, H$2, _xlpm.factorName, $D8, _xlpm.headerText, "Dependent Variable: "&_xlpm.kpiName, _xlpm.regA, '2A Regression'!$A$1:$A$10000, _xlpm.regB, '2A Regression'!$B$1:$B$10000, _xlpm.regE, '2A Regression'!$E$1:$E$10000, _xlpm.headerRow, MATCH(_xlpm.headerText, _xlpm.regA, 0), _xlpm.nextHeaderRow, _xlfn.AGGREGATE(15, 6, ROW(_xlpm.regA)/((LEFT(_xlpm.regA,19)="Dependent Variable:")*(ROW(_xlpm.regA)>_xlpm.headerRow)), 1), _xlpm.searchStart, _xlpm.headerRow, _xlpm.searchEnd, IF(ISERROR(_xlpm.nextHeaderRow), 300, _xlpm.nextHeaderRow-1), _xlpm.factorPos, _xlfn.AGGREGATE(15, 6, ROW(_xlpm.regB)/((_xlpm.regB=_xlpm.factorName)*(ROW(_xlpm.regB)>=_xlpm.searchStart)*(ROW(_xlpm.regB)<=_xlpm.searchEnd)), 1), IF(ISERROR(_xlpm.factorPos), 0, INDEX(_xlpm.regE, _xlpm.factorPos)) )} | I8: {=_xlfn.LET( _xlpm.kpiName, I$2, _xlpm.factorName, $D8, _xlpm.headerText, "Dependent Variable: "&_xlpm.kpiName, _xlpm.regA, '2A Regression'!$A$1:$A$10000, _xlpm.regB, '2A Regression'!$B$1:$B$10000, _xlpm.regE, '2A Regression'!$E$1:$E$10000, _xlpm.headerRow, MATCH(_xlpm.headerText, _xlpm.regA, 0), _xlpm.nextHeaderRow, _xlfn.AGGREGATE(15, 6, ROW(_xlpm.regA)/((LEFT(_xlpm.regA,19)="Dependent Variable:")*(ROW(_xlpm.regA)>_xlpm.headerRow)), 1), _xlpm.searchStart, _xlpm.headerRow, _xlpm.searchEnd, IF(ISERROR(_xlpm.nextHeaderRow), 300, _xlpm.nextHeaderRow-1), _xlpm.factorPos, _xlfn.AGGREGATE(15, 6, ROW(_xlpm.regB)/((_xlpm.regB=_xlpm.factorName)*(ROW(_xlpm.regB)>=_xlpm.searchStart)*(ROW(_xlpm.regB)<=_xlpm.searchEnd)), 1), IF(ISERROR(_xlpm.factorPos), 0, INDEX(_xlpm.regE, _xlpm.factorPos)) )} | J8: {=_xlfn.LET( _xlpm.kpiName, J$2, _xlpm.factorName, $D8, _xlpm.headerText, "Dependent Variable: "&_xlpm.kpiName, _xlpm.regA, '2A Regression'!$A$1:$A$10000, _xlpm.regB, '2A Regression'!$B$1:$B$10000, _xlpm.regE, '2A Regression'!$E$1:$E$10000, _xlpm.headerRow, MATCH(_xlpm.headerText, _xlpm.regA, 0), _xlpm.nextHeaderRow, _xlfn.AGGREGATE(15, 6, ROW(_xlpm.regA)/((LEFT(_xlpm.regA,19)="Dependent Variable:")*(ROW(_xlpm.regA)>_xlpm.headerRow)), 1), _xlpm.searchStart, _xlpm.headerRow, _xlpm.searchEnd, IF(ISERROR(_xlpm.nextHeaderRow), 300, _xlpm.nextHeaderRow-1), _xlpm.factorPos, _xlfn.AGGREGATE(15, 6, ROW(_xlpm.regB)/((_xlpm.regB=_xlpm.factorName)*(ROW(_xlpm.regB)>=_xlpm.searchStart)*(ROW(_xlpm.regB)<=_xlpm.searchEnd)), 1), IF(ISERROR(_xlpm.factorPos), 0, INDEX(_xlpm.regE, _xlpm.factorPos)) )} | K8: {=_xlfn.LET( _xlpm.kpiName, K$2, _xlpm.factorName, $D8, _xlpm.headerText, "Dependent Variable: "&_xlpm.kpiName, _xlpm.regA, '2A Regression'!$A$1:$A$10000, _xlpm.regB, '2A Regression'!$B$1:$B$10000, _xlpm.regE, '2A Regression'!$E$1:$E$10000, _xlpm.headerRow, MATCH(_xlpm.headerText, _xlpm.regA, 0), _xlpm.nextHeaderRow, _xlfn.AGGREGATE(15, 6, ROW(_xlpm.regA)/((LEFT(_xlpm.regA,19)="Dependent Variable:")*(ROW(_xlpm.regA)>_xlpm.headerRow)), 1), _xlpm.searchStart, _xlpm.headerRow, _xlpm.searchEnd, IF(ISERROR(_xlpm.nextHeaderRow), 300, _xlpm.nextHeaderRow-1), _xlpm.factorPos, _xlfn.AGGREGATE(15, 6, ROW(_xlpm.regB)/((_xlpm.regB=_xlpm.factorName)*(ROW(_xlpm.regB)>=_xlpm.searchStart)*(ROW(_xlpm.regB)<=_xlpm.searchEnd)), 1), IF(ISERROR(_xlpm.factorPos), 0, INDEX(_xlpm.regE, _xlpm.factorPos)) )} | L8: {=_xlfn.LET( _xlpm.kpiName, L$2, _xlpm.factorName, $D8, _xlpm.headerText, "Dependent Variable: "&_xlpm.kpiName, _xlpm.regA, '2A Regression'!$A$1:$A$10000, _xlpm.regB, '2A Regression'!$B$1:$B$10000, _xlpm.regE, '2A Regression'!$E$1:$E$10000, _xlpm.headerRow, MATCH(_xlpm.headerText, _xlpm.regA, 0), _xlpm.nextHeaderRow, _xlfn.AGGREGATE(15, 6, ROW(_xlpm.regA)/((LEFT(_xlpm.regA,19)="Dependent Variable:")*(ROW(_xlpm.regA)>_xlpm.headerRow)), 1), _xlpm.searchStart, _xlpm.headerRow, _xlpm.searchEnd, IF(ISERROR(_xlpm.nextHeaderRow), 300, _xlpm.nextHeaderRow-1), _xlpm.factorPos, _xlfn.AGGREGATE(15, 6, ROW(_xlpm.regB)/((_xlpm.regB=_xlpm.factorName)*(ROW(_xlpm.regB)>=_xlpm.searchStart)*(ROW(_xlpm.regB)<=_xlpm.searchEnd)), 1), IF(ISERROR(_xlpm.factorPos), 0, INDEX(_xlpm.regE, _xlpm.factorPos)) )} | ... BB8: {=_xlfn.LET( _xlpm.kpiName, BB$2, _xlpm.factorName, $D8, _xlpm.headerText, "Dependent Variable: "&_xlpm.kpiName, _xlpm.regA, '2A Regression'!$A$1:$A$10000, _xlpm.regB, '2A Regression'!$B$1:$B$10000, _xlpm.regE, '2A Regression'!$E$1:$E$10000, _xlpm.headerRow, MATCH(_xlpm.headerText, _xlpm.regA, 0), _xlpm.nextHeaderRow, _xlfn.AGGREGATE(15, 6, ROW(_xlpm.regA)/((LEFT(_xlpm.regA,19)="Dependent Variable:")*(ROW(_xlpm.regA)>_xlpm.headerRow)), 1), _xlpm.searchStart, _xlpm.headerRow, _xlpm.searchEnd, IF(ISERROR(_xlpm.nextHeaderRow), 300, _xlpm.nextHeaderRow-1), _xlpm.factorPos, _xlfn.AGGREGATE(15, 6, ROW(_xlpm.regB)/((_xlpm.regB=_xlpm.factorName)*(ROW(_xlpm.regB)>=_xlpm.searchStart)*(ROW(_xlpm.regB)<=_xlpm.searchEnd)), 1), IF(ISERROR(_xlpm.factorPos), 0, INDEX(_xlpm.regE, _xlpm.factorPos)) )}
D9: Factor7 | E9: {=_xlfn.LET( _xlpm.kpiName, E$2, _xlpm.factorName, $D9, _xlpm.headerText, "Dependent Variable: "&_xlpm.kpiName, _xlpm.regA, '2A Regression'!$A$1:$A$10000, _xlpm.regB, '2A Regression'!$B$1:$B$10000, _xlpm.regE, '2A Regression'!$E$1:$E$10000, _xlpm.headerRow, MATCH(_xlpm.headerText, _xlpm.regA, 0), _xlpm.nextHeaderRow, _xlfn.AGGREGATE(15, 6, ROW(_xlpm.regA)/((LEFT(_xlpm.regA,19)="Dependent Variable:")*(ROW(_xlpm.regA)>_xlpm.headerRow)), 1), _xlpm.searchStart, _xlpm.headerRow, _xlpm.searchEnd, IF(ISERROR(_xlpm.nextHeaderRow), 300, _xlpm.nextHeaderRow-1), _xlpm.factorPos, _xlfn.AGGREGATE(15, 6, ROW(_xlpm.regB)/((_xlpm.regB=_xlpm.factorName)*(ROW(_xlpm.regB)>=_xlpm.searchStart)*(ROW(_xlpm.regB)<=_xlpm.searchEnd)), 1), IF(ISERROR(_xlpm.factorPos), 0, INDEX(_xlpm.regE, _xlpm.factorPos)) )} | F9: {=_xlfn.LET( _xlpm.kpiName, F$2, _xlpm.factorName, $D9, _xlpm.headerText, "Dependent Variable: "&_xlpm.kpiName, _xlpm.regA, '2A Regression'!$A$1:$A$10000, _xlpm.regB, '2A Regression'!$B$1:$B$10000, _xlpm.regE, '2A Regression'!$E$1:$E$10000, _xlpm.headerRow, MATCH(_xlpm.headerText, _xlpm.regA, 0), _xlpm.nextHeaderRow, _xlfn.AGGREGATE(15, 6, ROW(_xlpm.regA)/((LEFT(_xlpm.regA,19)="Dependent Variable:")*(ROW(_xlpm.regA)>_xlpm.headerRow)), 1), _xlpm.searchStart, _xlpm.headerRow, _xlpm.searchEnd, IF(ISERROR(_xlpm.nextHeaderRow), 300, _xlpm.nextHeaderRow-1), _xlpm.factorPos, _xlfn.AGGREGATE(15, 6, ROW(_xlpm.regB)/((_xlpm.regB=_xlpm.factorName)*(ROW(_xlpm.regB)>=_xlpm.searchStart)*(ROW(_xlpm.regB)<=_xlpm.searchEnd)), 1), IF(ISERROR(_xlpm.factorPos), 0, INDEX(_xlpm.regE, _xlpm.factorPos)) )} | G9: {=_xlfn.LET( _xlpm.kpiName, G$2, _xlpm.factorName, $D9, _xlpm.headerText, "Dependent Variable: "&_xlpm.kpiName, _xlpm.regA, '2A Regression'!$A$1:$A$10000, _xlpm.regB, '2A Regression'!$B$1:$B$10000, _xlpm.regE, '2A Regression'!$E$1:$E$10000, _xlpm.headerRow, MATCH(_xlpm.headerText, _xlpm.regA, 0), _xlpm.nextHeaderRow, _xlfn.AGGREGATE(15, 6, ROW(_xlpm.regA)/((LEFT(_xlpm.regA,19)="Dependent Variable:")*(ROW(_xlpm.regA)>_xlpm.headerRow)), 1), _xlpm.searchStart, _xlpm.headerRow, _xlpm.searchEnd, IF(ISERROR(_xlpm.nextHeaderRow), 300, _xlpm.nextHeaderRow-1), _xlpm.factorPos, _xlfn.AGGREGATE(15, 6, ROW(_xlpm.regB)/((_xlpm.regB=_xlpm.factorName)*(ROW(_xlpm.regB)>=_xlpm.searchStart)*(ROW(_xlpm.regB)<=_xlpm.searchEnd)), 1), IF(ISERROR(_xlpm.factorPos), 0, INDEX(_xlpm.regE, _xlpm.factorPos)) )} | H9: {=_xlfn.LET( _xlpm.kpiName, H$2, _xlpm.factorName, $D9, _xlpm.headerText, "Dependent Variable: "&_xlpm.kpiName, _xlpm.regA, '2A Regression'!$A$1:$A$10000, _xlpm.regB, '2A Regression'!$B$1:$B$10000, _xlpm.regE, '2A Regression'!$E$1:$E$10000, _xlpm.headerRow, MATCH(_xlpm.headerText, _xlpm.regA, 0), _xlpm.nextHeaderRow, _xlfn.AGGREGATE(15, 6, ROW(_xlpm.regA)/((LEFT(_xlpm.regA,19)="Dependent Variable:")*(ROW(_xlpm.regA)>_xlpm.headerRow)), 1), _xlpm.searchStart, _xlpm.headerRow, _xlpm.searchEnd, IF(ISERROR(_xlpm.nextHeaderRow), 300, _xlpm.nextHeaderRow-1), _xlpm.factorPos, _xlfn.AGGREGATE(15, 6, ROW(_xlpm.regB)/((_xlpm.regB=_xlpm.factorName)*(ROW(_xlpm.regB)>=_xlpm.searchStart)*(ROW(_xlpm.regB)<=_xlpm.searchEnd)), 1), IF(ISERROR(_xlpm.factorPos), 0, INDEX(_xlpm.regE, _xlpm.factorPos)) )} | I9: {=_xlfn.LET( _xlpm.kpiName, I$2, _xlpm.factorName, $D9, _xlpm.headerText, "Dependent Variable: "&_xlpm.kpiName, _xlpm.regA, '2A Regression'!$A$1:$A$10000, _xlpm.regB, '2A Regression'!$B$1:$B$10000, _xlpm.regE, '2A Regression'!$E$1:$E$10000, _xlpm.headerRow, MATCH(_xlpm.headerText, _xlpm.regA, 0), _xlpm.nextHeaderRow, _xlfn.AGGREGATE(15, 6, ROW(_xlpm.regA)/((LEFT(_xlpm.regA,19)="Dependent Variable:")*(ROW(_xlpm.regA)>_xlpm.headerRow)), 1), _xlpm.searchStart, _xlpm.headerRow, _xlpm.searchEnd, IF(ISERROR(_xlpm.nextHeaderRow), 300, _xlpm.nextHeaderRow-1), _xlpm.factorPos, _xlfn.AGGREGATE(15, 6, ROW(_xlpm.regB)/((_xlpm.regB=_xlpm.factorName)*(ROW(_xlpm.regB)>=_xlpm.searchStart)*(ROW(_xlpm.regB)<=_xlpm.searchEnd)), 1), IF(ISERROR(_xlpm.factorPos), 0, INDEX(_xlpm.regE, _xlpm.factorPos)) )} | J9: {=_xlfn.LET( _xlpm.kpiName, J$2, _xlpm.factorName, $D9, _xlpm.headerText, "Dependent Variable: "&_xlpm.kpiName, _xlpm.regA, '2A Regression'!$A$1:$A$10000, _xlpm.regB, '2A Regression'!$B$1:$B$10000, _xlpm.regE, '2A Regression'!$E$1:$E$10000, _xlpm.headerRow, MATCH(_xlpm.headerText, _xlpm.regA, 0), _xlpm.nextHeaderRow, _xlfn.AGGREGATE(15, 6, ROW(_xlpm.regA)/((LEFT(_xlpm.regA,19)="Dependent Variable:")*(ROW(_xlpm.regA)>_xlpm.headerRow)), 1), _xlpm.searchStart, _xlpm.headerRow, _xlpm.searchEnd, IF(ISERROR(_xlpm.nextHeaderRow), 300, _xlpm.nextHeaderRow-1), _xlpm.factorPos, _xlfn.AGGREGATE(15, 6, ROW(_xlpm.regB)/((_xlpm.regB=_xlpm.factorName)*(ROW(_xlpm.regB)>=_xlpm.searchStart)*(ROW(_xlpm.regB)<=_xlpm.searchEnd)), 1), IF(ISERROR(_xlpm.factorPos), 0, INDEX(_xlpm.regE, _xlpm.factorPos)) )} | K9: {=_xlfn.LET( _xlpm.kpiName, K$2, _xlpm.factorName, $D9, _xlpm.headerText, "Dependent Variable: "&_xlpm.kpiName, _xlpm.regA, '2A Regression'!$A$1:$A$10000, _xlpm.regB, '2A Regression'!$B$1:$B$10000, _xlpm.regE, '2A Regression'!$E$1:$E$10000, _xlpm.headerRow, MATCH(_xlpm.headerText, _xlpm.regA, 0), _xlpm.nextHeaderRow, _xlfn.AGGREGATE(15, 6, ROW(_xlpm.regA)/((LEFT(_xlpm.regA,19)="Dependent Variable:")*(ROW(_xlpm.regA)>_xlpm.headerRow)), 1), _xlpm.searchStart, _xlpm.headerRow, _xlpm.searchEnd, IF(ISERROR(_xlpm.nextHeaderRow), 300, _xlpm.nextHeaderRow-1), _xlpm.factorPos, _xlfn.AGGREGATE(15, 6, ROW(_xlpm.regB)/((_xlpm.regB=_xlpm.factorName)*(ROW(_xlpm.regB)>=_xlpm.searchStart)*(ROW(_xlpm.regB)<=_xlpm.searchEnd)), 1), IF(ISERROR(_xlpm.factorPos), 0, INDEX(_xlpm.regE, _xlpm.factorPos)) )} | L9: {=_xlfn.LET( _xlpm.kpiName, L$2, _xlpm.factorName, $D9, _xlpm.headerText, "Dependent Variable: "&_xlpm.kpiName, _xlpm.regA, '2A Regression'!$A$1:$A$10000, _xlpm.regB, '2A Regression'!$B$1:$B$10000, _xlpm.regE, '2A Regression'!$E$1:$E$10000, _xlpm.headerRow, MATCH(_xlpm.headerText, _xlpm.regA, 0), _xlpm.nextHeaderRow, _xlfn.AGGREGATE(15, 6, ROW(_xlpm.regA)/((LEFT(_xlpm.regA,19)="Dependent Variable:")*(ROW(_xlpm.regA)>_xlpm.headerRow)), 1), _xlpm.searchStart, _xlpm.headerRow, _xlpm.searchEnd, IF(ISERROR(_xlpm.nextHeaderRow), 300, _xlpm.nextHeaderRow-1), _xlpm.factorPos, _xlfn.AGGREGATE(15, 6, ROW(_xlpm.regB)/((_xlpm.regB=_xlpm.factorName)*(ROW(_xlpm.regB)>=_xlpm.searchStart)*(ROW(_xlpm.regB)<=_xlpm.searchEnd)), 1), IF(ISERROR(_xlpm.factorPos), 0, INDEX(_xlpm.regE, _xlpm.factorPos)) )} | ... BB9: {=_xlfn.LET( _xlpm.kpiName, BB$2, _xlpm.factorName, $D9, _xlpm.headerText, "Dependent Variable: "&_xlpm.kpiName, _xlpm.regA, '2A Regression'!$A$1:$A$10000, _xlpm.regB, '2A Regression'!$B$1:$B$10000, _xlpm.regE, '2A Regression'!$E$1:$E$10000, _xlpm.headerRow, MATCH(_xlpm.headerText, _xlpm.regA, 0), _xlpm.nextHeaderRow, _xlfn.AGGREGATE(15, 6, ROW(_xlpm.regA)/((LEFT(_xlpm.regA,19)="Dependent Variable:")*(ROW(_xlpm.regA)>_xlpm.headerRow)), 1), _xlpm.searchStart, _xlpm.headerRow, _xlpm.searchEnd, IF(ISERROR(_xlpm.nextHeaderRow), 300, _xlpm.nextHeaderRow-1), _xlpm.factorPos, _xlfn.AGGREGATE(15, 6, ROW(_xlpm.regB)/((_xlpm.regB=_xlpm.factorName)*(ROW(_xlpm.regB)>=_xlpm.searchStart)*(ROW(_xlpm.regB)<=_xlpm.searchEnd)), 1), IF(ISERROR(_xlpm.factorPos), 0, INDEX(_xlpm.regE, _xlpm.factorPos)) )}
D10: Factor8 | E10: {=_xlfn.LET( _xlpm.kpiName, E$2, _xlpm.factorName, $D10, _xlpm.headerText, "Dependent Variable: "&_xlpm.kpiName, _xlpm.regA, '2A Regression'!$A$1:$A$10000, _xlpm.regB, '2A Regression'!$B$1:$B$10000, _xlpm.regE, '2A Regression'!$E$1:$E$10000, _xlpm.headerRow, MATCH(_xlpm.headerText, _xlpm.regA, 0), _xlpm.nextHeaderRow, _xlfn.AGGREGATE(15, 6, ROW(_xlpm.regA)/((LEFT(_xlpm.regA,19)="Dependent Variable:")*(ROW(_xlpm.regA)>_xlpm.headerRow)), 1), _xlpm.searchStart, _xlpm.headerRow, _xlpm.searchEnd, IF(ISERROR(_xlpm.nextHeaderRow), 300, _xlpm.nextHeaderRow-1), _xlpm.factorPos, _xlfn.AGGREGATE(15, 6, ROW(_xlpm.regB)/((_xlpm.regB=_xlpm.factorName)*(ROW(_xlpm.regB)>=_xlpm.searchStart)*(ROW(_xlpm.regB)<=_xlpm.searchEnd)), 1), IF(ISERROR(_xlpm.factorPos), 0, INDEX(_xlpm.regE, _xlpm.factorPos)) )} | F10: {=_xlfn.LET( _xlpm.kpiName, F$2, _xlpm.factorName, $D10, _xlpm.headerText, "Dependent Variable: "&_xlpm.kpiName, _xlpm.regA, '2A Regression'!$A$1:$A$10000, _xlpm.regB, '2A Regression'!$B$1:$B$10000, _xlpm.regE, '2A Regression'!$E$1:$E$10000, _xlpm.headerRow, MATCH(_xlpm.headerText, _xlpm.regA, 0), _xlpm.nextHeaderRow, _xlfn.AGGREGATE(15, 6, ROW(_xlpm.regA)/((LEFT(_xlpm.regA,19)="Dependent Variable:")*(ROW(_xlpm.regA)>_xlpm.headerRow)), 1), _xlpm.searchStart, _xlpm.headerRow, _xlpm.searchEnd, IF(ISERROR(_xlpm.nextHeaderRow), 300, _xlpm.nextHeaderRow-1), _xlpm.factorPos, _xlfn.AGGREGATE(15, 6, ROW(_xlpm.regB)/((_xlpm.regB=_xlpm.factorName)*(ROW(_xlpm.regB)>=_xlpm.searchStart)*(ROW(_xlpm.regB)<=_xlpm.searchEnd)), 1), IF(ISERROR(_xlpm.factorPos), 0, INDEX(_xlpm.regE, _xlpm.factorPos)) )} | G10: {=_xlfn.LET( _xlpm.kpiName, G$2, _xlpm.factorName, $D10, _xlpm.headerText, "Dependent Variable: "&_xlpm.kpiName, _xlpm.regA, '2A Regression'!$A$1:$A$10000, _xlpm.regB, '2A Regression'!$B$1:$B$10000, _xlpm.regE, '2A Regression'!$E$1:$E$10000, _xlpm.headerRow, MATCH(_xlpm.headerText, _xlpm.regA, 0), _xlpm.nextHeaderRow, _xlfn.AGGREGATE(15, 6, ROW(_xlpm.regA)/((LEFT(_xlpm.regA,19)="Dependent Variable:")*(ROW(_xlpm.regA)>_xlpm.headerRow)), 1), _xlpm.searchStart, _xlpm.headerRow, _xlpm.searchEnd, IF(ISERROR(_xlpm.nextHeaderRow), 300, _xlpm.nextHeaderRow-1), _xlpm.factorPos, _xlfn.AGGREGATE(15, 6, ROW(_xlpm.regB)/((_xlpm.regB=_xlpm.factorName)*(ROW(_xlpm.regB)>=_xlpm.searchStart)*(ROW(_xlpm.regB)<=_xlpm.searchEnd)), 1), IF(ISERROR(_xlpm.factorPos), 0, INDEX(_xlpm.regE, _xlpm.factorPos)) )} | H10: {=_xlfn.LET( _xlpm.kpiName, H$2, _xlpm.factorName, $D10, _xlpm.headerText, "Dependent Variable: "&_xlpm.kpiName, _xlpm.regA, '2A Regression'!$A$1:$A$10000, _xlpm.regB, '2A Regression'!$B$1:$B$10000, _xlpm.regE, '2A Regression'!$E$1:$E$10000, _xlpm.headerRow, MATCH(_xlpm.headerText, _xlpm.regA, 0), _xlpm.nextHeaderRow, _xlfn.AGGREGATE(15, 6, ROW(_xlpm.regA)/((LEFT(_xlpm.regA,19)="Dependent Variable:")*(ROW(_xlpm.regA)>_xlpm.headerRow)), 1), _xlpm.searchStart, _xlpm.headerRow, _xlpm.searchEnd, IF(ISERROR(_xlpm.nextHeaderRow), 300, _xlpm.nextHeaderRow-1), _xlpm.factorPos, _xlfn.AGGREGATE(15, 6, ROW(_xlpm.regB)/((_xlpm.regB=_xlpm.factorName)*(ROW(_xlpm.regB)>=_xlpm.searchStart)*(ROW(_xlpm.regB)<=_xlpm.searchEnd)), 1), IF(ISERROR(_xlpm.factorPos), 0, INDEX(_xlpm.regE, _xlpm.factorPos)) )} | I10: {=_xlfn.LET( _xlpm.kpiName, I$2, _xlpm.factorName, $D10, _xlpm.headerText, "Dependent Variable: "&_xlpm.kpiName, _xlpm.regA, '2A Regression'!$A$1:$A$10000, _xlpm.regB, '2A Regression'!$B$1:$B$10000, _xlpm.regE, '2A Regression'!$E$1:$E$10000, _xlpm.headerRow, MATCH(_xlpm.headerText, _xlpm.regA, 0), _xlpm.nextHeaderRow, _xlfn.AGGREGATE(15, 6, ROW(_xlpm.regA)/((LEFT(_xlpm.regA,19)="Dependent Variable:")*(ROW(_xlpm.regA)>_xlpm.headerRow)), 1), _xlpm.searchStart, _xlpm.headerRow, _xlpm.searchEnd, IF(ISERROR(_xlpm.nextHeaderRow), 300, _xlpm.nextHeaderRow-1), _xlpm.factorPos, _xlfn.AGGREGATE(15, 6, ROW(_xlpm.regB)/((_xlpm.regB=_xlpm.factorName)*(ROW(_xlpm.regB)>=_xlpm.searchStart)*(ROW(_xlpm.regB)<=_xlpm.searchEnd)), 1), IF(ISERROR(_xlpm.factorPos), 0, INDEX(_xlpm.regE, _xlpm.factorPos)) )} | J10: {=_xlfn.LET( _xlpm.kpiName, J$2, _xlpm.factorName, $D10, _xlpm.headerText, "Dependent Variable: "&_xlpm.kpiName, _xlpm.regA, '2A Regression'!$A$1:$A$10000, _xlpm.regB, '2A Regression'!$B$1:$B$10000, _xlpm.regE, '2A Regression'!$E$1:$E$10000, _xlpm.headerRow, MATCH(_xlpm.headerText, _xlpm.regA, 0), _xlpm.nextHeaderRow, _xlfn.AGGREGATE(15, 6, ROW(_xlpm.regA)/((LEFT(_xlpm.regA,19)="Dependent Variable:")*(ROW(_xlpm.regA)>_xlpm.headerRow)), 1), _xlpm.searchStart, _xlpm.headerRow, _xlpm.searchEnd, IF(ISERROR(_xlpm.nextHeaderRow), 300, _xlpm.nextHeaderRow-1), _xlpm.factorPos, _xlfn.AGGREGATE(15, 6, ROW(_xlpm.regB)/((_xlpm.regB=_xlpm.factorName)*(ROW(_xlpm.regB)>=_xlpm.searchStart)*(ROW(_xlpm.regB)<=_xlpm.searchEnd)), 1), IF(ISERROR(_xlpm.factorPos), 0, INDEX(_xlpm.regE, _xlpm.factorPos)) )} | K10: {=_xlfn.LET( _xlpm.kpiName, K$2, _xlpm.factorName, $D10, _xlpm.headerText, "Dependent Variable: "&_xlpm.kpiName, _xlpm.regA, '2A Regression'!$A$1:$A$10000, _xlpm.regB, '2A Regression'!$B$1:$B$10000, _xlpm.regE, '2A Regression'!$E$1:$E$10000, _xlpm.headerRow, MATCH(_xlpm.headerText, _xlpm.regA, 0), _xlpm.nextHeaderRow, _xlfn.AGGREGATE(15, 6, ROW(_xlpm.regA)/((LEFT(_xlpm.regA,19)="Dependent Variable:")*(ROW(_xlpm.regA)>_xlpm.headerRow)), 1), _xlpm.searchStart, _xlpm.headerRow, _xlpm.searchEnd, IF(ISERROR(_xlpm.nextHeaderRow), 300, _xlpm.nextHeaderRow-1), _xlpm.factorPos, _xlfn.AGGREGATE(15, 6, ROW(_xlpm.regB)/((_xlpm.regB=_xlpm.factorName)*(ROW(_xlpm.regB)>=_xlpm.searchStart)*(ROW(_xlpm.regB)<=_xlpm.searchEnd)), 1), IF(ISERROR(_xlpm.factorPos), 0, INDEX(_xlpm.regE, _xlpm.factorPos)) )} | L10: {=_xlfn.LET( _xlpm.kpiName, L$2, _xlpm.factorName, $D10, _xlpm.headerText, "Dependent Variable: "&_xlpm.kpiName, _xlpm.regA, '2A Regression'!$A$1:$A$10000, _xlpm.regB, '2A Regression'!$B$1:$B$10000, _xlpm.regE, '2A Regression'!$E$1:$E$10000, _xlpm.headerRow, MATCH(_xlpm.headerText, _xlpm.regA, 0), _xlpm.nextHeaderRow, _xlfn.AGGREGATE(15, 6, ROW(_xlpm.regA)/((LEFT(_xlpm.regA,19)="Dependent Variable:")*(ROW(_xlpm.regA)>_xlpm.headerRow)), 1), _xlpm.searchStart, _xlpm.headerRow, _xlpm.searchEnd, IF(ISERROR(_xlpm.nextHeaderRow), 300, _xlpm.nextHeaderRow-1), _xlpm.factorPos, _xlfn.AGGREGATE(15, 6, ROW(_xlpm.regB)/((_xlpm.regB=_xlpm.factorName)*(ROW(_xlpm.regB)>=_xlpm.searchStart)*(ROW(_xlpm.regB)<=_xlpm.searchEnd)), 1), IF(ISERROR(_xlpm.factorPos), 0, INDEX(_xlpm.regE, _xlpm.factorPos)) )} | ... BB10: {=_xlfn.LET( _xlpm.kpiName, BB$2, _xlpm.factorName, $D10, _xlpm.headerText, "Dependent Variable: "&_xlpm.kpiName, _xlpm.regA, '2A Regression'!$A$1:$A$10000, _xlpm.regB, '2A Regression'!$B$1:$B$10000, _xlpm.regE, '2A Regression'!$E$1:$E$10000, _xlpm.headerRow, MATCH(_xlpm.headerText, _xlpm.regA, 0), _xlpm.nextHeaderRow, _xlfn.AGGREGATE(15, 6, ROW(_xlpm.regA)/((LEFT(_xlpm.regA,19)="Dependent Variable:")*(ROW(_xlpm.regA)>_xlpm.headerRow)), 1), _xlpm.searchStart, _xlpm.headerRow, _xlpm.searchEnd, IF(ISERROR(_xlpm.nextHeaderRow), 300, _xlpm.nextHeaderRow-1), _xlpm.factorPos, _xlfn.AGGREGATE(15, 6, ROW(_xlpm.regB)/((_xlpm.regB=_xlpm.factorName)*(ROW(_xlpm.regB)>=_xlpm.searchStart)*(ROW(_xlpm.regB)<=_xlpm.searchEnd)), 1), IF(ISERROR(_xlpm.factorPos), 0, INDEX(_xlpm.regE, _xlpm.factorPos)) )}
D11: Factor9 | E11: {=_xlfn.LET( _xlpm.kpiName, E$2, _xlpm.factorName, $D11, _xlpm.headerText, "Dependent Variable: "&_xlpm.kpiName, _xlpm.regA, '2A Regression'!$A$1:$A$10000, _xlpm.regB, '2A Regression'!$B$1:$B$10000, _xlpm.regE, '2A Regression'!$E$1:$E$10000, _xlpm.headerRow, MATCH(_xlpm.headerText, _xlpm.regA, 0), _xlpm.nextHeaderRow, _xlfn.AGGREGATE(15, 6, ROW(_xlpm.regA)/((LEFT(_xlpm.regA,19)="Dependent Variable:")*(ROW(_xlpm.regA)>_xlpm.headerRow)), 1), _xlpm.searchStart, _xlpm.headerRow, _xlpm.searchEnd, IF(ISERROR(_xlpm.nextHeaderRow), 300, _xlpm.nextHeaderRow-1), _xlpm.factorPos, _xlfn.AGGREGATE(15, 6, ROW(_xlpm.regB)/((_xlpm.regB=_xlpm.factorName)*(ROW(_xlpm.regB)>=_xlpm.searchStart)*(ROW(_xlpm.regB)<=_xlpm.searchEnd)), 1), IF(ISERROR(_xlpm.factorPos), 0, INDEX(_xlpm.regE, _xlpm.factorPos)) )} | F11: {=_xlfn.LET( _xlpm.kpiName, F$2, _xlpm.factorName, $D11, _xlpm.headerText, "Dependent Variable: "&_xlpm.kpiName, _xlpm.regA, '2A Regression'!$A$1:$A$10000, _xlpm.regB, '2A Regression'!$B$1:$B$10000, _xlpm.regE, '2A Regression'!$E$1:$E$10000, _xlpm.headerRow, MATCH(_xlpm.headerText, _xlpm.regA, 0), _xlpm.nextHeaderRow, _xlfn.AGGREGATE(15, 6, ROW(_xlpm.regA)/((LEFT(_xlpm.regA,19)="Dependent Variable:")*(ROW(_xlpm.regA)>_xlpm.headerRow)), 1), _xlpm.searchStart, _xlpm.headerRow, _xlpm.searchEnd, IF(ISERROR(_xlpm.nextHeaderRow), 300, _xlpm.nextHeaderRow-1), _xlpm.factorPos, _xlfn.AGGREGATE(15, 6, ROW(_xlpm.regB)/((_xlpm.regB=_xlpm.factorName)*(ROW(_xlpm.regB)>=_xlpm.searchStart)*(ROW(_xlpm.regB)<=_xlpm.searchEnd)), 1), IF(ISERROR(_xlpm.factorPos), 0, INDEX(_xlpm.regE, _xlpm.factorPos)) )} | G11: {=_xlfn.LET( _xlpm.kpiName, G$2, _xlpm.factorName, $D11, _xlpm.headerText, "Dependent Variable: "&_xlpm.kpiName, _xlpm.regA, '2A Regression'!$A$1:$A$10000, _xlpm.regB, '2A Regression'!$B$1:$B$10000, _xlpm.regE, '2A Regression'!$E$1:$E$10000, _xlpm.headerRow, MATCH(_xlpm.headerText, _xlpm.regA, 0), _xlpm.nextHeaderRow, _xlfn.AGGREGATE(15, 6, ROW(_xlpm.regA)/((LEFT(_xlpm.regA,19)="Dependent Variable:")*(ROW(_xlpm.regA)>_xlpm.headerRow)), 1), _xlpm.searchStart, _xlpm.headerRow, _xlpm.searchEnd, IF(ISERROR(_xlpm.nextHeaderRow), 300, _xlpm.nextHeaderRow-1), _xlpm.factorPos, _xlfn.AGGREGATE(15, 6, ROW(_xlpm.regB)/((_xlpm.regB=_xlpm.factorName)*(ROW(_xlpm.regB)>=_xlpm.searchStart)*(ROW(_xlpm.regB)<=_xlpm.searchEnd)), 1), IF(ISERROR(_xlpm.factorPos), 0, INDEX(_xlpm.regE, _xlpm.factorPos)) )} | H11: {=_xlfn.LET( _xlpm.kpiName, H$2, _xlpm.factorName, $D11, _xlpm.headerText, "Dependent Variable: "&_xlpm.kpiName, _xlpm.regA, '2A Regression'!$A$1:$A$10000, _xlpm.regB, '2A Regression'!$B$1:$B$10000, _xlpm.regE, '2A Regression'!$E$1:$E$10000, _xlpm.headerRow, MATCH(_xlpm.headerText, _xlpm.regA, 0), _xlpm.nextHeaderRow, _xlfn.AGGREGATE(15, 6, ROW(_xlpm.regA)/((LEFT(_xlpm.regA,19)="Dependent Variable:")*(ROW(_xlpm.regA)>_xlpm.headerRow)), 1), _xlpm.searchStart, _xlpm.headerRow, _xlpm.searchEnd, IF(ISERROR(_xlpm.nextHeaderRow), 300, _xlpm.nextHeaderRow-1), _xlpm.factorPos, _xlfn.AGGREGATE(15, 6, ROW(_xlpm.regB)/((_xlpm.regB=_xlpm.factorName)*(ROW(_xlpm.regB)>=_xlpm.searchStart)*(ROW(_xlpm.regB)<=_xlpm.searchEnd)), 1), IF(ISERROR(_xlpm.factorPos), 0, INDEX(_xlpm.regE, _xlpm.factorPos)) )} | I11: {=_xlfn.LET( _xlpm.kpiName, I$2, _xlpm.factorName, $D11, _xlpm.headerText, "Dependent Variable: "&_xlpm.kpiName, _xlpm.regA, '2A Regression'!$A$1:$A$10000, _xlpm.regB, '2A Regression'!$B$1:$B$10000, _xlpm.regE, '2A Regression'!$E$1:$E$10000, _xlpm.headerRow, MATCH(_xlpm.headerText, _xlpm.regA, 0), _xlpm.nextHeaderRow, _xlfn.AGGREGATE(15, 6, ROW(_xlpm.regA)/((LEFT(_xlpm.regA,19)="Dependent Variable:")*(ROW(_xlpm.regA)>_xlpm.headerRow)), 1), _xlpm.searchStart, _xlpm.headerRow, _xlpm.searchEnd, IF(ISERROR(_xlpm.nextHeaderRow), 300, _xlpm.nextHeaderRow-1), _xlpm.factorPos, _xlfn.AGGREGATE(15, 6, ROW(_xlpm.regB)/((_xlpm.regB=_xlpm.factorName)*(ROW(_xlpm.regB)>=_xlpm.searchStart)*(ROW(_xlpm.regB)<=_xlpm.searchEnd)), 1), IF(ISERROR(_xlpm.factorPos), 0, INDEX(_xlpm.regE, _xlpm.factorPos)) )} | J11: {=_xlfn.LET( _xlpm.kpiName, J$2, _xlpm.factorName, $D11, _xlpm.headerText, "Dependent Variable: "&_xlpm.kpiName, _xlpm.regA, '2A Regression'!$A$1:$A$10000, _xlpm.regB, '2A Regression'!$B$1:$B$10000, _xlpm.regE, '2A Regression'!$E$1:$E$10000, _xlpm.headerRow, MATCH(_xlpm.headerText, _xlpm.regA, 0), _xlpm.nextHeaderRow, _xlfn.AGGREGATE(15, 6, ROW(_xlpm.regA)/((LEFT(_xlpm.regA,19)="Dependent Variable:")*(ROW(_xlpm.regA)>_xlpm.headerRow)), 1), _xlpm.searchStart, _xlpm.headerRow, _xlpm.searchEnd, IF(ISERROR(_xlpm.nextHeaderRow), 300, _xlpm.nextHeaderRow-1), _xlpm.factorPos, _xlfn.AGGREGATE(15, 6, ROW(_xlpm.regB)/((_xlpm.regB=_xlpm.factorName)*(ROW(_xlpm.regB)>=_xlpm.searchStart)*(ROW(_xlpm.regB)<=_xlpm.searchEnd)), 1), IF(ISERROR(_xlpm.factorPos), 0, INDEX(_xlpm.regE, _xlpm.factorPos)) )} | K11: {=_xlfn.LET( _xlpm.kpiName, K$2, _xlpm.factorName, $D11, _xlpm.headerText, "Dependent Variable: "&_xlpm.kpiName, _xlpm.regA, '2A Regression'!$A$1:$A$10000, _xlpm.regB, '2A Regression'!$B$1:$B$10000, _xlpm.regE, '2A Regression'!$E$1:$E$10000, _xlpm.headerRow, MATCH(_xlpm.headerText, _xlpm.regA, 0), _xlpm.nextHeaderRow, _xlfn.AGGREGATE(15, 6, ROW(_xlpm.regA)/((LEFT(_xlpm.regA,19)="Dependent Variable:")*(ROW(_xlpm.regA)>_xlpm.headerRow)), 1), _xlpm.searchStart, _xlpm.headerRow, _xlpm.searchEnd, IF(ISERROR(_xlpm.nextHeaderRow), 300, _xlpm.nextHeaderRow-1), _xlpm.factorPos, _xlfn.AGGREGATE(15, 6, ROW(_xlpm.regB)/((_xlpm.regB=_xlpm.factorName)*(ROW(_xlpm.regB)>=_xlpm.searchStart)*(ROW(_xlpm.regB)<=_xlpm.searchEnd)), 1), IF(ISERROR(_xlpm.factorPos), 0, INDEX(_xlpm.regE, _xlpm.factorPos)) )} | L11: {=_xlfn.LET( _xlpm.kpiName, L$2, _xlpm.factorName, $D11, _xlpm.headerText, "Dependent Variable: "&_xlpm.kpiName, _xlpm.regA, '2A Regression'!$A$1:$A$10000, _xlpm.regB, '2A Regression'!$B$1:$B$10000, _xlpm.regE, '2A Regression'!$E$1:$E$10000, _xlpm.headerRow, MATCH(_xlpm.headerText, _xlpm.regA, 0), _xlpm.nextHeaderRow, _xlfn.AGGREGATE(15, 6, ROW(_xlpm.regA)/((LEFT(_xlpm.regA,19)="Dependent Variable:")*(ROW(_xlpm.regA)>_xlpm.headerRow)), 1), _xlpm.searchStart, _xlpm.headerRow, _xlpm.searchEnd, IF(ISERROR(_xlpm.nextHeaderRow), 300, _xlpm.nextHeaderRow-1), _xlpm.factorPos, _xlfn.AGGREGATE(15, 6, ROW(_xlpm.regB)/((_xlpm.regB=_xlpm.factorName)*(ROW(_xlpm.regB)>=_xlpm.searchStart)*(ROW(_xlpm.regB)<=_xlpm.searchEnd)), 1), IF(ISERROR(_xlpm.factorPos), 0, INDEX(_xlpm.regE, _xlpm.factorPos)) )} | ... BB11: {=_xlfn.LET( _xlpm.kpiName, BB$2, _xlpm.factorName, $D11, _xlpm.headerText, "Dependent Variable: "&_xlpm.kpiName, _xlpm.regA, '2A Regression'!$A$1:$A$10000, _xlpm.regB, '2A Regression'!$B$1:$B$10000, _xlpm.regE, '2A Regression'!$E$1:$E$10000, _xlpm.headerRow, MATCH(_xlpm.headerText, _xlpm.regA, 0), _xlpm.nextHeaderRow, _xlfn.AGGREGATE(15, 6, ROW(_xlpm.regA)/((LEFT(_xlpm.regA,19)="Dependent Variable:")*(ROW(_xlpm.regA)>_xlpm.headerRow)), 1), _xlpm.searchStart, _xlpm.headerRow, _xlpm.searchEnd, IF(ISERROR(_xlpm.nextHeaderRow), 300, _xlpm.nextHeaderRow-1), _xlpm.factorPos, _xlfn.AGGREGATE(15, 6, ROW(_xlpm.regB)/((_xlpm.regB=_xlpm.factorName)*(ROW(_xlpm.regB)>=_xlpm.searchStart)*(ROW(_xlpm.regB)<=_xlpm.searchEnd)), 1), IF(ISERROR(_xlpm.factorPos), 0, INDEX(_xlpm.regE, _xlpm.factorPos)) )}
D12: Factor10 | E12: {=_xlfn.LET( _xlpm.kpiName, E$2, _xlpm.factorName, $D12, _xlpm.headerText, "Dependent Variable: "&_xlpm.kpiName, _xlpm.regA, '2A Regression'!$A$1:$A$10000, _xlpm.regB, '2A Regression'!$B$1:$B$10000, _xlpm.regE, '2A Regression'!$E$1:$E$10000, _xlpm.headerRow, MATCH(_xlpm.headerText, _xlpm.regA, 0), _xlpm.nextHeaderRow, _xlfn.AGGREGATE(15, 6, ROW(_xlpm.regA)/((LEFT(_xlpm.regA,19)="Dependent Variable:")*(ROW(_xlpm.regA)>_xlpm.headerRow)), 1), _xlpm.searchStart, _xlpm.headerRow, _xlpm.searchEnd, IF(ISERROR(_xlpm.nextHeaderRow), 300, _xlpm.nextHeaderRow-1), _xlpm.factorPos, _xlfn.AGGREGATE(15, 6, ROW(_xlpm.regB)/((_xlpm.regB=_xlpm.factorName)*(ROW(_xlpm.regB)>=_xlpm.searchStart)*(ROW(_xlpm.regB)<=_xlpm.searchEnd)), 1), IF(ISERROR(_xlpm.factorPos), 0, INDEX(_xlpm.regE, _xlpm.factorPos)) )} | F12: {=_xlfn.LET( _xlpm.kpiName, F$2, _xlpm.factorName, $D12, _xlpm.headerText, "Dependent Variable: "&_xlpm.kpiName, _xlpm.regA, '2A Regression'!$A$1:$A$10000, _xlpm.regB, '2A Regression'!$B$1:$B$10000, _xlpm.regE, '2A Regression'!$E$1:$E$10000, _xlpm.headerRow, MATCH(_xlpm.headerText, _xlpm.regA, 0), _xlpm.nextHeaderRow, _xlfn.AGGREGATE(15, 6, ROW(_xlpm.regA)/((LEFT(_xlpm.regA,19)="Dependent Variable:")*(ROW(_xlpm.regA)>_xlpm.headerRow)), 1), _xlpm.searchStart, _xlpm.headerRow, _xlpm.searchEnd, IF(ISERROR(_xlpm.nextHeaderRow), 300, _xlpm.nextHeaderRow-1), _xlpm.factorPos, _xlfn.AGGREGATE(15, 6, ROW(_xlpm.regB)/((_xlpm.regB=_xlpm.factorName)*(ROW(_xlpm.regB)>=_xlpm.searchStart)*(ROW(_xlpm.regB)<=_xlpm.searchEnd)), 1), IF(ISERROR(_xlpm.factorPos), 0, INDEX(_xlpm.regE, _xlpm.factorPos)) )} | G12: {=_xlfn.LET( _xlpm.kpiName, G$2, _xlpm.factorName, $D12, _xlpm.headerText, "Dependent Variable: "&_xlpm.kpiName, _xlpm.regA, '2A Regression'!$A$1:$A$10000, _xlpm.regB, '2A Regression'!$B$1:$B$10000, _xlpm.regE, '2A Regression'!$E$1:$E$10000, _xlpm.headerRow, MATCH(_xlpm.headerText, _xlpm.regA, 0), _xlpm.nextHeaderRow, _xlfn.AGGREGATE(15, 6, ROW(_xlpm.regA)/((LEFT(_xlpm.regA,19)="Dependent Variable:")*(ROW(_xlpm.regA)>_xlpm.headerRow)), 1), _xlpm.searchStart, _xlpm.headerRow, _xlpm.searchEnd, IF(ISERROR(_xlpm.nextHeaderRow), 300, _xlpm.nextHeaderRow-1), _xlpm.factorPos, _xlfn.AGGREGATE(15, 6, ROW(_xlpm.regB)/((_xlpm.regB=_xlpm.factorName)*(ROW(_xlpm.regB)>=_xlpm.searchStart)*(ROW(_xlpm.regB)<=_xlpm.searchEnd)), 1), IF(ISERROR(_xlpm.factorPos), 0, INDEX(_xlpm.regE, _xlpm.factorPos)) )} | H12: {=_xlfn.LET( _xlpm.kpiName, H$2, _xlpm.factorName, $D12, _xlpm.headerText, "Dependent Variable: "&_xlpm.kpiName, _xlpm.regA, '2A Regression'!$A$1:$A$10000, _xlpm.regB, '2A Regression'!$B$1:$B$10000, _xlpm.regE, '2A Regression'!$E$1:$E$10000, _xlpm.headerRow, MATCH(_xlpm.headerText, _xlpm.regA, 0), _xlpm.nextHeaderRow, _xlfn.AGGREGATE(15, 6, ROW(_xlpm.regA)/((LEFT(_xlpm.regA,19)="Dependent Variable:")*(ROW(_xlpm.regA)>_xlpm.headerRow)), 1), _xlpm.searchStart, _xlpm.headerRow, _xlpm.searchEnd, IF(ISERROR(_xlpm.nextHeaderRow), 300, _xlpm.nextHeaderRow-1), _xlpm.factorPos, _xlfn.AGGREGATE(15, 6, ROW(_xlpm.regB)/((_xlpm.regB=_xlpm.factorName)*(ROW(_xlpm.regB)>=_xlpm.searchStart)*(ROW(_xlpm.regB)<=_xlpm.searchEnd)), 1), IF(ISERROR(_xlpm.factorPos), 0, INDEX(_xlpm.regE, _xlpm.factorPos)) )} | I12: {=_xlfn.LET( _xlpm.kpiName, I$2, _xlpm.factorName, $D12, _xlpm.headerText, "Dependent Variable: "&_xlpm.kpiName, _xlpm.regA, '2A Regression'!$A$1:$A$10000, _xlpm.regB, '2A Regression'!$B$1:$B$10000, _xlpm.regE, '2A Regression'!$E$1:$E$10000, _xlpm.headerRow, MATCH(_xlpm.headerText, _xlpm.regA, 0), _xlpm.nextHeaderRow, _xlfn.AGGREGATE(15, 6, ROW(_xlpm.regA)/((LEFT(_xlpm.regA,19)="Dependent Variable:")*(ROW(_xlpm.regA)>_xlpm.headerRow)), 1), _xlpm.searchStart, _xlpm.headerRow, _xlpm.searchEnd, IF(ISERROR(_xlpm.nextHeaderRow), 300, _xlpm.nextHeaderRow-1), _xlpm.factorPos, _xlfn.AGGREGATE(15, 6, ROW(_xlpm.regB)/((_xlpm.regB=_xlpm.factorName)*(ROW(_xlpm.regB)>=_xlpm.searchStart)*(ROW(_xlpm.regB)<=_xlpm.searchEnd)), 1), IF(ISERROR(_xlpm.factorPos), 0, INDEX(_xlpm.regE, _xlpm.factorPos)) )} | J12: {=_xlfn.LET( _xlpm.kpiName, J$2, _xlpm.factorName, $D12, _xlpm.headerText, "Dependent Variable: "&_xlpm.kpiName, _xlpm.regA, '2A Regression'!$A$1:$A$10000, _xlpm.regB, '2A Regression'!$B$1:$B$10000, _xlpm.regE, '2A Regression'!$E$1:$E$10000, _xlpm.headerRow, MATCH(_xlpm.headerText, _xlpm.regA, 0), _xlpm.nextHeaderRow, _xlfn.AGGREGATE(15, 6, ROW(_xlpm.regA)/((LEFT(_xlpm.regA,19)="Dependent Variable:")*(ROW(_xlpm.regA)>_xlpm.headerRow)), 1), _xlpm.searchStart, _xlpm.headerRow, _xlpm.searchEnd, IF(ISERROR(_xlpm.nextHeaderRow), 300, _xlpm.nextHeaderRow-1), _xlpm.factorPos, _xlfn.AGGREGATE(15, 6, ROW(_xlpm.regB)/((_xlpm.regB=_xlpm.factorName)*(ROW(_xlpm.regB)>=_xlpm.searchStart)*(ROW(_xlpm.regB)<=_xlpm.searchEnd)), 1), IF(ISERROR(_xlpm.factorPos), 0, INDEX(_xlpm.regE, _xlpm.factorPos)) )} | K12: {=_xlfn.LET( _xlpm.kpiName, K$2, _xlpm.factorName, $D12, _xlpm.headerText, "Dependent Variable: "&_xlpm.kpiName, _xlpm.regA, '2A Regression'!$A$1:$A$10000, _xlpm.regB, '2A Regression'!$B$1:$B$10000, _xlpm.regE, '2A Regression'!$E$1:$E$10000, _xlpm.headerRow, MATCH(_xlpm.headerText, _xlpm.regA, 0), _xlpm.nextHeaderRow, _xlfn.AGGREGATE(15, 6, ROW(_xlpm.regA)/((LEFT(_xlpm.regA,19)="Dependent Variable:")*(ROW(_xlpm.regA)>_xlpm.headerRow)), 1), _xlpm.searchStart, _xlpm.headerRow, _xlpm.searchEnd, IF(ISERROR(_xlpm.nextHeaderRow), 300, _xlpm.nextHeaderRow-1), _xlpm.factorPos, _xlfn.AGGREGATE(15, 6, ROW(_xlpm.regB)/((_xlpm.regB=_xlpm.factorName)*(ROW(_xlpm.regB)>=_xlpm.searchStart)*(ROW(_xlpm.regB)<=_xlpm.searchEnd)), 1), IF(ISERROR(_xlpm.factorPos), 0, INDEX(_xlpm.regE, _xlpm.factorPos)) )} | L12: {=_xlfn.LET( _xlpm.kpiName, L$2, _xlpm.factorName, $D12, _xlpm.headerText, "Dependent Variable: "&_xlpm.kpiName, _xlpm.regA, '2A Regression'!$A$1:$A$10000, _xlpm.regB, '2A Regression'!$B$1:$B$10000, _xlpm.regE, '2A Regression'!$E$1:$E$10000, _xlpm.headerRow, MATCH(_xlpm.headerText, _xlpm.regA, 0), _xlpm.nextHeaderRow, _xlfn.AGGREGATE(15, 6, ROW(_xlpm.regA)/((LEFT(_xlpm.regA,19)="Dependent Variable:")*(ROW(_xlpm.regA)>_xlpm.headerRow)), 1), _xlpm.searchStart, _xlpm.headerRow, _xlpm.searchEnd, IF(ISERROR(_xlpm.nextHeaderRow), 300, _xlpm.nextHeaderRow-1), _xlpm.factorPos, _xlfn.AGGREGATE(15, 6, ROW(_xlpm.regB)/((_xlpm.regB=_xlpm.factorName)*(ROW(_xlpm.regB)>=_xlpm.searchStart)*(ROW(_xlpm.regB)<=_xlpm.searchEnd)), 1), IF(ISERROR(_xlpm.factorPos), 0, INDEX(_xlpm.regE, _xlpm.factorPos)) )} | ... BB12: {=_xlfn.LET( _xlpm.kpiName, BB$2, _xlpm.factorName, $D12, _xlpm.headerText, "Dependent Variable: "&_xlpm.kpiName, _xlpm.regA, '2A Regression'!$A$1:$A$10000, _xlpm.regB, '2A Regression'!$B$1:$B$10000, _xlpm.regE, '2A Regression'!$E$1:$E$10000, _xlpm.headerRow, MATCH(_xlpm.headerText, _xlpm.regA, 0), _xlpm.nextHeaderRow, _xlfn.AGGREGATE(15, 6, ROW(_xlpm.regA)/((LEFT(_xlpm.regA,19)="Dependent Variable:")*(ROW(_xlpm.regA)>_xlpm.headerRow)), 1), _xlpm.searchStart, _xlpm.headerRow, _xlpm.searchEnd, IF(ISERROR(_xlpm.nextHeaderRow), 300, _xlpm.nextHeaderRow-1), _xlpm.factorPos, _xlfn.AGGREGATE(15, 6, ROW(_xlpm.regB)/((_xlpm.regB=_xlpm.factorName)*(ROW(_xlpm.regB)>=_xlpm.searchStart)*(ROW(_xlpm.regB)<=_xlpm.searchEnd)), 1), IF(ISERROR(_xlpm.factorPos), 0, INDEX(_xlpm.regE, _xlpm.factorPos)) )}
D13: Factor11 | E13: {=_xlfn.LET( _xlpm.kpiName, E$2, _xlpm.factorName, $D13, _xlpm.headerText, "Dependent Variable: "&_xlpm.kpiName, _xlpm.regA, '2A Regression'!$A$1:$A$10000, _xlpm.regB, '2A Regression'!$B$1:$B$10000, _xlpm.regE, '2A Regression'!$E$1:$E$10000, _xlpm.headerRow, MATCH(_xlpm.headerText, _xlpm.regA, 0), _xlpm.nextHeaderRow, _xlfn.AGGREGATE(15, 6, ROW(_xlpm.regA)/((LEFT(_xlpm.regA,19)="Dependent Variable:")*(ROW(_xlpm.regA)>_xlpm.headerRow)), 1), _xlpm.searchStart, _xlpm.headerRow, _xlpm.searchEnd, IF(ISERROR(_xlpm.nextHeaderRow), 300, _xlpm.nextHeaderRow-1), _xlpm.factorPos, _xlfn.AGGREGATE(15, 6, ROW(_xlpm.regB)/((_xlpm.regB=_xlpm.factorName)*(ROW(_xlpm.regB)>=_xlpm.searchStart)*(ROW(_xlpm.regB)<=_xlpm.searchEnd)), 1), IF(ISERROR(_xlpm.factorPos), 0, INDEX(_xlpm.regE, _xlpm.factorPos)) )} | F13: {=_xlfn.LET( _xlpm.kpiName, F$2, _xlpm.factorName, $D13, _xlpm.headerText, "Dependent Variable: "&_xlpm.kpiName, _xlpm.regA, '2A Regression'!$A$1:$A$10000, _xlpm.regB, '2A Regression'!$B$1:$B$10000, _xlpm.regE, '2A Regression'!$E$1:$E$10000, _xlpm.headerRow, MATCH(_xlpm.headerText, _xlpm.regA, 0), _xlpm.nextHeaderRow, _xlfn.AGGREGATE(15, 6, ROW(_xlpm.regA)/((LEFT(_xlpm.regA,19)="Dependent Variable:")*(ROW(_xlpm.regA)>_xlpm.headerRow)), 1), _xlpm.searchStart, _xlpm.headerRow, _xlpm.searchEnd, IF(ISERROR(_xlpm.nextHeaderRow), 300, _xlpm.nextHeaderRow-1), _xlpm.factorPos, _xlfn.AGGREGATE(15, 6, ROW(_xlpm.regB)/((_xlpm.regB=_xlpm.factorName)*(ROW(_xlpm.regB)>=_xlpm.searchStart)*(ROW(_xlpm.regB)<=_xlpm.searchEnd)), 1), IF(ISERROR(_xlpm.factorPos), 0, INDEX(_xlpm.regE, _xlpm.factorPos)) )} | G13: {=_xlfn.LET( _xlpm.kpiName, G$2, _xlpm.factorName, $D13, _xlpm.headerText, "Dependent Variable: "&_xlpm.kpiName, _xlpm.regA, '2A Regression'!$A$1:$A$10000, _xlpm.regB, '2A Regression'!$B$1:$B$10000, _xlpm.regE, '2A Regression'!$E$1:$E$10000, _xlpm.headerRow, MATCH(_xlpm.headerText, _xlpm.regA, 0), _xlpm.nextHeaderRow, _xlfn.AGGREGATE(15, 6, ROW(_xlpm.regA)/((LEFT(_xlpm.regA,19)="Dependent Variable:")*(ROW(_xlpm.regA)>_xlpm.headerRow)), 1), _xlpm.searchStart, _xlpm.headerRow, _xlpm.searchEnd, IF(ISERROR(_xlpm.nextHeaderRow), 300, _xlpm.nextHeaderRow-1), _xlpm.factorPos, _xlfn.AGGREGATE(15, 6, ROW(_xlpm.regB)/((_xlpm.regB=_xlpm.factorName)*(ROW(_xlpm.regB)>=_xlpm.searchStart)*(ROW(_xlpm.regB)<=_xlpm.searchEnd)), 1), IF(ISERROR(_xlpm.factorPos), 0, INDEX(_xlpm.regE, _xlpm.factorPos)) )} | H13: {=_xlfn.LET( _xlpm.kpiName, H$2, _xlpm.factorName, $D13, _xlpm.headerText, "Dependent Variable: "&_xlpm.kpiName, _xlpm.regA, '2A Regression'!$A$1:$A$10000, _xlpm.regB, '2A Regression'!$B$1:$B$10000, _xlpm.regE, '2A Regression'!$E$1:$E$10000, _xlpm.headerRow, MATCH(_xlpm.headerText, _xlpm.regA, 0), _xlpm.nextHeaderRow, _xlfn.AGGREGATE(15, 6, ROW(_xlpm.regA)/((LEFT(_xlpm.regA,19)="Dependent Variable:")*(ROW(_xlpm.regA)>_xlpm.headerRow)), 1), _xlpm.searchStart, _xlpm.headerRow, _xlpm.searchEnd, IF(ISERROR(_xlpm.nextHeaderRow), 300, _xlpm.nextHeaderRow-1), _xlpm.factorPos, _xlfn.AGGREGATE(15, 6, ROW(_xlpm.regB)/((_xlpm.regB=_xlpm.factorName)*(ROW(_xlpm.regB)>=_xlpm.searchStart)*(ROW(_xlpm.regB)<=_xlpm.searchEnd)), 1), IF(ISERROR(_xlpm.factorPos), 0, INDEX(_xlpm.regE, _xlpm.factorPos)) )} | I13: {=_xlfn.LET( _xlpm.kpiName, I$2, _xlpm.factorName, $D13, _xlpm.headerText, "Dependent Variable: "&_xlpm.kpiName, _xlpm.regA, '2A Regression'!$A$1:$A$10000, _xlpm.regB, '2A Regression'!$B$1:$B$10000, _xlpm.regE, '2A Regression'!$E$1:$E$10000, _xlpm.headerRow, MATCH(_xlpm.headerText, _xlpm.regA, 0), _xlpm.nextHeaderRow, _xlfn.AGGREGATE(15, 6, ROW(_xlpm.regA)/((LEFT(_xlpm.regA,19)="Dependent Variable:")*(ROW(_xlpm.regA)>_xlpm.headerRow)), 1), _xlpm.searchStart, _xlpm.headerRow, _xlpm.searchEnd, IF(ISERROR(_xlpm.nextHeaderRow), 300, _xlpm.nextHeaderRow-1), _xlpm.factorPos, _xlfn.AGGREGATE(15, 6, ROW(_xlpm.regB)/((_xlpm.regB=_xlpm.factorName)*(ROW(_xlpm.regB)>=_xlpm.searchStart)*(ROW(_xlpm.regB)<=_xlpm.searchEnd)), 1), IF(ISERROR(_xlpm.factorPos), 0, INDEX(_xlpm.regE, _xlpm.factorPos)) )} | J13: {=_xlfn.LET( _xlpm.kpiName, J$2, _xlpm.factorName, $D13, _xlpm.headerText, "Dependent Variable: "&_xlpm.kpiName, _xlpm.regA, '2A Regression'!$A$1:$A$10000, _xlpm.regB, '2A Regression'!$B$1:$B$10000, _xlpm.regE, '2A Regression'!$E$1:$E$10000, _xlpm.headerRow, MATCH(_xlpm.headerText, _xlpm.regA, 0), _xlpm.nextHeaderRow, _xlfn.AGGREGATE(15, 6, ROW(_xlpm.regA)/((LEFT(_xlpm.regA,19)="Dependent Variable:")*(ROW(_xlpm.regA)>_xlpm.headerRow)), 1), _xlpm.searchStart, _xlpm.headerRow, _xlpm.searchEnd, IF(ISERROR(_xlpm.nextHeaderRow), 300, _xlpm.nextHeaderRow-1), _xlpm.factorPos, _xlfn.AGGREGATE(15, 6, ROW(_xlpm.regB)/((_xlpm.regB=_xlpm.factorName)*(ROW(_xlpm.regB)>=_xlpm.searchStart)*(ROW(_xlpm.regB)<=_xlpm.searchEnd)), 1), IF(ISERROR(_xlpm.factorPos), 0, INDEX(_xlpm.regE, _xlpm.factorPos)) )} | K13: {=_xlfn.LET( _xlpm.kpiName, K$2, _xlpm.factorName, $D13, _xlpm.headerText, "Dependent Variable: "&_xlpm.kpiName, _xlpm.regA, '2A Regression'!$A$1:$A$10000, _xlpm.regB, '2A Regression'!$B$1:$B$10000, _xlpm.regE, '2A Regression'!$E$1:$E$10000, _xlpm.headerRow, MATCH(_xlpm.headerText, _xlpm.regA, 0), _xlpm.nextHeaderRow, _xlfn.AGGREGATE(15, 6, ROW(_xlpm.regA)/((LEFT(_xlpm.regA,19)="Dependent Variable:")*(ROW(_xlpm.regA)>_xlpm.headerRow)), 1), _xlpm.searchStart, _xlpm.headerRow, _xlpm.searchEnd, IF(ISERROR(_xlpm.nextHeaderRow), 300, _xlpm.nextHeaderRow-1), _xlpm.factorPos, _xlfn.AGGREGATE(15, 6, ROW(_xlpm.regB)/((_xlpm.regB=_xlpm.factorName)*(ROW(_xlpm.regB)>=_xlpm.searchStart)*(ROW(_xlpm.regB)<=_xlpm.searchEnd)), 1), IF(ISERROR(_xlpm.factorPos), 0, INDEX(_xlpm.regE, _xlpm.factorPos)) )} | L13: {=_xlfn.LET( _xlpm.kpiName, L$2, _xlpm.factorName, $D13, _xlpm.headerText, "Dependent Variable: "&_xlpm.kpiName, _xlpm.regA, '2A Regression'!$A$1:$A$10000, _xlpm.regB, '2A Regression'!$B$1:$B$10000, _xlpm.regE, '2A Regression'!$E$1:$E$10000, _xlpm.headerRow, MATCH(_xlpm.headerText, _xlpm.regA, 0), _xlpm.nextHeaderRow, _xlfn.AGGREGATE(15, 6, ROW(_xlpm.regA)/((LEFT(_xlpm.regA,19)="Dependent Variable:")*(ROW(_xlpm.regA)>_xlpm.headerRow)), 1), _xlpm.searchStart, _xlpm.headerRow, _xlpm.searchEnd, IF(ISERROR(_xlpm.nextHeaderRow), 300, _xlpm.nextHeaderRow-1), _xlpm.factorPos, _xlfn.AGGREGATE(15, 6, ROW(_xlpm.regB)/((_xlpm.regB=_xlpm.factorName)*(ROW(_xlpm.regB)>=_xlpm.searchStart)*(ROW(_xlpm.regB)<=_xlpm.searchEnd)), 1), IF(ISERROR(_xlpm.factorPos), 0, INDEX(_xlpm.regE, _xlpm.factorPos)) )} | ... BB13: {=_xlfn.LET( _xlpm.kpiName, BB$2, _xlpm.factorName, $D13, _xlpm.headerText, "Dependent Variable: "&_xlpm.kpiName, _xlpm.regA, '2A Regression'!$A$1:$A$10000, _xlpm.regB, '2A Regression'!$B$1:$B$10000, _xlpm.regE, '2A Regression'!$E$1:$E$10000, _xlpm.headerRow, MATCH(_xlpm.headerText, _xlpm.regA, 0), _xlpm.nextHeaderRow, _xlfn.AGGREGATE(15, 6, ROW(_xlpm.regA)/((LEFT(_xlpm.regA,19)="Dependent Variable:")*(ROW(_xlpm.regA)>_xlpm.headerRow)), 1), _xlpm.searchStart, _xlpm.headerRow, _xlpm.searchEnd, IF(ISERROR(_xlpm.nextHeaderRow), 300, _xlpm.nextHeaderRow-1), _xlpm.factorPos, _xlfn.AGGREGATE(15, 6, ROW(_xlpm.regB)/((_xlpm.regB=_xlpm.factorName)*(ROW(_xlpm.regB)>=_xlpm.searchStart)*(ROW(_xlpm.regB)<=_xlpm.searchEnd)), 1), IF(ISERROR(_xlpm.factorPos), 0, INDEX(_xlpm.regE, _xlpm.factorPos)) )}
D14: Factor12 | E14: {=_xlfn.LET( _xlpm.kpiName, E$2, _xlpm.factorName, $D14, _xlpm.headerText, "Dependent Variable: "&_xlpm.kpiName, _xlpm.regA, '2A Regression'!$A$1:$A$10000, _xlpm.regB, '2A Regression'!$B$1:$B$10000, _xlpm.regE, '2A Regression'!$E$1:$E$10000, _xlpm.headerRow, MATCH(_xlpm.headerText, _xlpm.regA, 0), _xlpm.nextHeaderRow, _xlfn.AGGREGATE(15, 6, ROW(_xlpm.regA)/((LEFT(_xlpm.regA,19)="Dependent Variable:")*(ROW(_xlpm.regA)>_xlpm.headerRow)), 1), _xlpm.searchStart, _xlpm.headerRow, _xlpm.searchEnd, IF(ISERROR(_xlpm.nextHeaderRow), 300, _xlpm.nextHeaderRow-1), _xlpm.factorPos, _xlfn.AGGREGATE(15, 6, ROW(_xlpm.regB)/((_xlpm.regB=_xlpm.factorName)*(ROW(_xlpm.regB)>=_xlpm.searchStart)*(ROW(_xlpm.regB)<=_xlpm.searchEnd)), 1), IF(ISERROR(_xlpm.factorPos), 0, INDEX(_xlpm.regE, _xlpm.factorPos)) )} | F14: {=_xlfn.LET( _xlpm.kpiName, F$2, _xlpm.factorName, $D14, _xlpm.headerText, "Dependent Variable: "&_xlpm.kpiName, _xlpm.regA, '2A Regression'!$A$1:$A$10000, _xlpm.regB, '2A Regression'!$B$1:$B$10000, _xlpm.regE, '2A Regression'!$E$1:$E$10000, _xlpm.headerRow, MATCH(_xlpm.headerText, _xlpm.regA, 0), _xlpm.nextHeaderRow, _xlfn.AGGREGATE(15, 6, ROW(_xlpm.regA)/((LEFT(_xlpm.regA,19)="Dependent Variable:")*(ROW(_xlpm.regA)>_xlpm.headerRow)), 1), _xlpm.searchStart, _xlpm.headerRow, _xlpm.searchEnd, IF(ISERROR(_xlpm.nextHeaderRow), 300, _xlpm.nextHeaderRow-1), _xlpm.factorPos, _xlfn.AGGREGATE(15, 6, ROW(_xlpm.regB)/((_xlpm.regB=_xlpm.factorName)*(ROW(_xlpm.regB)>=_xlpm.searchStart)*(ROW(_xlpm.regB)<=_xlpm.searchEnd)), 1), IF(ISERROR(_xlpm.factorPos), 0, INDEX(_xlpm.regE, _xlpm.factorPos)) )} | G14: {=_xlfn.LET( _xlpm.kpiName, G$2, _xlpm.factorName, $D14, _xlpm.headerText, "Dependent Variable: "&_xlpm.kpiName, _xlpm.regA, '2A Regression'!$A$1:$A$10000, _xlpm.regB, '2A Regression'!$B$1:$B$10000, _xlpm.regE, '2A Regression'!$E$1:$E$10000, _xlpm.headerRow, MATCH(_xlpm.headerText, _xlpm.regA, 0), _xlpm.nextHeaderRow, _xlfn.AGGREGATE(15, 6, ROW(_xlpm.regA)/((LEFT(_xlpm.regA,19)="Dependent Variable:")*(ROW(_xlpm.regA)>_xlpm.headerRow)), 1), _xlpm.searchStart, _xlpm.headerRow, _xlpm.searchEnd, IF(ISERROR(_xlpm.nextHeaderRow), 300, _xlpm.nextHeaderRow-1), _xlpm.factorPos, _xlfn.AGGREGATE(15, 6, ROW(_xlpm.regB)/((_xlpm.regB=_xlpm.factorName)*(ROW(_xlpm.regB)>=_xlpm.searchStart)*(ROW(_xlpm.regB)<=_xlpm.searchEnd)), 1), IF(ISERROR(_xlpm.factorPos), 0, INDEX(_xlpm.regE, _xlpm.factorPos)) )} | H14: {=_xlfn.LET( _xlpm.kpiName, H$2, _xlpm.factorName, $D14, _xlpm.headerText, "Dependent Variable: "&_xlpm.kpiName, _xlpm.regA, '2A Regression'!$A$1:$A$10000, _xlpm.regB, '2A Regression'!$B$1:$B$10000, _xlpm.regE, '2A Regression'!$E$1:$E$10000, _xlpm.headerRow, MATCH(_xlpm.headerText, _xlpm.regA, 0), _xlpm.nextHeaderRow, _xlfn.AGGREGATE(15, 6, ROW(_xlpm.regA)/((LEFT(_xlpm.regA,19)="Dependent Variable:")*(ROW(_xlpm.regA)>_xlpm.headerRow)), 1), _xlpm.searchStart, _xlpm.headerRow, _xlpm.searchEnd, IF(ISERROR(_xlpm.nextHeaderRow), 300, _xlpm.nextHeaderRow-1), _xlpm.factorPos, _xlfn.AGGREGATE(15, 6, ROW(_xlpm.regB)/((_xlpm.regB=_xlpm.factorName)*(ROW(_xlpm.regB)>=_xlpm.searchStart)*(ROW(_xlpm.regB)<=_xlpm.searchEnd)), 1), IF(ISERROR(_xlpm.factorPos), 0, INDEX(_xlpm.regE, _xlpm.factorPos)) )} | I14: {=_xlfn.LET( _xlpm.kpiName, I$2, _xlpm.factorName, $D14, _xlpm.headerText, "Dependent Variable: "&_xlpm.kpiName, _xlpm.regA, '2A Regression'!$A$1:$A$10000, _xlpm.regB, '2A Regression'!$B$1:$B$10000, _xlpm.regE, '2A Regression'!$E$1:$E$10000, _xlpm.headerRow, MATCH(_xlpm.headerText, _xlpm.regA, 0), _xlpm.nextHeaderRow, _xlfn.AGGREGATE(15, 6, ROW(_xlpm.regA)/((LEFT(_xlpm.regA,19)="Dependent Variable:")*(ROW(_xlpm.regA)>_xlpm.headerRow)), 1), _xlpm.searchStart, _xlpm.headerRow, _xlpm.searchEnd, IF(ISERROR(_xlpm.nextHeaderRow), 300, _xlpm.nextHeaderRow-1), _xlpm.factorPos, _xlfn.AGGREGATE(15, 6, ROW(_xlpm.regB)/((_xlpm.regB=_xlpm.factorName)*(ROW(_xlpm.regB)>=_xlpm.searchStart)*(ROW(_xlpm.regB)<=_xlpm.searchEnd)), 1), IF(ISERROR(_xlpm.factorPos), 0, INDEX(_xlpm.regE, _xlpm.factorPos)) )} | J14: {=_xlfn.LET( _xlpm.kpiName, J$2, _xlpm.factorName, $D14, _xlpm.headerText, "Dependent Variable: "&_xlpm.kpiName, _xlpm.regA, '2A Regression'!$A$1:$A$10000, _xlpm.regB, '2A Regression'!$B$1:$B$10000, _xlpm.regE, '2A Regression'!$E$1:$E$10000, _xlpm.headerRow, MATCH(_xlpm.headerText, _xlpm.regA, 0), _xlpm.nextHeaderRow, _xlfn.AGGREGATE(15, 6, ROW(_xlpm.regA)/((LEFT(_xlpm.regA,19)="Dependent Variable:")*(ROW(_xlpm.regA)>_xlpm.headerRow)), 1), _xlpm.searchStart, _xlpm.headerRow, _xlpm.searchEnd, IF(ISERROR(_xlpm.nextHeaderRow), 300, _xlpm.nextHeaderRow-1), _xlpm.factorPos, _xlfn.AGGREGATE(15, 6, ROW(_xlpm.regB)/((_xlpm.regB=_xlpm.factorName)*(ROW(_xlpm.regB)>=_xlpm.searchStart)*(ROW(_xlpm.regB)<=_xlpm.searchEnd)), 1), IF(ISERROR(_xlpm.factorPos), 0, INDEX(_xlpm.regE, _xlpm.factorPos)) )} | K14: {=_xlfn.LET( _xlpm.kpiName, K$2, _xlpm.factorName, $D14, _xlpm.headerText, "Dependent Variable: "&_xlpm.kpiName, _xlpm.regA, '2A Regression'!$A$1:$A$10000, _xlpm.regB, '2A Regression'!$B$1:$B$10000, _xlpm.regE, '2A Regression'!$E$1:$E$10000, _xlpm.headerRow, MATCH(_xlpm.headerText, _xlpm.regA, 0), _xlpm.nextHeaderRow, _xlfn.AGGREGATE(15, 6, ROW(_xlpm.regA)/((LEFT(_xlpm.regA,19)="Dependent Variable:")*(ROW(_xlpm.regA)>_xlpm.headerRow)), 1), _xlpm.searchStart, _xlpm.headerRow, _xlpm.searchEnd, IF(ISERROR(_xlpm.nextHeaderRow), 300, _xlpm.nextHeaderRow-1), _xlpm.factorPos, _xlfn.AGGREGATE(15, 6, ROW(_xlpm.regB)/((_xlpm.regB=_xlpm.factorName)*(ROW(_xlpm.regB)>=_xlpm.searchStart)*(ROW(_xlpm.regB)<=_xlpm.searchEnd)), 1), IF(ISERROR(_xlpm.factorPos), 0, INDEX(_xlpm.regE, _xlpm.factorPos)) )} | L14: {=_xlfn.LET( _xlpm.kpiName, L$2, _xlpm.factorName, $D14, _xlpm.headerText, "Dependent Variable: "&_xlpm.kpiName, _xlpm.regA, '2A Regression'!$A$1:$A$10000, _xlpm.regB, '2A Regression'!$B$1:$B$10000, _xlpm.regE, '2A Regression'!$E$1:$E$10000, _xlpm.headerRow, MATCH(_xlpm.headerText, _xlpm.regA, 0), _xlpm.nextHeaderRow, _xlfn.AGGREGATE(15, 6, ROW(_xlpm.regA)/((LEFT(_xlpm.regA,19)="Dependent Variable:")*(ROW(_xlpm.regA)>_xlpm.headerRow)), 1), _xlpm.searchStart, _xlpm.headerRow, _xlpm.searchEnd, IF(ISERROR(_xlpm.nextHeaderRow), 300, _xlpm.nextHeaderRow-1), _xlpm.factorPos, _xlfn.AGGREGATE(15, 6, ROW(_xlpm.regB)/((_xlpm.regB=_xlpm.factorName)*(ROW(_xlpm.regB)>=_xlpm.searchStart)*(ROW(_xlpm.regB)<=_xlpm.searchEnd)), 1), IF(ISERROR(_xlpm.factorPos), 0, INDEX(_xlpm.regE, _xlpm.factorPos)) )} | ... BB14: {=_xlfn.LET( _xlpm.kpiName, BB$2, _xlpm.factorName, $D14, _xlpm.headerText, "Dependent Variable: "&_xlpm.kpiName, _xlpm.regA, '2A Regression'!$A$1:$A$10000, _xlpm.regB, '2A Regression'!$B$1:$B$10000, _xlpm.regE, '2A Regression'!$E$1:$E$10000, _xlpm.headerRow, MATCH(_xlpm.headerText, _xlpm.regA, 0), _xlpm.nextHeaderRow, _xlfn.AGGREGATE(15, 6, ROW(_xlpm.regA)/((LEFT(_xlpm.regA,19)="Dependent Variable:")*(ROW(_xlpm.regA)>_xlpm.headerRow)), 1), _xlpm.searchStart, _xlpm.headerRow, _xlpm.searchEnd, IF(ISERROR(_xlpm.nextHeaderRow), 300, _xlpm.nextHeaderRow-1), _xlpm.factorPos, _xlfn.AGGREGATE(15, 6, ROW(_xlpm.regB)/((_xlpm.regB=_xlpm.factorName)*(ROW(_xlpm.regB)>=_xlpm.searchStart)*(ROW(_xlpm.regB)<=_xlpm.searchEnd)), 1), IF(ISERROR(_xlpm.factorPos), 0, INDEX(_xlpm.regE, _xlpm.factorPos)) )}
D15: Factor13 | E15: {=_xlfn.LET( _xlpm.kpiName, E$2, _xlpm.factorName, $D15, _xlpm.headerText, "Dependent Variable: "&_xlpm.kpiName, _xlpm.regA, '2A Regression'!$A$1:$A$10000, _xlpm.regB, '2A Regression'!$B$1:$B$10000, _xlpm.regE, '2A Regression'!$E$1:$E$10000, _xlpm.headerRow, MATCH(_xlpm.headerText, _xlpm.regA, 0), _xlpm.nextHeaderRow, _xlfn.AGGREGATE(15, 6, ROW(_xlpm.regA)/((LEFT(_xlpm.regA,19)="Dependent Variable:")*(ROW(_xlpm.regA)>_xlpm.headerRow)), 1), _xlpm.searchStart, _xlpm.headerRow, _xlpm.searchEnd, IF(ISERROR(_xlpm.nextHeaderRow), 300, _xlpm.nextHeaderRow-1), _xlpm.factorPos, _xlfn.AGGREGATE(15, 6, ROW(_xlpm.regB)/((_xlpm.regB=_xlpm.factorName)*(ROW(_xlpm.regB)>=_xlpm.searchStart)*(ROW(_xlpm.regB)<=_xlpm.searchEnd)), 1), IF(ISERROR(_xlpm.factorPos), 0, INDEX(_xlpm.regE, _xlpm.factorPos)) )} | F15: {=_xlfn.LET( _xlpm.kpiName, F$2, _xlpm.factorName, $D15, _xlpm.headerText, "Dependent Variable: "&_xlpm.kpiName, _xlpm.regA, '2A Regression'!$A$1:$A$10000, _xlpm.regB, '2A Regression'!$B$1:$B$10000, _xlpm.regE, '2A Regression'!$E$1:$E$10000, _xlpm.headerRow, MATCH(_xlpm.headerText, _xlpm.regA, 0), _xlpm.nextHeaderRow, _xlfn.AGGREGATE(15, 6, ROW(_xlpm.regA)/((LEFT(_xlpm.regA,19)="Dependent Variable:")*(ROW(_xlpm.regA)>_xlpm.headerRow)), 1), _xlpm.searchStart, _xlpm.headerRow, _xlpm.searchEnd, IF(ISERROR(_xlpm.nextHeaderRow), 300, _xlpm.nextHeaderRow-1), _xlpm.factorPos, _xlfn.AGGREGATE(15, 6, ROW(_xlpm.regB)/((_xlpm.regB=_xlpm.factorName)*(ROW(_xlpm.regB)>=_xlpm.searchStart)*(ROW(_xlpm.regB)<=_xlpm.searchEnd)), 1), IF(ISERROR(_xlpm.factorPos), 0, INDEX(_xlpm.regE, _xlpm.factorPos)) )} | G15: {=_xlfn.LET( _xlpm.kpiName, G$2, _xlpm.factorName, $D15, _xlpm.headerText, "Dependent Variable: "&_xlpm.kpiName, _xlpm.regA, '2A Regression'!$A$1:$A$10000, _xlpm.regB, '2A Regression'!$B$1:$B$10000, _xlpm.regE, '2A Regression'!$E$1:$E$10000, _xlpm.headerRow, MATCH(_xlpm.headerText, _xlpm.regA, 0), _xlpm.nextHeaderRow, _xlfn.AGGREGATE(15, 6, ROW(_xlpm.regA)/((LEFT(_xlpm.regA,19)="Dependent Variable:")*(ROW(_xlpm.regA)>_xlpm.headerRow)), 1), _xlpm.searchStart, _xlpm.headerRow, _xlpm.searchEnd, IF(ISERROR(_xlpm.nextHeaderRow), 300, _xlpm.nextHeaderRow-1), _xlpm.factorPos, _xlfn.AGGREGATE(15, 6, ROW(_xlpm.regB)/((_xlpm.regB=_xlpm.factorName)*(ROW(_xlpm.regB)>=_xlpm.searchStart)*(ROW(_xlpm.regB)<=_xlpm.searchEnd)), 1), IF(ISERROR(_xlpm.factorPos), 0, INDEX(_xlpm.regE, _xlpm.factorPos)) )} | H15: {=_xlfn.LET( _xlpm.kpiName, H$2, _xlpm.factorName, $D15, _xlpm.headerText, "Dependent Variable: "&_xlpm.kpiName, _xlpm.regA, '2A Regression'!$A$1:$A$10000, _xlpm.regB, '2A Regression'!$B$1:$B$10000, _xlpm.regE, '2A Regression'!$E$1:$E$10000, _xlpm.headerRow, MATCH(_xlpm.headerText, _xlpm.regA, 0), _xlpm.nextHeaderRow, _xlfn.AGGREGATE(15, 6, ROW(_xlpm.regA)/((LEFT(_xlpm.regA,19)="Dependent Variable:")*(ROW(_xlpm.regA)>_xlpm.headerRow)), 1), _xlpm.searchStart, _xlpm.headerRow, _xlpm.searchEnd, IF(ISERROR(_xlpm.nextHeaderRow), 300, _xlpm.nextHeaderRow-1), _xlpm.factorPos, _xlfn.AGGREGATE(15, 6, ROW(_xlpm.regB)/((_xlpm.regB=_xlpm.factorName)*(ROW(_xlpm.regB)>=_xlpm.searchStart)*(ROW(_xlpm.regB)<=_xlpm.searchEnd)), 1), IF(ISERROR(_xlpm.factorPos), 0, INDEX(_xlpm.regE, _xlpm.factorPos)) )} | I15: {=_xlfn.LET( _xlpm.kpiName, I$2, _xlpm.factorName, $D15, _xlpm.headerText, "Dependent Variable: "&_xlpm.kpiName, _xlpm.regA, '2A Regression'!$A$1:$A$10000, _xlpm.regB, '2A Regression'!$B$1:$B$10000, _xlpm.regE, '2A Regression'!$E$1:$E$10000, _xlpm.headerRow, MATCH(_xlpm.headerText, _xlpm.regA, 0), _xlpm.nextHeaderRow, _xlfn.AGGREGATE(15, 6, ROW(_xlpm.regA)/((LEFT(_xlpm.regA,19)="Dependent Variable:")*(ROW(_xlpm.regA)>_xlpm.headerRow)), 1), _xlpm.searchStart, _xlpm.headerRow, _xlpm.searchEnd, IF(ISERROR(_xlpm.nextHeaderRow), 300, _xlpm.nextHeaderRow-1), _xlpm.factorPos, _xlfn.AGGREGATE(15, 6, ROW(_xlpm.regB)/((_xlpm.regB=_xlpm.factorName)*(ROW(_xlpm.regB)>=_xlpm.searchStart)*(ROW(_xlpm.regB)<=_xlpm.searchEnd)), 1), IF(ISERROR(_xlpm.factorPos), 0, INDEX(_xlpm.regE, _xlpm.factorPos)) )} | J15: {=_xlfn.LET( _xlpm.kpiName, J$2, _xlpm.factorName, $D15, _xlpm.headerText, "Dependent Variable: "&_xlpm.kpiName, _xlpm.regA, '2A Regression'!$A$1:$A$10000, _xlpm.regB, '2A Regression'!$B$1:$B$10000, _xlpm.regE, '2A Regression'!$E$1:$E$10000, _xlpm.headerRow, MATCH(_xlpm.headerText, _xlpm.regA, 0), _xlpm.nextHeaderRow, _xlfn.AGGREGATE(15, 6, ROW(_xlpm.regA)/((LEFT(_xlpm.regA,19)="Dependent Variable:")*(ROW(_xlpm.regA)>_xlpm.headerRow)), 1), _xlpm.searchStart, _xlpm.headerRow, _xlpm.searchEnd, IF(ISERROR(_xlpm.nextHeaderRow), 300, _xlpm.nextHeaderRow-1), _xlpm.factorPos, _xlfn.AGGREGATE(15, 6, ROW(_xlpm.regB)/((_xlpm.regB=_xlpm.factorName)*(ROW(_xlpm.regB)>=_xlpm.searchStart)*(ROW(_xlpm.regB)<=_xlpm.searchEnd)), 1), IF(ISERROR(_xlpm.factorPos), 0, INDEX(_xlpm.regE, _xlpm.factorPos)) )} | K15: {=_xlfn.LET( _xlpm.kpiName, K$2, _xlpm.factorName, $D15, _xlpm.headerText, "Dependent Variable: "&_xlpm.kpiName, _xlpm.regA, '2A Regression'!$A$1:$A$10000, _xlpm.regB, '2A Regression'!$B$1:$B$10000, _xlpm.regE, '2A Regression'!$E$1:$E$10000, _xlpm.headerRow, MATCH(_xlpm.headerText, _xlpm.regA, 0), _xlpm.nextHeaderRow, _xlfn.AGGREGATE(15, 6, ROW(_xlpm.regA)/((LEFT(_xlpm.regA,19)="Dependent Variable:")*(ROW(_xlpm.regA)>_xlpm.headerRow)), 1), _xlpm.searchStart, _xlpm.headerRow, _xlpm.searchEnd, IF(ISERROR(_xlpm.nextHeaderRow), 300, _xlpm.nextHeaderRow-1), _xlpm.factorPos, _xlfn.AGGREGATE(15, 6, ROW(_xlpm.regB)/((_xlpm.regB=_xlpm.factorName)*(ROW(_xlpm.regB)>=_xlpm.searchStart)*(ROW(_xlpm.regB)<=_xlpm.searchEnd)), 1), IF(ISERROR(_xlpm.factorPos), 0, INDEX(_xlpm.regE, _xlpm.factorPos)) )} | L15: {=_xlfn.LET( _xlpm.kpiName, L$2, _xlpm.factorName, $D15, _xlpm.headerText, "Dependent Variable: "&_xlpm.kpiName, _xlpm.regA, '2A Regression'!$A$1:$A$10000, _xlpm.regB, '2A Regression'!$B$1:$B$10000, _xlpm.regE, '2A Regression'!$E$1:$E$10000, _xlpm.headerRow, MATCH(_xlpm.headerText, _xlpm.regA, 0), _xlpm.nextHeaderRow, _xlfn.AGGREGATE(15, 6, ROW(_xlpm.regA)/((LEFT(_xlpm.regA,19)="Dependent Variable:")*(ROW(_xlpm.regA)>_xlpm.headerRow)), 1), _xlpm.searchStart, _xlpm.headerRow, _xlpm.searchEnd, IF(ISERROR(_xlpm.nextHeaderRow), 300, _xlpm.nextHeaderRow-1), _xlpm.factorPos, _xlfn.AGGREGATE(15, 6, ROW(_xlpm.regB)/((_xlpm.regB=_xlpm.factorName)*(ROW(_xlpm.regB)>=_xlpm.searchStart)*(ROW(_xlpm.regB)<=_xlpm.searchEnd)), 1), IF(ISERROR(_xlpm.factorPos), 0, INDEX(_xlpm.regE, _xlpm.factorPos)) )} | ... BB15: {=_xlfn.LET( _xlpm.kpiName, BB$2, _xlpm.factorName, $D15, _xlpm.headerText, "Dependent Variable: "&_xlpm.kpiName, _xlpm.regA, '2A Regression'!$A$1:$A$10000, _xlpm.regB, '2A Regression'!$B$1:$B$10000, _xlpm.regE, '2A Regression'!$E$1:$E$10000, _xlpm.headerRow, MATCH(_xlpm.headerText, _xlpm.regA, 0), _xlpm.nextHeaderRow, _xlfn.AGGREGATE(15, 6, ROW(_xlpm.regA)/((LEFT(_xlpm.regA,19)="Dependent Variable:")*(ROW(_xlpm.regA)>_xlpm.headerRow)), 1), _xlpm.searchStart, _xlpm.headerRow, _xlpm.searchEnd, IF(ISERROR(_xlpm.nextHeaderRow), 300, _xlpm.nextHeaderRow-1), _xlpm.factorPos, _xlfn.AGGREGATE(15, 6, ROW(_xlpm.regB)/((_xlpm.regB=_xlpm.factorName)*(ROW(_xlpm.regB)>=_xlpm.searchStart)*(ROW(_xlpm.regB)<=_xlpm.searchEnd)), 1), IF(ISERROR(_xlpm.factorPos), 0, INDEX(_xlpm.regE, _xlpm.factorPos)) )}
D16: Factor14 | E16: {=_xlfn.LET( _xlpm.kpiName, E$2, _xlpm.factorName, $D16, _xlpm.headerText, "Dependent Variable: "&_xlpm.kpiName, _xlpm.regA, '2A Regression'!$A$1:$A$10000, _xlpm.regB, '2A Regression'!$B$1:$B$10000, _xlpm.regE, '2A Regression'!$E$1:$E$10000, _xlpm.headerRow, MATCH(_xlpm.headerText, _xlpm.regA, 0), _xlpm.nextHeaderRow, _xlfn.AGGREGATE(15, 6, ROW(_xlpm.regA)/((LEFT(_xlpm.regA,19)="Dependent Variable:")*(ROW(_xlpm.regA)>_xlpm.headerRow)), 1), _xlpm.searchStart, _xlpm.headerRow, _xlpm.searchEnd, IF(ISERROR(_xlpm.nextHeaderRow), 300, _xlpm.nextHeaderRow-1), _xlpm.factorPos, _xlfn.AGGREGATE(15, 6, ROW(_xlpm.regB)/((_xlpm.regB=_xlpm.factorName)*(ROW(_xlpm.regB)>=_xlpm.searchStart)*(ROW(_xlpm.regB)<=_xlpm.searchEnd)), 1), IF(ISERROR(_xlpm.factorPos), 0, INDEX(_xlpm.regE, _xlpm.factorPos)) )} | F16: {=_xlfn.LET( _xlpm.kpiName, F$2, _xlpm.factorName, $D16, _xlpm.headerText, "Dependent Variable: "&_xlpm.kpiName, _xlpm.regA, '2A Regression'!$A$1:$A$10000, _xlpm.regB, '2A Regression'!$B$1:$B$10000, _xlpm.regE, '2A Regression'!$E$1:$E$10000, _xlpm.headerRow, MATCH(_xlpm.headerText, _xlpm.regA, 0), _xlpm.nextHeaderRow, _xlfn.AGGREGATE(15, 6, ROW(_xlpm.regA)/((LEFT(_xlpm.regA,19)="Dependent Variable:")*(ROW(_xlpm.regA)>_xlpm.headerRow)), 1), _xlpm.searchStart, _xlpm.headerRow, _xlpm.searchEnd, IF(ISERROR(_xlpm.nextHeaderRow), 300, _xlpm.nextHeaderRow-1), _xlpm.factorPos, _xlfn.AGGREGATE(15, 6, ROW(_xlpm.regB)/((_xlpm.regB=_xlpm.factorName)*(ROW(_xlpm.regB)>=_xlpm.searchStart)*(ROW(_xlpm.regB)<=_xlpm.searchEnd)), 1), IF(ISERROR(_xlpm.factorPos), 0, INDEX(_xlpm.regE, _xlpm.factorPos)) )} | G16: {=_xlfn.LET( _xlpm.kpiName, G$2, _xlpm.factorName, $D16, _xlpm.headerText, "Dependent Variable: "&_xlpm.kpiName, _xlpm.regA, '2A Regression'!$A$1:$A$10000, _xlpm.regB, '2A Regression'!$B$1:$B$10000, _xlpm.regE, '2A Regression'!$E$1:$E$10000, _xlpm.headerRow, MATCH(_xlpm.headerText, _xlpm.regA, 0), _xlpm.nextHeaderRow, _xlfn.AGGREGATE(15, 6, ROW(_xlpm.regA)/((LEFT(_xlpm.regA,19)="Dependent Variable:")*(ROW(_xlpm.regA)>_xlpm.headerRow)), 1), _xlpm.searchStart, _xlpm.headerRow, _xlpm.searchEnd, IF(ISERROR(_xlpm.nextHeaderRow), 300, _xlpm.nextHeaderRow-1), _xlpm.factorPos, _xlfn.AGGREGATE(15, 6, ROW(_xlpm.regB)/((_xlpm.regB=_xlpm.factorName)*(ROW(_xlpm.regB)>=_xlpm.searchStart)*(ROW(_xlpm.regB)<=_xlpm.searchEnd)), 1), IF(ISERROR(_xlpm.factorPos), 0, INDEX(_xlpm.regE, _xlpm.factorPos)) )} | H16: {=_xlfn.LET( _xlpm.kpiName, H$2, _xlpm.factorName, $D16, _xlpm.headerText, "Dependent Variable: "&_xlpm.kpiName, _xlpm.regA, '2A Regression'!$A$1:$A$10000, _xlpm.regB, '2A Regression'!$B$1:$B$10000, _xlpm.regE, '2A Regression'!$E$1:$E$10000, _xlpm.headerRow, MATCH(_xlpm.headerText, _xlpm.regA, 0), _xlpm.nextHeaderRow, _xlfn.AGGREGATE(15, 6, ROW(_xlpm.regA)/((LEFT(_xlpm.regA,19)="Dependent Variable:")*(ROW(_xlpm.regA)>_xlpm.headerRow)), 1), _xlpm.searchStart, _xlpm.headerRow, _xlpm.searchEnd, IF(ISERROR(_xlpm.nextHeaderRow), 300, _xlpm.nextHeaderRow-1), _xlpm.factorPos, _xlfn.AGGREGATE(15, 6, ROW(_xlpm.regB)/((_xlpm.regB=_xlpm.factorName)*(ROW(_xlpm.regB)>=_xlpm.searchStart)*(ROW(_xlpm.regB)<=_xlpm.searchEnd)), 1), IF(ISERROR(_xlpm.factorPos), 0, INDEX(_xlpm.regE, _xlpm.factorPos)) )} | I16: {=_xlfn.LET( _xlpm.kpiName, I$2, _xlpm.factorName, $D16, _xlpm.headerText, "Dependent Variable: "&_xlpm.kpiName, _xlpm.regA, '2A Regression'!$A$1:$A$10000, _xlpm.regB, '2A Regression'!$B$1:$B$10000, _xlpm.regE, '2A Regression'!$E$1:$E$10000, _xlpm.headerRow, MATCH(_xlpm.headerText, _xlpm.regA, 0), _xlpm.nextHeaderRow, _xlfn.AGGREGATE(15, 6, ROW(_xlpm.regA)/((LEFT(_xlpm.regA,19)="Dependent Variable:")*(ROW(_xlpm.regA)>_xlpm.headerRow)), 1), _xlpm.searchStart, _xlpm.headerRow, _xlpm.searchEnd, IF(ISERROR(_xlpm.nextHeaderRow), 300, _xlpm.nextHeaderRow-1), _xlpm.factorPos, _xlfn.AGGREGATE(15, 6, ROW(_xlpm.regB)/((_xlpm.regB=_xlpm.factorName)*(ROW(_xlpm.regB)>=_xlpm.searchStart)*(ROW(_xlpm.regB)<=_xlpm.searchEnd)), 1), IF(ISERROR(_xlpm.factorPos), 0, INDEX(_xlpm.regE, _xlpm.factorPos)) )} | J16: {=_xlfn.LET( _xlpm.kpiName, J$2, _xlpm.factorName, $D16, _xlpm.headerText, "Dependent Variable: "&_xlpm.kpiName, _xlpm.regA, '2A Regression'!$A$1:$A$10000, _xlpm.regB, '2A Regression'!$B$1:$B$10000, _xlpm.regE, '2A Regression'!$E$1:$E$10000, _xlpm.headerRow, MATCH(_xlpm.headerText, _xlpm.regA, 0), _xlpm.nextHeaderRow, _xlfn.AGGREGATE(15, 6, ROW(_xlpm.regA)/((LEFT(_xlpm.regA,19)="Dependent Variable:")*(ROW(_xlpm.regA)>_xlpm.headerRow)), 1), _xlpm.searchStart, _xlpm.headerRow, _xlpm.searchEnd, IF(ISERROR(_xlpm.nextHeaderRow), 300, _xlpm.nextHeaderRow-1), _xlpm.factorPos, _xlfn.AGGREGATE(15, 6, ROW(_xlpm.regB)/((_xlpm.regB=_xlpm.factorName)*(ROW(_xlpm.regB)>=_xlpm.searchStart)*(ROW(_xlpm.regB)<=_xlpm.searchEnd)), 1), IF(ISERROR(_xlpm.factorPos), 0, INDEX(_xlpm.regE, _xlpm.factorPos)) )} | K16: {=_xlfn.LET( _xlpm.kpiName, K$2, _xlpm.factorName, $D16, _xlpm.headerText, "Dependent Variable: "&_xlpm.kpiName, _xlpm.regA, '2A Regression'!$A$1:$A$10000, _xlpm.regB, '2A Regression'!$B$1:$B$10000, _xlpm.regE, '2A Regression'!$E$1:$E$10000, _xlpm.headerRow, MATCH(_xlpm.headerText, _xlpm.regA, 0), _xlpm.nextHeaderRow, _xlfn.AGGREGATE(15, 6, ROW(_xlpm.regA)/((LEFT(_xlpm.regA,19)="Dependent Variable:")*(ROW(_xlpm.regA)>_xlpm.headerRow)), 1), _xlpm.searchStart, _xlpm.headerRow, _xlpm.searchEnd, IF(ISERROR(_xlpm.nextHeaderRow), 300, _xlpm.nextHeaderRow-1), _xlpm.factorPos, _xlfn.AGGREGATE(15, 6, ROW(_xlpm.regB)/((_xlpm.regB=_xlpm.factorName)*(ROW(_xlpm.regB)>=_xlpm.searchStart)*(ROW(_xlpm.regB)<=_xlpm.searchEnd)), 1), IF(ISERROR(_xlpm.factorPos), 0, INDEX(_xlpm.regE, _xlpm.factorPos)) )} | L16: {=_xlfn.LET( _xlpm.kpiName, L$2, _xlpm.factorName, $D16, _xlpm.headerText, "Dependent Variable: "&_xlpm.kpiName, _xlpm.regA, '2A Regression'!$A$1:$A$10000, _xlpm.regB, '2A Regression'!$B$1:$B$10000, _xlpm.regE, '2A Regression'!$E$1:$E$10000, _xlpm.headerRow, MATCH(_xlpm.headerText, _xlpm.regA, 0), _xlpm.nextHeaderRow, _xlfn.AGGREGATE(15, 6, ROW(_xlpm.regA)/((LEFT(_xlpm.regA,19)="Dependent Variable:")*(ROW(_xlpm.regA)>_xlpm.headerRow)), 1), _xlpm.searchStart, _xlpm.headerRow, _xlpm.searchEnd, IF(ISERROR(_xlpm.nextHeaderRow), 300, _xlpm.nextHeaderRow-1), _xlpm.factorPos, _xlfn.AGGREGATE(15, 6, ROW(_xlpm.regB)/((_xlpm.regB=_xlpm.factorName)*(ROW(_xlpm.regB)>=_xlpm.searchStart)*(ROW(_xlpm.regB)<=_xlpm.searchEnd)), 1), IF(ISERROR(_xlpm.factorPos), 0, INDEX(_xlpm.regE, _xlpm.factorPos)) )} | ... BB16: {=_xlfn.LET( _xlpm.kpiName, BB$2, _xlpm.factorName, $D16, _xlpm.headerText, "Dependent Variable: "&_xlpm.kpiName, _xlpm.regA, '2A Regression'!$A$1:$A$10000, _xlpm.regB, '2A Regression'!$B$1:$B$10000, _xlpm.regE, '2A Regression'!$E$1:$E$10000, _xlpm.headerRow, MATCH(_xlpm.headerText, _xlpm.regA, 0), _xlpm.nextHeaderRow, _xlfn.AGGREGATE(15, 6, ROW(_xlpm.regA)/((LEFT(_xlpm.regA,19)="Dependent Variable:")*(ROW(_xlpm.regA)>_xlpm.headerRow)), 1), _xlpm.searchStart, _xlpm.headerRow, _xlpm.searchEnd, IF(ISERROR(_xlpm.nextHeaderRow), 300, _xlpm.nextHeaderRow-1), _xlpm.factorPos, _xlfn.AGGREGATE(15, 6, ROW(_xlpm.regB)/((_xlpm.regB=_xlpm.factorName)*(ROW(_xlpm.regB)>=_xlpm.searchStart)*(ROW(_xlpm.regB)<=_xlpm.searchEnd)), 1), IF(ISERROR(_xlpm.factorPos), 0, INDEX(_xlpm.regE, _xlpm.factorPos)) )}
D17: Factor15 | E17: {=_xlfn.LET( _xlpm.kpiName, E$2, _xlpm.factorName, $D17, _xlpm.headerText, "Dependent Variable: "&_xlpm.kpiName, _xlpm.regA, '2A Regression'!$A$1:$A$10000, _xlpm.regB, '2A Regression'!$B$1:$B$10000, _xlpm.regE, '2A Regression'!$E$1:$E$10000, _xlpm.headerRow, MATCH(_xlpm.headerText, _xlpm.regA, 0), _xlpm.nextHeaderRow, _xlfn.AGGREGATE(15, 6, ROW(_xlpm.regA)/((LEFT(_xlpm.regA,19)="Dependent Variable:")*(ROW(_xlpm.regA)>_xlpm.headerRow)), 1), _xlpm.searchStart, _xlpm.headerRow, _xlpm.searchEnd, IF(ISERROR(_xlpm.nextHeaderRow), 300, _xlpm.nextHeaderRow-1), _xlpm.factorPos, _xlfn.AGGREGATE(15, 6, ROW(_xlpm.regB)/((_xlpm.regB=_xlpm.factorName)*(ROW(_xlpm.regB)>=_xlpm.searchStart)*(ROW(_xlpm.regB)<=_xlpm.searchEnd)), 1), IF(ISERROR(_xlpm.factorPos), 0, INDEX(_xlpm.regE, _xlpm.factorPos)) )} | F17: {=_xlfn.LET( _xlpm.kpiName, F$2, _xlpm.factorName, $D17, _xlpm.headerText, "Dependent Variable: "&_xlpm.kpiName, _xlpm.regA, '2A Regression'!$A$1:$A$10000, _xlpm.regB, '2A Regression'!$B$1:$B$10000, _xlpm.regE, '2A Regression'!$E$1:$E$10000, _xlpm.headerRow, MATCH(_xlpm.headerText, _xlpm.regA, 0), _xlpm.nextHeaderRow, _xlfn.AGGREGATE(15, 6, ROW(_xlpm.regA)/((LEFT(_xlpm.regA,19)="Dependent Variable:")*(ROW(_xlpm.regA)>_xlpm.headerRow)), 1), _xlpm.searchStart, _xlpm.headerRow, _xlpm.searchEnd, IF(ISERROR(_xlpm.nextHeaderRow), 300, _xlpm.nextHeaderRow-1), _xlpm.factorPos, _xlfn.AGGREGATE(15, 6, ROW(_xlpm.regB)/((_xlpm.regB=_xlpm.factorName)*(ROW(_xlpm.regB)>=_xlpm.searchStart)*(ROW(_xlpm.regB)<=_xlpm.searchEnd)), 1), IF(ISERROR(_xlpm.factorPos), 0, INDEX(_xlpm.regE, _xlpm.factorPos)) )} | G17: {=_xlfn.LET( _xlpm.kpiName, G$2, _xlpm.factorName, $D17, _xlpm.headerText, "Dependent Variable: "&_xlpm.kpiName, _xlpm.regA, '2A Regression'!$A$1:$A$10000, _xlpm.regB, '2A Regression'!$B$1:$B$10000, _xlpm.regE, '2A Regression'!$E$1:$E$10000, _xlpm.headerRow, MATCH(_xlpm.headerText, _xlpm.regA, 0), _xlpm.nextHeaderRow, _xlfn.AGGREGATE(15, 6, ROW(_xlpm.regA)/((LEFT(_xlpm.regA,19)="Dependent Variable:")*(ROW(_xlpm.regA)>_xlpm.headerRow)), 1), _xlpm.searchStart, _xlpm.headerRow, _xlpm.searchEnd, IF(ISERROR(_xlpm.nextHeaderRow), 300, _xlpm.nextHeaderRow-1), _xlpm.factorPos, _xlfn.AGGREGATE(15, 6, ROW(_xlpm.regB)/((_xlpm.regB=_xlpm.factorName)*(ROW(_xlpm.regB)>=_xlpm.searchStart)*(ROW(_xlpm.regB)<=_xlpm.searchEnd)), 1), IF(ISERROR(_xlpm.factorPos), 0, INDEX(_xlpm.regE, _xlpm.factorPos)) )} | H17: {=_xlfn.LET( _xlpm.kpiName, H$2, _xlpm.factorName, $D17, _xlpm.headerText, "Dependent Variable: "&_xlpm.kpiName, _xlpm.regA, '2A Regression'!$A$1:$A$10000, _xlpm.regB, '2A Regression'!$B$1:$B$10000, _xlpm.regE, '2A Regression'!$E$1:$E$10000, _xlpm.headerRow, MATCH(_xlpm.headerText, _xlpm.regA, 0), _xlpm.nextHeaderRow, _xlfn.AGGREGATE(15, 6, ROW(_xlpm.regA)/((LEFT(_xlpm.regA,19)="Dependent Variable:")*(ROW(_xlpm.regA)>_xlpm.headerRow)), 1), _xlpm.searchStart, _xlpm.headerRow, _xlpm.searchEnd, IF(ISERROR(_xlpm.nextHeaderRow), 300, _xlpm.nextHeaderRow-1), _xlpm.factorPos, _xlfn.AGGREGATE(15, 6, ROW(_xlpm.regB)/((_xlpm.regB=_xlpm.factorName)*(ROW(_xlpm.regB)>=_xlpm.searchStart)*(ROW(_xlpm.regB)<=_xlpm.searchEnd)), 1), IF(ISERROR(_xlpm.factorPos), 0, INDEX(_xlpm.regE, _xlpm.factorPos)) )} | I17: {=_xlfn.LET( _xlpm.kpiName, I$2, _xlpm.factorName, $D17, _xlpm.headerText, "Dependent Variable: "&_xlpm.kpiName, _xlpm.regA, '2A Regression'!$A$1:$A$10000, _xlpm.regB, '2A Regression'!$B$1:$B$10000, _xlpm.regE, '2A Regression'!$E$1:$E$10000, _xlpm.headerRow, MATCH(_xlpm.headerText, _xlpm.regA, 0), _xlpm.nextHeaderRow, _xlfn.AGGREGATE(15, 6, ROW(_xlpm.regA)/((LEFT(_xlpm.regA,19)="Dependent Variable:")*(ROW(_xlpm.regA)>_xlpm.headerRow)), 1), _xlpm.searchStart, _xlpm.headerRow, _xlpm.searchEnd, IF(ISERROR(_xlpm.nextHeaderRow), 300, _xlpm.nextHeaderRow-1), _xlpm.factorPos, _xlfn.AGGREGATE(15, 6, ROW(_xlpm.regB)/((_xlpm.regB=_xlpm.factorName)*(ROW(_xlpm.regB)>=_xlpm.searchStart)*(ROW(_xlpm.regB)<=_xlpm.searchEnd)), 1), IF(ISERROR(_xlpm.factorPos), 0, INDEX(_xlpm.regE, _xlpm.factorPos)) )} | J17: {=_xlfn.LET( _xlpm.kpiName, J$2, _xlpm.factorName, $D17, _xlpm.headerText, "Dependent Variable: "&_xlpm.kpiName, _xlpm.regA, '2A Regression'!$A$1:$A$10000, _xlpm.regB, '2A Regression'!$B$1:$B$10000, _xlpm.regE, '2A Regression'!$E$1:$E$10000, _xlpm.headerRow, MATCH(_xlpm.headerText, _xlpm.regA, 0), _xlpm.nextHeaderRow, _xlfn.AGGREGATE(15, 6, ROW(_xlpm.regA)/((LEFT(_xlpm.regA,19)="Dependent Variable:")*(ROW(_xlpm.regA)>_xlpm.headerRow)), 1), _xlpm.searchStart, _xlpm.headerRow, _xlpm.searchEnd, IF(ISERROR(_xlpm.nextHeaderRow), 300, _xlpm.nextHeaderRow-1), _xlpm.factorPos, _xlfn.AGGREGATE(15, 6, ROW(_xlpm.regB)/((_xlpm.regB=_xlpm.factorName)*(ROW(_xlpm.regB)>=_xlpm.searchStart)*(ROW(_xlpm.regB)<=_xlpm.searchEnd)), 1), IF(ISERROR(_xlpm.factorPos), 0, INDEX(_xlpm.regE, _xlpm.factorPos)) )} | K17: {=_xlfn.LET( _xlpm.kpiName, K$2, _xlpm.factorName, $D17, _xlpm.headerText, "Dependent Variable: "&_xlpm.kpiName, _xlpm.regA, '2A Regression'!$A$1:$A$10000, _xlpm.regB, '2A Regression'!$B$1:$B$10000, _xlpm.regE, '2A Regression'!$E$1:$E$10000, _xlpm.headerRow, MATCH(_xlpm.headerText, _xlpm.regA, 0), _xlpm.nextHeaderRow, _xlfn.AGGREGATE(15, 6, ROW(_xlpm.regA)/((LEFT(_xlpm.regA,19)="Dependent Variable:")*(ROW(_xlpm.regA)>_xlpm.headerRow)), 1), _xlpm.searchStart, _xlpm.headerRow, _xlpm.searchEnd, IF(ISERROR(_xlpm.nextHeaderRow), 300, _xlpm.nextHeaderRow-1), _xlpm.factorPos, _xlfn.AGGREGATE(15, 6, ROW(_xlpm.regB)/((_xlpm.regB=_xlpm.factorName)*(ROW(_xlpm.regB)>=_xlpm.searchStart)*(ROW(_xlpm.regB)<=_xlpm.searchEnd)), 1), IF(ISERROR(_xlpm.factorPos), 0, INDEX(_xlpm.regE, _xlpm.factorPos)) )} | L17: {=_xlfn.LET( _xlpm.kpiName, L$2, _xlpm.factorName, $D17, _xlpm.headerText, "Dependent Variable: "&_xlpm.kpiName, _xlpm.regA, '2A Regression'!$A$1:$A$10000, _xlpm.regB, '2A Regression'!$B$1:$B$10000, _xlpm.regE, '2A Regression'!$E$1:$E$10000, _xlpm.headerRow, MATCH(_xlpm.headerText, _xlpm.regA, 0), _xlpm.nextHeaderRow, _xlfn.AGGREGATE(15, 6, ROW(_xlpm.regA)/((LEFT(_xlpm.regA,19)="Dependent Variable:")*(ROW(_xlpm.regA)>_xlpm.headerRow)), 1), _xlpm.searchStart, _xlpm.headerRow, _xlpm.searchEnd, IF(ISERROR(_xlpm.nextHeaderRow), 300, _xlpm.nextHeaderRow-1), _xlpm.factorPos, _xlfn.AGGREGATE(15, 6, ROW(_xlpm.regB)/((_xlpm.regB=_xlpm.factorName)*(ROW(_xlpm.regB)>=_xlpm.searchStart)*(ROW(_xlpm.regB)<=_xlpm.searchEnd)), 1), IF(ISERROR(_xlpm.factorPos), 0, INDEX(_xlpm.regE, _xlpm.factorPos)) )} | ... BB17: {=_xlfn.LET( _xlpm.kpiName, BB$2, _xlpm.factorName, $D17, _xlpm.headerText, "Dependent Variable: "&_xlpm.kpiName, _xlpm.regA, '2A Regression'!$A$1:$A$10000, _xlpm.regB, '2A Regression'!$B$1:$B$10000, _xlpm.regE, '2A Regression'!$E$1:$E$10000, _xlpm.headerRow, MATCH(_xlpm.headerText, _xlpm.regA, 0), _xlpm.nextHeaderRow, _xlfn.AGGREGATE(15, 6, ROW(_xlpm.regA)/((LEFT(_xlpm.regA,19)="Dependent Variable:")*(ROW(_xlpm.regA)>_xlpm.headerRow)), 1), _xlpm.searchStart, _xlpm.headerRow, _xlpm.searchEnd, IF(ISERROR(_xlpm.nextHeaderRow), 300, _xlpm.nextHeaderRow-1), _xlpm.factorPos, _xlfn.AGGREGATE(15, 6, ROW(_xlpm.regB)/((_xlpm.regB=_xlpm.factorName)*(ROW(_xlpm.regB)>=_xlpm.searchStart)*(ROW(_xlpm.regB)<=_xlpm.searchEnd)), 1), IF(ISERROR(_xlpm.factorPos), 0, INDEX(_xlpm.regE, _xlpm.factorPos)) )}
D18: Factor16 | E18: {=_xlfn.LET( _xlpm.kpiName, E$2, _xlpm.factorName, $D18, _xlpm.headerText, "Dependent Variable: "&_xlpm.kpiName, _xlpm.regA, '2A Regression'!$A$1:$A$10000, _xlpm.regB, '2A Regression'!$B$1:$B$10000, _xlpm.regE, '2A Regression'!$E$1:$E$10000, _xlpm.headerRow, MATCH(_xlpm.headerText, _xlpm.regA, 0), _xlpm.nextHeaderRow, _xlfn.AGGREGATE(15, 6, ROW(_xlpm.regA)/((LEFT(_xlpm.regA,19)="Dependent Variable:")*(ROW(_xlpm.regA)>_xlpm.headerRow)), 1), _xlpm.searchStart, _xlpm.headerRow, _xlpm.searchEnd, IF(ISERROR(_xlpm.nextHeaderRow), 300, _xlpm.nextHeaderRow-1), _xlpm.factorPos, _xlfn.AGGREGATE(15, 6, ROW(_xlpm.regB)/((_xlpm.regB=_xlpm.factorName)*(ROW(_xlpm.regB)>=_xlpm.searchStart)*(ROW(_xlpm.regB)<=_xlpm.searchEnd)), 1), IF(ISERROR(_xlpm.factorPos), 0, INDEX(_xlpm.regE, _xlpm.factorPos)) )} | F18: {=_xlfn.LET( _xlpm.kpiName, F$2, _xlpm.factorName, $D18, _xlpm.headerText, "Dependent Variable: "&_xlpm.kpiName, _xlpm.regA, '2A Regression'!$A$1:$A$10000, _xlpm.regB, '2A Regression'!$B$1:$B$10000, _xlpm.regE, '2A Regression'!$E$1:$E$10000, _xlpm.headerRow, MATCH(_xlpm.headerText, _xlpm.regA, 0), _xlpm.nextHeaderRow, _xlfn.AGGREGATE(15, 6, ROW(_xlpm.regA)/((LEFT(_xlpm.regA,19)="Dependent Variable:")*(ROW(_xlpm.regA)>_xlpm.headerRow)), 1), _xlpm.searchStart, _xlpm.headerRow, _xlpm.searchEnd, IF(ISERROR(_xlpm.nextHeaderRow), 300, _xlpm.nextHeaderRow-1), _xlpm.factorPos, _xlfn.AGGREGATE(15, 6, ROW(_xlpm.regB)/((_xlpm.regB=_xlpm.factorName)*(ROW(_xlpm.regB)>=_xlpm.searchStart)*(ROW(_xlpm.regB)<=_xlpm.searchEnd)), 1), IF(ISERROR(_xlpm.factorPos), 0, INDEX(_xlpm.regE, _xlpm.factorPos)) )} | G18: {=_xlfn.LET( _xlpm.kpiName, G$2, _xlpm.factorName, $D18, _xlpm.headerText, "Dependent Variable: "&_xlpm.kpiName, _xlpm.regA, '2A Regression'!$A$1:$A$10000, _xlpm.regB, '2A Regression'!$B$1:$B$10000, _xlpm.regE, '2A Regression'!$E$1:$E$10000, _xlpm.headerRow, MATCH(_xlpm.headerText, _xlpm.regA, 0), _xlpm.nextHeaderRow, _xlfn.AGGREGATE(15, 6, ROW(_xlpm.regA)/((LEFT(_xlpm.regA,19)="Dependent Variable:")*(ROW(_xlpm.regA)>_xlpm.headerRow)), 1), _xlpm.searchStart, _xlpm.headerRow, _xlpm.searchEnd, IF(ISERROR(_xlpm.nextHeaderRow), 300, _xlpm.nextHeaderRow-1), _xlpm.factorPos, _xlfn.AGGREGATE(15, 6, ROW(_xlpm.regB)/((_xlpm.regB=_xlpm.factorName)*(ROW(_xlpm.regB)>=_xlpm.searchStart)*(ROW(_xlpm.regB)<=_xlpm.searchEnd)), 1), IF(ISERROR(_xlpm.factorPos), 0, INDEX(_xlpm.regE, _xlpm.factorPos)) )} | H18: {=_xlfn.LET( _xlpm.kpiName, H$2, _xlpm.factorName, $D18, _xlpm.headerText, "Dependent Variable: "&_xlpm.kpiName, _xlpm.regA, '2A Regression'!$A$1:$A$10000, _xlpm.regB, '2A Regression'!$B$1:$B$10000, _xlpm.regE, '2A Regression'!$E$1:$E$10000, _xlpm.headerRow, MATCH(_xlpm.headerText, _xlpm.regA, 0), _xlpm.nextHeaderRow, _xlfn.AGGREGATE(15, 6, ROW(_xlpm.regA)/((LEFT(_xlpm.regA,19)="Dependent Variable:")*(ROW(_xlpm.regA)>_xlpm.headerRow)), 1), _xlpm.searchStart, _xlpm.headerRow, _xlpm.searchEnd, IF(ISERROR(_xlpm.nextHeaderRow), 300, _xlpm.nextHeaderRow-1), _xlpm.factorPos, _xlfn.AGGREGATE(15, 6, ROW(_xlpm.regB)/((_xlpm.regB=_xlpm.factorName)*(ROW(_xlpm.regB)>=_xlpm.searchStart)*(ROW(_xlpm.regB)<=_xlpm.searchEnd)), 1), IF(ISERROR(_xlpm.factorPos), 0, INDEX(_xlpm.regE, _xlpm.factorPos)) )} | I18: {=_xlfn.LET( _xlpm.kpiName, I$2, _xlpm.factorName, $D18, _xlpm.headerText, "Dependent Variable: "&_xlpm.kpiName, _xlpm.regA, '2A Regression'!$A$1:$A$10000, _xlpm.regB, '2A Regression'!$B$1:$B$10000, _xlpm.regE, '2A Regression'!$E$1:$E$10000, _xlpm.headerRow, MATCH(_xlpm.headerText, _xlpm.regA, 0), _xlpm.nextHeaderRow, _xlfn.AGGREGATE(15, 6, ROW(_xlpm.regA)/((LEFT(_xlpm.regA,19)="Dependent Variable:")*(ROW(_xlpm.regA)>_xlpm.headerRow)), 1), _xlpm.searchStart, _xlpm.headerRow, _xlpm.searchEnd, IF(ISERROR(_xlpm.nextHeaderRow), 300, _xlpm.nextHeaderRow-1), _xlpm.factorPos, _xlfn.AGGREGATE(15, 6, ROW(_xlpm.regB)/((_xlpm.regB=_xlpm.factorName)*(ROW(_xlpm.regB)>=_xlpm.searchStart)*(ROW(_xlpm.regB)<=_xlpm.searchEnd)), 1), IF(ISERROR(_xlpm.factorPos), 0, INDEX(_xlpm.regE, _xlpm.factorPos)) )} | J18: {=_xlfn.LET( _xlpm.kpiName, J$2, _xlpm.factorName, $D18, _xlpm.headerText, "Dependent Variable: "&_xlpm.kpiName, _xlpm.regA, '2A Regression'!$A$1:$A$10000, _xlpm.regB, '2A Regression'!$B$1:$B$10000, _xlpm.regE, '2A Regression'!$E$1:$E$10000, _xlpm.headerRow, MATCH(_xlpm.headerText, _xlpm.regA, 0), _xlpm.nextHeaderRow, _xlfn.AGGREGATE(15, 6, ROW(_xlpm.regA)/((LEFT(_xlpm.regA,19)="Dependent Variable:")*(ROW(_xlpm.regA)>_xlpm.headerRow)), 1), _xlpm.searchStart, _xlpm.headerRow, _xlpm.searchEnd, IF(ISERROR(_xlpm.nextHeaderRow), 300, _xlpm.nextHeaderRow-1), _xlpm.factorPos, _xlfn.AGGREGATE(15, 6, ROW(_xlpm.regB)/((_xlpm.regB=_xlpm.factorName)*(ROW(_xlpm.regB)>=_xlpm.searchStart)*(ROW(_xlpm.regB)<=_xlpm.searchEnd)), 1), IF(ISERROR(_xlpm.factorPos), 0, INDEX(_xlpm.regE, _xlpm.factorPos)) )} | K18: {=_xlfn.LET( _xlpm.kpiName, K$2, _xlpm.factorName, $D18, _xlpm.headerText, "Dependent Variable: "&_xlpm.kpiName, _xlpm.regA, '2A Regression'!$A$1:$A$10000, _xlpm.regB, '2A Regression'!$B$1:$B$10000, _xlpm.regE, '2A Regression'!$E$1:$E$10000, _xlpm.headerRow, MATCH(_xlpm.headerText, _xlpm.regA, 0), _xlpm.nextHeaderRow, _xlfn.AGGREGATE(15, 6, ROW(_xlpm.regA)/((LEFT(_xlpm.regA,19)="Dependent Variable:")*(ROW(_xlpm.regA)>_xlpm.headerRow)), 1), _xlpm.searchStart, _xlpm.headerRow, _xlpm.searchEnd, IF(ISERROR(_xlpm.nextHeaderRow), 300, _xlpm.nextHeaderRow-1), _xlpm.factorPos, _xlfn.AGGREGATE(15, 6, ROW(_xlpm.regB)/((_xlpm.regB=_xlpm.factorName)*(ROW(_xlpm.regB)>=_xlpm.searchStart)*(ROW(_xlpm.regB)<=_xlpm.searchEnd)), 1), IF(ISERROR(_xlpm.factorPos), 0, INDEX(_xlpm.regE, _xlpm.factorPos)) )} | L18: {=_xlfn.LET( _xlpm.kpiName, L$2, _xlpm.factorName, $D18, _xlpm.headerText, "Dependent Variable: "&_xlpm.kpiName, _xlpm.regA, '2A Regression'!$A$1:$A$10000, _xlpm.regB, '2A Regression'!$B$1:$B$10000, _xlpm.regE, '2A Regression'!$E$1:$E$10000, _xlpm.headerRow, MATCH(_xlpm.headerText, _xlpm.regA, 0), _xlpm.nextHeaderRow, _xlfn.AGGREGATE(15, 6, ROW(_xlpm.regA)/((LEFT(_xlpm.regA,19)="Dependent Variable:")*(ROW(_xlpm.regA)>_xlpm.headerRow)), 1), _xlpm.searchStart, _xlpm.headerRow, _xlpm.searchEnd, IF(ISERROR(_xlpm.nextHeaderRow), 300, _xlpm.nextHeaderRow-1), _xlpm.factorPos, _xlfn.AGGREGATE(15, 6, ROW(_xlpm.regB)/((_xlpm.regB=_xlpm.factorName)*(ROW(_xlpm.regB)>=_xlpm.searchStart)*(ROW(_xlpm.regB)<=_xlpm.searchEnd)), 1), IF(ISERROR(_xlpm.factorPos), 0, INDEX(_xlpm.regE, _xlpm.factorPos)) )} | ... BB18: {=_xlfn.LET( _xlpm.kpiName, BB$2, _xlpm.factorName, $D18, _xlpm.headerText, "Dependent Variable: "&_xlpm.kpiName, _xlpm.regA, '2A Regression'!$A$1:$A$10000, _xlpm.regB, '2A Regression'!$B$1:$B$10000, _xlpm.regE, '2A Regression'!$E$1:$E$10000, _xlpm.headerRow, MATCH(_xlpm.headerText, _xlpm.regA, 0), _xlpm.nextHeaderRow, _xlfn.AGGREGATE(15, 6, ROW(_xlpm.regA)/((LEFT(_xlpm.regA,19)="Dependent Variable:")*(ROW(_xlpm.regA)>_xlpm.headerRow)), 1), _xlpm.searchStart, _xlpm.headerRow, _xlpm.searchEnd, IF(ISERROR(_xlpm.nextHeaderRow), 300, _xlpm.nextHeaderRow-1), _xlpm.factorPos, _xlfn.AGGREGATE(15, 6, ROW(_xlpm.regB)/((_xlpm.regB=_xlpm.factorName)*(ROW(_xlpm.regB)>=_xlpm.searchStart)*(ROW(_xlpm.regB)<=_xlpm.searchEnd)), 1), IF(ISERROR(_xlpm.factorPos), 0, INDEX(_xlpm.regE, _xlpm.factorPos)) )}
D19: Factor17 | E19: {=_xlfn.LET( _xlpm.kpiName, E$2, _xlpm.factorName, $D19, _xlpm.headerText, "Dependent Variable: "&_xlpm.kpiName, _xlpm.regA, '2A Regression'!$A$1:$A$10000, _xlpm.regB, '2A Regression'!$B$1:$B$10000, _xlpm.regE, '2A Regression'!$E$1:$E$10000, _xlpm.headerRow, MATCH(_xlpm.headerText, _xlpm.regA, 0), _xlpm.nextHeaderRow, _xlfn.AGGREGATE(15, 6, ROW(_xlpm.regA)/((LEFT(_xlpm.regA,19)="Dependent Variable:")*(ROW(_xlpm.regA)>_xlpm.headerRow)), 1), _xlpm.searchStart, _xlpm.headerRow, _xlpm.searchEnd, IF(ISERROR(_xlpm.nextHeaderRow), 300, _xlpm.nextHeaderRow-1), _xlpm.factorPos, _xlfn.AGGREGATE(15, 6, ROW(_xlpm.regB)/((_xlpm.regB=_xlpm.factorName)*(ROW(_xlpm.regB)>=_xlpm.searchStart)*(ROW(_xlpm.regB)<=_xlpm.searchEnd)), 1), IF(ISERROR(_xlpm.factorPos), 0, INDEX(_xlpm.regE, _xlpm.factorPos)) )} | F19: {=_xlfn.LET( _xlpm.kpiName, F$2, _xlpm.factorName, $D19, _xlpm.headerText, "Dependent Variable: "&_xlpm.kpiName, _xlpm.regA, '2A Regression'!$A$1:$A$10000, _xlpm.regB, '2A Regression'!$B$1:$B$10000, _xlpm.regE, '2A Regression'!$E$1:$E$10000, _xlpm.headerRow, MATCH(_xlpm.headerText, _xlpm.regA, 0), _xlpm.nextHeaderRow, _xlfn.AGGREGATE(15, 6, ROW(_xlpm.regA)/((LEFT(_xlpm.regA,19)="Dependent Variable:")*(ROW(_xlpm.regA)>_xlpm.headerRow)), 1), _xlpm.searchStart, _xlpm.headerRow, _xlpm.searchEnd, IF(ISERROR(_xlpm.nextHeaderRow), 300, _xlpm.nextHeaderRow-1), _xlpm.factorPos, _xlfn.AGGREGATE(15, 6, ROW(_xlpm.regB)/((_xlpm.regB=_xlpm.factorName)*(ROW(_xlpm.regB)>=_xlpm.searchStart)*(ROW(_xlpm.regB)<=_xlpm.searchEnd)), 1), IF(ISERROR(_xlpm.factorPos), 0, INDEX(_xlpm.regE, _xlpm.factorPos)) )} | G19: {=_xlfn.LET( _xlpm.kpiName, G$2, _xlpm.factorName, $D19, _xlpm.headerText, "Dependent Variable: "&_xlpm.kpiName, _xlpm.regA, '2A Regression'!$A$1:$A$10000, _xlpm.regB, '2A Regression'!$B$1:$B$10000, _xlpm.regE, '2A Regression'!$E$1:$E$10000, _xlpm.headerRow, MATCH(_xlpm.headerText, _xlpm.regA, 0), _xlpm.nextHeaderRow, _xlfn.AGGREGATE(15, 6, ROW(_xlpm.regA)/((LEFT(_xlpm.regA,19)="Dependent Variable:")*(ROW(_xlpm.regA)>_xlpm.headerRow)), 1), _xlpm.searchStart, _xlpm.headerRow, _xlpm.searchEnd, IF(ISERROR(_xlpm.nextHeaderRow), 300, _xlpm.nextHeaderRow-1), _xlpm.factorPos, _xlfn.AGGREGATE(15, 6, ROW(_xlpm.regB)/((_xlpm.regB=_xlpm.factorName)*(ROW(_xlpm.regB)>=_xlpm.searchStart)*(ROW(_xlpm.regB)<=_xlpm.searchEnd)), 1), IF(ISERROR(_xlpm.factorPos), 0, INDEX(_xlpm.regE, _xlpm.factorPos)) )} | H19: {=_xlfn.LET( _xlpm.kpiName, H$2, _xlpm.factorName, $D19, _xlpm.headerText, "Dependent Variable: "&_xlpm.kpiName, _xlpm.regA, '2A Regression'!$A$1:$A$10000, _xlpm.regB, '2A Regression'!$B$1:$B$10000, _xlpm.regE, '2A Regression'!$E$1:$E$10000, _xlpm.headerRow, MATCH(_xlpm.headerText, _xlpm.regA, 0), _xlpm.nextHeaderRow, _xlfn.AGGREGATE(15, 6, ROW(_xlpm.regA)/((LEFT(_xlpm.regA,19)="Dependent Variable:")*(ROW(_xlpm.regA)>_xlpm.headerRow)), 1), _xlpm.searchStart, _xlpm.headerRow, _xlpm.searchEnd, IF(ISERROR(_xlpm.nextHeaderRow), 300, _xlpm.nextHeaderRow-1), _xlpm.factorPos, _xlfn.AGGREGATE(15, 6, ROW(_xlpm.regB)/((_xlpm.regB=_xlpm.factorName)*(ROW(_xlpm.regB)>=_xlpm.searchStart)*(ROW(_xlpm.regB)<=_xlpm.searchEnd)), 1), IF(ISERROR(_xlpm.factorPos), 0, INDEX(_xlpm.regE, _xlpm.factorPos)) )} | I19: {=_xlfn.LET( _xlpm.kpiName, I$2, _xlpm.factorName, $D19, _xlpm.headerText, "Dependent Variable: "&_xlpm.kpiName, _xlpm.regA, '2A Regression'!$A$1:$A$10000, _xlpm.regB, '2A Regression'!$B$1:$B$10000, _xlpm.regE, '2A Regression'!$E$1:$E$10000, _xlpm.headerRow, MATCH(_xlpm.headerText, _xlpm.regA, 0), _xlpm.nextHeaderRow, _xlfn.AGGREGATE(15, 6, ROW(_xlpm.regA)/((LEFT(_xlpm.regA,19)="Dependent Variable:")*(ROW(_xlpm.regA)>_xlpm.headerRow)), 1), _xlpm.searchStart, _xlpm.headerRow, _xlpm.searchEnd, IF(ISERROR(_xlpm.nextHeaderRow), 300, _xlpm.nextHeaderRow-1), _xlpm.factorPos, _xlfn.AGGREGATE(15, 6, ROW(_xlpm.regB)/((_xlpm.regB=_xlpm.factorName)*(ROW(_xlpm.regB)>=_xlpm.searchStart)*(ROW(_xlpm.regB)<=_xlpm.searchEnd)), 1), IF(ISERROR(_xlpm.factorPos), 0, INDEX(_xlpm.regE, _xlpm.factorPos)) )} | J19: {=_xlfn.LET( _xlpm.kpiName, J$2, _xlpm.factorName, $D19, _xlpm.headerText, "Dependent Variable: "&_xlpm.kpiName, _xlpm.regA, '2A Regression'!$A$1:$A$10000, _xlpm.regB, '2A Regression'!$B$1:$B$10000, _xlpm.regE, '2A Regression'!$E$1:$E$10000, _xlpm.headerRow, MATCH(_xlpm.headerText, _xlpm.regA, 0), _xlpm.nextHeaderRow, _xlfn.AGGREGATE(15, 6, ROW(_xlpm.regA)/((LEFT(_xlpm.regA,19)="Dependent Variable:")*(ROW(_xlpm.regA)>_xlpm.headerRow)), 1), _xlpm.searchStart, _xlpm.headerRow, _xlpm.searchEnd, IF(ISERROR(_xlpm.nextHeaderRow), 300, _xlpm.nextHeaderRow-1), _xlpm.factorPos, _xlfn.AGGREGATE(15, 6, ROW(_xlpm.regB)/((_xlpm.regB=_xlpm.factorName)*(ROW(_xlpm.regB)>=_xlpm.searchStart)*(ROW(_xlpm.regB)<=_xlpm.searchEnd)), 1), IF(ISERROR(_xlpm.factorPos), 0, INDEX(_xlpm.regE, _xlpm.factorPos)) )} | K19: {=_xlfn.LET( _xlpm.kpiName, K$2, _xlpm.factorName, $D19, _xlpm.headerText, "Dependent Variable: "&_xlpm.kpiName, _xlpm.regA, '2A Regression'!$A$1:$A$10000, _xlpm.regB, '2A Regression'!$B$1:$B$10000, _xlpm.regE, '2A Regression'!$E$1:$E$10000, _xlpm.headerRow, MATCH(_xlpm.headerText, _xlpm.regA, 0), _xlpm.nextHeaderRow, _xlfn.AGGREGATE(15, 6, ROW(_xlpm.regA)/((LEFT(_xlpm.regA,19)="Dependent Variable:")*(ROW(_xlpm.regA)>_xlpm.headerRow)), 1), _xlpm.searchStart, _xlpm.headerRow, _xlpm.searchEnd, IF(ISERROR(_xlpm.nextHeaderRow), 300, _xlpm.nextHeaderRow-1), _xlpm.factorPos, _xlfn.AGGREGATE(15, 6, ROW(_xlpm.regB)/((_xlpm.regB=_xlpm.factorName)*(ROW(_xlpm.regB)>=_xlpm.searchStart)*(ROW(_xlpm.regB)<=_xlpm.searchEnd)), 1), IF(ISERROR(_xlpm.factorPos), 0, INDEX(_xlpm.regE, _xlpm.factorPos)) )} | L19: {=_xlfn.LET( _xlpm.kpiName, L$2, _xlpm.factorName, $D19, _xlpm.headerText, "Dependent Variable: "&_xlpm.kpiName, _xlpm.regA, '2A Regression'!$A$1:$A$10000, _xlpm.regB, '2A Regression'!$B$1:$B$10000, _xlpm.regE, '2A Regression'!$E$1:$E$10000, _xlpm.headerRow, MATCH(_xlpm.headerText, _xlpm.regA, 0), _xlpm.nextHeaderRow, _xlfn.AGGREGATE(15, 6, ROW(_xlpm.regA)/((LEFT(_xlpm.regA,19)="Dependent Variable:")*(ROW(_xlpm.regA)>_xlpm.headerRow)), 1), _xlpm.searchStart, _xlpm.headerRow, _xlpm.searchEnd, IF(ISERROR(_xlpm.nextHeaderRow), 300, _xlpm.nextHeaderRow-1), _xlpm.factorPos, _xlfn.AGGREGATE(15, 6, ROW(_xlpm.regB)/((_xlpm.regB=_xlpm.factorName)*(ROW(_xlpm.regB)>=_xlpm.searchStart)*(ROW(_xlpm.regB)<=_xlpm.searchEnd)), 1), IF(ISERROR(_xlpm.factorPos), 0, INDEX(_xlpm.regE, _xlpm.factorPos)) )} | ... BB19: {=_xlfn.LET( _xlpm.kpiName, BB$2, _xlpm.factorName, $D19, _xlpm.headerText, "Dependent Variable: "&_xlpm.kpiName, _xlpm.regA, '2A Regression'!$A$1:$A$10000, _xlpm.regB, '2A Regression'!$B$1:$B$10000, _xlpm.regE, '2A Regression'!$E$1:$E$10000, _xlpm.headerRow, MATCH(_xlpm.headerText, _xlpm.regA, 0), _xlpm.nextHeaderRow, _xlfn.AGGREGATE(15, 6, ROW(_xlpm.regA)/((LEFT(_xlpm.regA,19)="Dependent Variable:")*(ROW(_xlpm.regA)>_xlpm.headerRow)), 1), _xlpm.searchStart, _xlpm.headerRow, _xlpm.searchEnd, IF(ISERROR(_xlpm.nextHeaderRow), 300, _xlpm.nextHeaderRow-1), _xlpm.factorPos, _xlfn.AGGREGATE(15, 6, ROW(_xlpm.regB)/((_xlpm.regB=_xlpm.factorName)*(ROW(_xlpm.regB)>=_xlpm.searchStart)*(ROW(_xlpm.regB)<=_xlpm.searchEnd)), 1), IF(ISERROR(_xlpm.factorPos), 0, INDEX(_xlpm.regE, _xlpm.factorPos)) )}
D20: Factor18 | E20: {=_xlfn.LET( _xlpm.kpiName, E$2, _xlpm.factorName, $D20, _xlpm.headerText, "Dependent Variable: "&_xlpm.kpiName, _xlpm.regA, '2A Regression'!$A$1:$A$10000, _xlpm.regB, '2A Regression'!$B$1:$B$10000, _xlpm.regE, '2A Regression'!$E$1:$E$10000, _xlpm.headerRow, MATCH(_xlpm.headerText, _xlpm.regA, 0), _xlpm.nextHeaderRow, _xlfn.AGGREGATE(15, 6, ROW(_xlpm.regA)/((LEFT(_xlpm.regA,19)="Dependent Variable:")*(ROW(_xlpm.regA)>_xlpm.headerRow)), 1), _xlpm.searchStart, _xlpm.headerRow, _xlpm.searchEnd, IF(ISERROR(_xlpm.nextHeaderRow), 300, _xlpm.nextHeaderRow-1), _xlpm.factorPos, _xlfn.AGGREGATE(15, 6, ROW(_xlpm.regB)/((_xlpm.regB=_xlpm.factorName)*(ROW(_xlpm.regB)>=_xlpm.searchStart)*(ROW(_xlpm.regB)<=_xlpm.searchEnd)), 1), IF(ISERROR(_xlpm.factorPos), 0, INDEX(_xlpm.regE, _xlpm.factorPos)) )} | F20: {=_xlfn.LET( _xlpm.kpiName, F$2, _xlpm.factorName, $D20, _xlpm.headerText, "Dependent Variable: "&_xlpm.kpiName, _xlpm.regA, '2A Regression'!$A$1:$A$10000, _xlpm.regB, '2A Regression'!$B$1:$B$10000, _xlpm.regE, '2A Regression'!$E$1:$E$10000, _xlpm.headerRow, MATCH(_xlpm.headerText, _xlpm.regA, 0), _xlpm.nextHeaderRow, _xlfn.AGGREGATE(15, 6, ROW(_xlpm.regA)/((LEFT(_xlpm.regA,19)="Dependent Variable:")*(ROW(_xlpm.regA)>_xlpm.headerRow)), 1), _xlpm.searchStart, _xlpm.headerRow, _xlpm.searchEnd, IF(ISERROR(_xlpm.nextHeaderRow), 300, _xlpm.nextHeaderRow-1), _xlpm.factorPos, _xlfn.AGGREGATE(15, 6, ROW(_xlpm.regB)/((_xlpm.regB=_xlpm.factorName)*(ROW(_xlpm.regB)>=_xlpm.searchStart)*(ROW(_xlpm.regB)<=_xlpm.searchEnd)), 1), IF(ISERROR(_xlpm.factorPos), 0, INDEX(_xlpm.regE, _xlpm.factorPos)) )} | G20: {=_xlfn.LET( _xlpm.kpiName, G$2, _xlpm.factorName, $D20, _xlpm.headerText, "Dependent Variable: "&_xlpm.kpiName, _xlpm.regA, '2A Regression'!$A$1:$A$10000, _xlpm.regB, '2A Regression'!$B$1:$B$10000, _xlpm.regE, '2A Regression'!$E$1:$E$10000, _xlpm.headerRow, MATCH(_xlpm.headerText, _xlpm.regA, 0), _xlpm.nextHeaderRow, _xlfn.AGGREGATE(15, 6, ROW(_xlpm.regA)/((LEFT(_xlpm.regA,19)="Dependent Variable:")*(ROW(_xlpm.regA)>_xlpm.headerRow)), 1), _xlpm.searchStart, _xlpm.headerRow, _xlpm.searchEnd, IF(ISERROR(_xlpm.nextHeaderRow), 300, _xlpm.nextHeaderRow-1), _xlpm.factorPos, _xlfn.AGGREGATE(15, 6, ROW(_xlpm.regB)/((_xlpm.regB=_xlpm.factorName)*(ROW(_xlpm.regB)>=_xlpm.searchStart)*(ROW(_xlpm.regB)<=_xlpm.searchEnd)), 1), IF(ISERROR(_xlpm.factorPos), 0, INDEX(_xlpm.regE, _xlpm.factorPos)) )} | H20: {=_xlfn.LET( _xlpm.kpiName, H$2, _xlpm.factorName, $D20, _xlpm.headerText, "Dependent Variable: "&_xlpm.kpiName, _xlpm.regA, '2A Regression'!$A$1:$A$10000, _xlpm.regB, '2A Regression'!$B$1:$B$10000, _xlpm.regE, '2A Regression'!$E$1:$E$10000, _xlpm.headerRow, MATCH(_xlpm.headerText, _xlpm.regA, 0), _xlpm.nextHeaderRow, _xlfn.AGGREGATE(15, 6, ROW(_xlpm.regA)/((LEFT(_xlpm.regA,19)="Dependent Variable:")*(ROW(_xlpm.regA)>_xlpm.headerRow)), 1), _xlpm.searchStart, _xlpm.headerRow, _xlpm.searchEnd, IF(ISERROR(_xlpm.nextHeaderRow), 300, _xlpm.nextHeaderRow-1), _xlpm.factorPos, _xlfn.AGGREGATE(15, 6, ROW(_xlpm.regB)/((_xlpm.regB=_xlpm.factorName)*(ROW(_xlpm.regB)>=_xlpm.searchStart)*(ROW(_xlpm.regB)<=_xlpm.searchEnd)), 1), IF(ISERROR(_xlpm.factorPos), 0, INDEX(_xlpm.regE, _xlpm.factorPos)) )} | I20: {=_xlfn.LET( _xlpm.kpiName, I$2, _xlpm.factorName, $D20, _xlpm.headerText, "Dependent Variable: "&_xlpm.kpiName, _xlpm.regA, '2A Regression'!$A$1:$A$10000, _xlpm.regB, '2A Regression'!$B$1:$B$10000, _xlpm.regE, '2A Regression'!$E$1:$E$10000, _xlpm.headerRow, MATCH(_xlpm.headerText, _xlpm.regA, 0), _xlpm.nextHeaderRow, _xlfn.AGGREGATE(15, 6, ROW(_xlpm.regA)/((LEFT(_xlpm.regA,19)="Dependent Variable:")*(ROW(_xlpm.regA)>_xlpm.headerRow)), 1), _xlpm.searchStart, _xlpm.headerRow, _xlpm.searchEnd, IF(ISERROR(_xlpm.nextHeaderRow), 300, _xlpm.nextHeaderRow-1), _xlpm.factorPos, _xlfn.AGGREGATE(15, 6, ROW(_xlpm.regB)/((_xlpm.regB=_xlpm.factorName)*(ROW(_xlpm.regB)>=_xlpm.searchStart)*(ROW(_xlpm.regB)<=_xlpm.searchEnd)), 1), IF(ISERROR(_xlpm.factorPos), 0, INDEX(_xlpm.regE, _xlpm.factorPos)) )} | J20: {=_xlfn.LET( _xlpm.kpiName, J$2, _xlpm.factorName, $D20, _xlpm.headerText, "Dependent Variable: "&_xlpm.kpiName, _xlpm.regA, '2A Regression'!$A$1:$A$10000, _xlpm.regB, '2A Regression'!$B$1:$B$10000, _xlpm.regE, '2A Regression'!$E$1:$E$10000, _xlpm.headerRow, MATCH(_xlpm.headerText, _xlpm.regA, 0), _xlpm.nextHeaderRow, _xlfn.AGGREGATE(15, 6, ROW(_xlpm.regA)/((LEFT(_xlpm.regA,19)="Dependent Variable:")*(ROW(_xlpm.regA)>_xlpm.headerRow)), 1), _xlpm.searchStart, _xlpm.headerRow, _xlpm.searchEnd, IF(ISERROR(_xlpm.nextHeaderRow), 300, _xlpm.nextHeaderRow-1), _xlpm.factorPos, _xlfn.AGGREGATE(15, 6, ROW(_xlpm.regB)/((_xlpm.regB=_xlpm.factorName)*(ROW(_xlpm.regB)>=_xlpm.searchStart)*(ROW(_xlpm.regB)<=_xlpm.searchEnd)), 1), IF(ISERROR(_xlpm.factorPos), 0, INDEX(_xlpm.regE, _xlpm.factorPos)) )} | K20: {=_xlfn.LET( _xlpm.kpiName, K$2, _xlpm.factorName, $D20, _xlpm.headerText, "Dependent Variable: "&_xlpm.kpiName, _xlpm.regA, '2A Regression'!$A$1:$A$10000, _xlpm.regB, '2A Regression'!$B$1:$B$10000, _xlpm.regE, '2A Regression'!$E$1:$E$10000, _xlpm.headerRow, MATCH(_xlpm.headerText, _xlpm.regA, 0), _xlpm.nextHeaderRow, _xlfn.AGGREGATE(15, 6, ROW(_xlpm.regA)/((LEFT(_xlpm.regA,19)="Dependent Variable:")*(ROW(_xlpm.regA)>_xlpm.headerRow)), 1), _xlpm.searchStart, _xlpm.headerRow, _xlpm.searchEnd, IF(ISERROR(_xlpm.nextHeaderRow), 300, _xlpm.nextHeaderRow-1), _xlpm.factorPos, _xlfn.AGGREGATE(15, 6, ROW(_xlpm.regB)/((_xlpm.regB=_xlpm.factorName)*(ROW(_xlpm.regB)>=_xlpm.searchStart)*(ROW(_xlpm.regB)<=_xlpm.searchEnd)), 1), IF(ISERROR(_xlpm.factorPos), 0, INDEX(_xlpm.regE, _xlpm.factorPos)) )} | L20: {=_xlfn.LET( _xlpm.kpiName, L$2, _xlpm.factorName, $D20, _xlpm.headerText, "Dependent Variable: "&_xlpm.kpiName, _xlpm.regA, '2A Regression'!$A$1:$A$10000, _xlpm.regB, '2A Regression'!$B$1:$B$10000, _xlpm.regE, '2A Regression'!$E$1:$E$10000, _xlpm.headerRow, MATCH(_xlpm.headerText, _xlpm.regA, 0), _xlpm.nextHeaderRow, _xlfn.AGGREGATE(15, 6, ROW(_xlpm.regA)/((LEFT(_xlpm.regA,19)="Dependent Variable:")*(ROW(_xlpm.regA)>_xlpm.headerRow)), 1), _xlpm.searchStart, _xlpm.headerRow, _xlpm.searchEnd, IF(ISERROR(_xlpm.nextHeaderRow), 300, _xlpm.nextHeaderRow-1), _xlpm.factorPos, _xlfn.AGGREGATE(15, 6, ROW(_xlpm.regB)/((_xlpm.regB=_xlpm.factorName)*(ROW(_xlpm.regB)>=_xlpm.searchStart)*(ROW(_xlpm.regB)<=_xlpm.searchEnd)), 1), IF(ISERROR(_xlpm.factorPos), 0, INDEX(_xlpm.regE, _xlpm.factorPos)) )} | ... BB20: {=_xlfn.LET( _xlpm.kpiName, BB$2, _xlpm.factorName, $D20, _xlpm.headerText, "Dependent Variable: "&_xlpm.kpiName, _xlpm.regA, '2A Regression'!$A$1:$A$10000, _xlpm.regB, '2A Regression'!$B$1:$B$10000, _xlpm.regE, '2A Regression'!$E$1:$E$10000, _xlpm.headerRow, MATCH(_xlpm.headerText, _xlpm.regA, 0), _xlpm.nextHeaderRow, _xlfn.AGGREGATE(15, 6, ROW(_xlpm.regA)/((LEFT(_xlpm.regA,19)="Dependent Variable:")*(ROW(_xlpm.regA)>_xlpm.headerRow)), 1), _xlpm.searchStart, _xlpm.headerRow, _xlpm.searchEnd, IF(ISERROR(_xlpm.nextHeaderRow), 300, _xlpm.nextHeaderRow-1), _xlpm.factorPos, _xlfn.AGGREGATE(15, 6, ROW(_xlpm.regB)/((_xlpm.regB=_xlpm.factorName)*(ROW(_xlpm.regB)>=_xlpm.searchStart)*(ROW(_xlpm.regB)<=_xlpm.searchEnd)), 1), IF(ISERROR(_xlpm.factorPos), 0, INDEX(_xlpm.regE, _xlpm.factorPos)) )}
... D40: Factor38 | E40: {=_xlfn.LET( _xlpm.kpiName, E$2, _xlpm.factorName, $D40, _xlpm.headerText, "Dependent Variable: "&_xlpm.kpiName, _xlpm.regA, '2A Regression'!$A$1:$A$10000, _xlpm.regB, '2A Regression'!$B$1:$B$10000, _xlpm.regE, '2A Regression'!$E$1:$E$10000, _xlpm.headerRow, MATCH(_xlpm.headerText, _xlpm.regA, 0), _xlpm.nextHeaderRow, _xlfn.AGGREGATE(15, 6, ROW(_xlpm.regA)/((LEFT(_xlpm.regA,19)="Dependent Variable:")*(ROW(_xlpm.regA)>_xlpm.headerRow)), 1), _xlpm.searchStart, _xlpm.headerRow, _xlpm.searchEnd, IF(ISERROR(_xlpm.nextHeaderRow), 300, _xlpm.nextHeaderRow-1), _xlpm.factorPos, _xlfn.AGGREGATE(15, 6, ROW(_xlpm.regB)/((_xlpm.regB=_xlpm.factorName)*(ROW(_xlpm.regB)>=_xlpm.searchStart)*(ROW(_xlpm.regB)<=_xlpm.searchEnd)), 1), IF(ISERROR(_xlpm.factorPos), 0, INDEX(_xlpm.regE, _xlpm.factorPos)) )} | F40: {=_xlfn.LET( _xlpm.kpiName, F$2, _xlpm.factorName, $D40, _xlpm.headerText, "Dependent Variable: "&_xlpm.kpiName, _xlpm.regA, '2A Regression'!$A$1:$A$10000, _xlpm.regB, '2A Regression'!$B$1:$B$10000, _xlpm.regE, '2A Regression'!$E$1:$E$10000, _xlpm.headerRow, MATCH(_xlpm.headerText, _xlpm.regA, 0), _xlpm.nextHeaderRow, _xlfn.AGGREGATE(15, 6, ROW(_xlpm.regA)/((LEFT(_xlpm.regA,19)="Dependent Variable:")*(ROW(_xlpm.regA)>_xlpm.headerRow)), 1), _xlpm.searchStart, _xlpm.headerRow, _xlpm.searchEnd, IF(ISERROR(_xlpm.nextHeaderRow), 300, _xlpm.nextHeaderRow-1), _xlpm.factorPos, _xlfn.AGGREGATE(15, 6, ROW(_xlpm.regB)/((_xlpm.regB=_xlpm.factorName)*(ROW(_xlpm.regB)>=_xlpm.searchStart)*(ROW(_xlpm.regB)<=_xlpm.searchEnd)), 1), IF(ISERROR(_xlpm.factorPos), 0, INDEX(_xlpm.regE, _xlpm.factorPos)) )} | G40: {=_xlfn.LET( _xlpm.kpiName, G$2, _xlpm.factorName, $D40, _xlpm.headerText, "Dependent Variable: "&_xlpm.kpiName, _xlpm.regA, '2A Regression'!$A$1:$A$10000, _xlpm.regB, '2A Regression'!$B$1:$B$10000, _xlpm.regE, '2A Regression'!$E$1:$E$10000, _xlpm.headerRow, MATCH(_xlpm.headerText, _xlpm.regA, 0), _xlpm.nextHeaderRow, _xlfn.AGGREGATE(15, 6, ROW(_xlpm.regA)/((LEFT(_xlpm.regA,19)="Dependent Variable:")*(ROW(_xlpm.regA)>_xlpm.headerRow)), 1), _xlpm.searchStart, _xlpm.headerRow, _xlpm.searchEnd, IF(ISERROR(_xlpm.nextHeaderRow), 300, _xlpm.nextHeaderRow-1), _xlpm.factorPos, _xlfn.AGGREGATE(15, 6, ROW(_xlpm.regB)/((_xlpm.regB=_xlpm.factorName)*(ROW(_xlpm.regB)>=_xlpm.searchStart)*(ROW(_xlpm.regB)<=_xlpm.searchEnd)), 1), IF(ISERROR(_xlpm.factorPos), 0, INDEX(_xlpm.regE, _xlpm.factorPos)) )} | H40: {=_xlfn.LET( _xlpm.kpiName, H$2, _xlpm.factorName, $D40, _xlpm.headerText, "Dependent Variable: "&_xlpm.kpiName, _xlpm.regA, '2A Regression'!$A$1:$A$10000, _xlpm.regB, '2A Regression'!$B$1:$B$10000, _xlpm.regE, '2A Regression'!$E$1:$E$10000, _xlpm.headerRow, MATCH(_xlpm.headerText, _xlpm.regA, 0), _xlpm.nextHeaderRow, _xlfn.AGGREGATE(15, 6, ROW(_xlpm.regA)/((LEFT(_xlpm.regA,19)="Dependent Variable:")*(ROW(_xlpm.regA)>_xlpm.headerRow)), 1), _xlpm.searchStart, _xlpm.headerRow, _xlpm.searchEnd, IF(ISERROR(_xlpm.nextHeaderRow), 300, _xlpm.nextHeaderRow-1), _xlpm.factorPos, _xlfn.AGGREGATE(15, 6, ROW(_xlpm.regB)/((_xlpm.regB=_xlpm.factorName)*(ROW(_xlpm.regB)>=_xlpm.searchStart)*(ROW(_xlpm.regB)<=_xlpm.searchEnd)), 1), IF(ISERROR(_xlpm.factorPos), 0, INDEX(_xlpm.regE, _xlpm.factorPos)) )} | I40: {=_xlfn.LET( _xlpm.kpiName, I$2, _xlpm.factorName, $D40, _xlpm.headerText, "Dependent Variable: "&_xlpm.kpiName, _xlpm.regA, '2A Regression'!$A$1:$A$10000, _xlpm.regB, '2A Regression'!$B$1:$B$10000, _xlpm.regE, '2A Regression'!$E$1:$E$10000, _xlpm.headerRow, MATCH(_xlpm.headerText, _xlpm.regA, 0), _xlpm.nextHeaderRow, _xlfn.AGGREGATE(15, 6, ROW(_xlpm.regA)/((LEFT(_xlpm.regA,19)="Dependent Variable:")*(ROW(_xlpm.regA)>_xlpm.headerRow)), 1), _xlpm.searchStart, _xlpm.headerRow, _xlpm.searchEnd, IF(ISERROR(_xlpm.nextHeaderRow), 300, _xlpm.nextHeaderRow-1), _xlpm.factorPos, _xlfn.AGGREGATE(15, 6, ROW(_xlpm.regB)/((_xlpm.regB=_xlpm.factorName)*(ROW(_xlpm.regB)>=_xlpm.searchStart)*(ROW(_xlpm.regB)<=_xlpm.searchEnd)), 1), IF(ISERROR(_xlpm.factorPos), 0, INDEX(_xlpm.regE, _xlpm.factorPos)) )} | J40: {=_xlfn.LET( _xlpm.kpiName, J$2, _xlpm.factorName, $D40, _xlpm.headerText, "Dependent Variable: "&_xlpm.kpiName, _xlpm.regA, '2A Regression'!$A$1:$A$10000, _xlpm.regB, '2A Regression'!$B$1:$B$10000, _xlpm.regE, '2A Regression'!$E$1:$E$10000, _xlpm.headerRow, MATCH(_xlpm.headerText, _xlpm.regA, 0), _xlpm.nextHeaderRow, _xlfn.AGGREGATE(15, 6, ROW(_xlpm.regA)/((LEFT(_xlpm.regA,19)="Dependent Variable:")*(ROW(_xlpm.regA)>_xlpm.headerRow)), 1), _xlpm.searchStart, _xlpm.headerRow, _xlpm.searchEnd, IF(ISERROR(_xlpm.nextHeaderRow), 300, _xlpm.nextHeaderRow-1), _xlpm.factorPos, _xlfn.AGGREGATE(15, 6, ROW(_xlpm.regB)/((_xlpm.regB=_xlpm.factorName)*(ROW(_xlpm.regB)>=_xlpm.searchStart)*(ROW(_xlpm.regB)<=_xlpm.searchEnd)), 1), IF(ISERROR(_xlpm.factorPos), 0, INDEX(_xlpm.regE, _xlpm.factorPos)) )} | K40: {=_xlfn.LET( _xlpm.kpiName, K$2, _xlpm.factorName, $D40, _xlpm.headerText, "Dependent Variable: "&_xlpm.kpiName, _xlpm.regA, '2A Regression'!$A$1:$A$10000, _xlpm.regB, '2A Regression'!$B$1:$B$10000, _xlpm.regE, '2A Regression'!$E$1:$E$10000, _xlpm.headerRow, MATCH(_xlpm.headerText, _xlpm.regA, 0), _xlpm.nextHeaderRow, _xlfn.AGGREGATE(15, 6, ROW(_xlpm.regA)/((LEFT(_xlpm.regA,19)="Dependent Variable:")*(ROW(_xlpm.regA)>_xlpm.headerRow)), 1), _xlpm.searchStart, _xlpm.headerRow, _xlpm.searchEnd, IF(ISERROR(_xlpm.nextHeaderRow), 300, _xlpm.nextHeaderRow-1), _xlpm.factorPos, _xlfn.AGGREGATE(15, 6, ROW(_xlpm.regB)/((_xlpm.regB=_xlpm.factorName)*(ROW(_xlpm.regB)>=_xlpm.searchStart)*(ROW(_xlpm.regB)<=_xlpm.searchEnd)), 1), IF(ISERROR(_xlpm.factorPos), 0, INDEX(_xlpm.regE, _xlpm.factorPos)) )} | L40: {=_xlfn.LET( _xlpm.kpiName, L$2, _xlpm.factorName, $D40, _xlpm.headerText, "Dependent Variable: "&_xlpm.kpiName, _xlpm.regA, '2A Regression'!$A$1:$A$10000, _xlpm.regB, '2A Regression'!$B$1:$B$10000, _xlpm.regE, '2A Regression'!$E$1:$E$10000, _xlpm.headerRow, MATCH(_xlpm.headerText, _xlpm.regA, 0), _xlpm.nextHeaderRow, _xlfn.AGGREGATE(15, 6, ROW(_xlpm.regA)/((LEFT(_xlpm.regA,19)="Dependent Variable:")*(ROW(_xlpm.regA)>_xlpm.headerRow)), 1), _xlpm.searchStart, _xlpm.headerRow, _xlpm.searchEnd, IF(ISERROR(_xlpm.nextHeaderRow), 300, _xlpm.nextHeaderRow-1), _xlpm.factorPos, _xlfn.AGGREGATE(15, 6, ROW(_xlpm.regB)/((_xlpm.regB=_xlpm.factorName)*(ROW(_xlpm.regB)>=_xlpm.searchStart)*(ROW(_xlpm.regB)<=_xlpm.searchEnd)), 1), IF(ISERROR(_xlpm.factorPos), 0, INDEX(_xlpm.regE, _xlpm.factorPos)) )} | ... BB40: {=_xlfn.LET( _xlpm.kpiName, BB$2, _xlpm.factorName, $D40, _xlpm.headerText, "Dependent Variable: "&_xlpm.kpiName, _xlpm.regA, '2A Regression'!$A$1:$A$10000, _xlpm.regB, '2A Regression'!$B$1:$B$10000, _xlpm.regE, '2A Regression'!$E$1:$E$10000, _xlpm.headerRow, MATCH(_xlpm.headerText, _xlpm.regA, 0), _xlpm.nextHeaderRow, _xlfn.AGGREGATE(15, 6, ROW(_xlpm.regA)/((LEFT(_xlpm.regA,19)="Dependent Variable:")*(ROW(_xlpm.regA)>_xlpm.headerRow)), 1), _xlpm.searchStart, _xlpm.headerRow, _xlpm.searchEnd, IF(ISERROR(_xlpm.nextHeaderRow), 300, _xlpm.nextHeaderRow-1), _xlpm.factorPos, _xlfn.AGGREGATE(15, 6, ROW(_xlpm.regB)/((_xlpm.regB=_xlpm.factorName)*(ROW(_xlpm.regB)>=_xlpm.searchStart)*(ROW(_xlpm.regB)<=_xlpm.searchEnd)), 1), IF(ISERROR(_xlpm.factorPos), 0, INDEX(_xlpm.regE, _xlpm.factorPos)) )}
C42: 非标准化系数（brand dispo） | D42: =B8 | E42: {=IF(E$2=0,"",_xlfn.LET(_xlpm.dep,E$2,_xlpm.var,$D42,_xlpm.start,_xlfn.XMATCH("Dependent Variable: "&_xlpm.dep,'2A Regression'!$A:$A,0),_xlpm.next,IFERROR(_xlfn.XMATCH("Dependent Variable: *",_xlfn.DROP('2A Regression'!$A:$A,_xlpm.start),2),ROWS('2A Regression'!$A:$A)-_xlpm.start+1),_xlpm.vars,_xlfn.TAKE(_xlfn.DROP('2A Regression'!$B:$B,_xlpm.start),_xlpm.next-1),_xlpm.coefs,_xlfn.TAKE(_xlfn.DROP('2A Regression'!$C:$C,_xlpm.start),_xlpm.next-1),IFERROR(_xlfn.XLOOKUP(_xlpm.var,_xlpm.vars,_xlpm.coefs),"")))} | F42: {=IF(F$2=0,"",_xlfn.LET(_xlpm.dep,F$2,_xlpm.var,$D42,_xlpm.start,_xlfn.XMATCH("Dependent Variable: "&_xlpm.dep,'2A Regression'!$A:$A,0),_xlpm.next,IFERROR(_xlfn.XMATCH("Dependent Variable: *",_xlfn.DROP('2A Regression'!$A:$A,_xlpm.start),2),ROWS('2A Regression'!$A:$A)-_xlpm.start+1),_xlpm.vars,_xlfn.TAKE(_xlfn.DROP('2A Regression'!$B:$B,_xlpm.start),_xlpm.next-1),_xlpm.coefs,_xlfn.TAKE(_xlfn.DROP('2A Regression'!$C:$C,_xlpm.start),_xlpm.next-1),IFERROR(_xlfn.XLOOKUP(_xlpm.var,_xlpm.vars,_xlpm.coefs),"")))} | G42: {=IF(G$2=0,"",_xlfn.LET(_xlpm.dep,G$2,_xlpm.var,$D42,_xlpm.start,_xlfn.XMATCH("Dependent Variable: "&_xlpm.dep,'2A Regression'!$A:$A,0),_xlpm.next,IFERROR(_xlfn.XMATCH("Dependent Variable: *",_xlfn.DROP('2A Regression'!$A:$A,_xlpm.start),2),ROWS('2A Regression'!$A:$A)-_xlpm.start+1),_xlpm.vars,_xlfn.TAKE(_xlfn.DROP('2A Regression'!$B:$B,_xlpm.start),_xlpm.next-1),_xlpm.coefs,_xlfn.TAKE(_xlfn.DROP('2A Regression'!$C:$C,_xlpm.start),_xlpm.next-1),IFERROR(_xlfn.XLOOKUP(_xlpm.var,_xlpm.vars,_xlpm.coefs),"")))} | H42: {=IF(H$2=0,"",_xlfn.LET(_xlpm.dep,H$2,_xlpm.var,$D42,_xlpm.start,_xlfn.XMATCH("Dependent Variable: "&_xlpm.dep,'2A Regression'!$A:$A,0),_xlpm.next,IFERROR(_xlfn.XMATCH("Dependent Variable: *",_xlfn.DROP('2A Regression'!$A:$A,_xlpm.start),2),ROWS('2A Regression'!$A:$A)-_xlpm.start+1),_xlpm.vars,_xlfn.TAKE(_xlfn.DROP('2A Regression'!$B:$B,_xlpm.start),_xlpm.next-1),_xlpm.coefs,_xlfn.TAKE(_xlfn.DROP('2A Regression'!$C:$C,_xlpm.start),_xlpm.next-1),IFERROR(_xlfn.XLOOKUP(_xlpm.var,_xlpm.vars,_xlpm.coefs),"")))} | I42: {=IF(I$2=0,"",_xlfn.LET(_xlpm.dep,I$2,_xlpm.var,$D42,_xlpm.start,_xlfn.XMATCH("Dependent Variable: "&_xlpm.dep,'2A Regression'!$A:$A,0),_xlpm.next,IFERROR(_xlfn.XMATCH("Dependent Variable: *",_xlfn.DROP('2A Regression'!$A:$A,_xlpm.start),2),ROWS('2A Regression'!$A:$A)-_xlpm.start+1),_xlpm.vars,_xlfn.TAKE(_xlfn.DROP('2A Regression'!$B:$B,_xlpm.start),_xlpm.next-1),_xlpm.coefs,_xlfn.TAKE(_xlfn.DROP('2A Regression'!$C:$C,_xlpm.start),_xlpm.next-1),IFERROR(_xlfn.XLOOKUP(_xlpm.var,_xlpm.vars,_xlpm.coefs),"")))} | J42: {=IF(J$2=0,"",_xlfn.LET(_xlpm.dep,J$2,_xlpm.var,$D42,_xlpm.start,_xlfn.XMATCH("Dependent Variable: "&_xlpm.dep,'2A Regression'!$A:$A,0),_xlpm.next,IFERROR(_xlfn.XMATCH("Dependent Variable: *",_xlfn.DROP('2A Regression'!$A:$A,_xlpm.start),2),ROWS('2A Regression'!$A:$A)-_xlpm.start+1),_xlpm.vars,_xlfn.TAKE(_xlfn.DROP('2A Regression'!$B:$B,_xlpm.start),_xlpm.next-1),_xlpm.coefs,_xlfn.TAKE(_xlfn.DROP('2A Regression'!$C:$C,_xlpm.start),_xlpm.next-1),IFERROR(_xlfn.XLOOKUP(_xlpm.var,_xlpm.vars,_xlpm.coefs),"")))} | K42: {=IF(K$2=0,"",_xlfn.LET(_xlpm.dep,K$2,_xlpm.var,$D42,_xlpm.start,_xlfn.XMATCH("Dependent Variable: "&_xlpm.dep,'2A Regression'!$A:$A,0),_xlpm.next,IFERROR(_xlfn.XMATCH("Dependent Variable: *",_xlfn.DROP('2A Regression'!$A:$A,_xlpm.start),2),ROWS('2A Regression'!$A:$A)-_xlpm.start+1),_xlpm.vars,_xlfn.TAKE(_xlfn.DROP('2A Regression'!$B:$B,_xlpm.start),_xlpm.next-1),_xlpm.coefs,_xlfn.TAKE(_xlfn.DROP('2A Regression'!$C:$C,_xlpm.start),_xlpm.next-1),IFERROR(_xlfn.XLOOKUP(_xlpm.var,_xlpm.vars,_xlpm.coefs),"")))} | L42: {=IF(L$2=0,"",_xlfn.LET(_xlpm.dep,L$2,_xlpm.var,$D42,_xlpm.start,_xlfn.XMATCH("Dependent Variable: "&_xlpm.dep,'2A Regression'!$A:$A,0),_xlpm.next,IFERROR(_xlfn.XMATCH("Dependent Variable: *",_xlfn.DROP('2A Regression'!$A:$A,_xlpm.start),2),ROWS('2A Regression'!$A:$A)-_xlpm.start+1),_xlpm.vars,_xlfn.TAKE(_xlfn.DROP('2A Regression'!$B:$B,_xlpm.start),_xlpm.next-1),_xlpm.coefs,_xlfn.TAKE(_xlfn.DROP('2A Regression'!$C:$C,_xlpm.start),_xlpm.next-1),IFERROR(_xlfn.XLOOKUP(_xlpm.var,_xlpm.vars,_xlpm.coefs),"")))} | ... BB42: {=IF(BB$2=0,"",_xlfn.LET(_xlpm.dep,BB$2,_xlpm.var,$D42,_xlpm.start,_xlfn.XMATCH("Dependent Variable: "&_xlpm.dep,'2A Regression'!$A:$A,0),_xlpm.next,IFERROR(_xlfn.XMATCH("Dependent Variable: *",_xlfn.DROP('2A Regression'!$A:$A,_xlpm.start),2),ROWS('2A Regression'!$A:$A)-_xlpm.start+1),_xlpm.vars,_xlfn.TAKE(_xlfn.DROP('2A Regression'!$B:$B,_xlpm.start),_xlpm.next-1),_xlpm.coefs,_xlfn.TAKE(_xlfn.DROP('2A Regression'!$C:$C,_xlpm.start),_xlpm.next-1),IFERROR(_xlfn.XLOOKUP(_xlpm.var,_xlpm.vars,_xlpm.coefs),"")))}
C43: Reach（brand dispo） | D43: =B8 | E43: =IF(E$2=0,"",IFERROR(VLOOKUP($D$43,'2C 均值'!$A:$F,5,0),0)) | F43: =IF(F$2=0,"",IFERROR(VLOOKUP($D$43,'2C 均值'!$A:$F,5,0),0)) | G43: =IF(G$2=0,"",IFERROR(VLOOKUP($D$43,'2C 均值'!$A:$F,5,0),0)) | H43: =IF(H$2=0,"",IFERROR(VLOOKUP($D$43,'2C 均值'!$A:$F,5,0),0)) | I43: =IF(I$2=0,"",IFERROR(VLOOKUP($D$43,'2C 均值'!$A:$F,5,0),0)) | J43: =IF(J$2=0,"",IFERROR(VLOOKUP($D$43,'2C 均值'!$A:$F,5,0),0)) | K43: =IF(K$2=0,"",IFERROR(VLOOKUP($D$43,'2C 均值'!$A:$F,5,0),0)) | L43: =IF(L$2=0,"",IFERROR(VLOOKUP($D$43,'2C 均值'!$A:$F,5,0),0)) | ... BB43: =IF(BB$2=0,"",IFERROR(VLOOKUP($D$43,'2C 均值'!$A:$F,5,0),0))
C44: 常数项 | D44: Constant | E44: {=IF(E$2=0,"",_xlfn.LET(_xlpm.dep,E$2,_xlpm.var,LOWER($D44),_xlpm.start,_xlfn.XMATCH("Dependent Variable: "&_xlpm.dep,'2A Regression'!$A:$A,0),_xlpm.next,IFERROR(_xlfn.XMATCH("Dependent Variable: *",_xlfn.DROP('2A Regression'!$A:$A,_xlpm.start),2),ROWS('2A Regression'!$A:$A)-_xlpm.start+1),_xlpm.vars,_xlfn.TAKE(_xlfn.DROP('2A Regression'!$B:$B,_xlpm.start),_xlpm.next-1),_xlpm.coefs,_xlfn.TAKE(_xlfn.DROP('2A Regression'!$C:$C,_xlpm.start),_xlpm.next-1),IFERROR(_xlfn.XLOOKUP(_xlpm.var,_xlpm.vars,_xlpm.coefs),"")))} | F44: {=IF(F$2=0,"",_xlfn.LET(_xlpm.dep,F$2,_xlpm.var,LOWER($D44),_xlpm.start,_xlfn.XMATCH("Dependent Variable: "&_xlpm.dep,'2A Regression'!$A:$A,0),_xlpm.next,IFERROR(_xlfn.XMATCH("Dependent Variable: *",_xlfn.DROP('2A Regression'!$A:$A,_xlpm.start),2),ROWS('2A Regression'!$A:$A)-_xlpm.start+1),_xlpm.vars,_xlfn.TAKE(_xlfn.DROP('2A Regression'!$B:$B,_xlpm.start),_xlpm.next-1),_xlpm.coefs,_xlfn.TAKE(_xlfn.DROP('2A Regression'!$C:$C,_xlpm.start),_xlpm.next-1),IFERROR(_xlfn.XLOOKUP(_xlpm.var,_xlpm.vars,_xlpm.coefs),"")))} | G44: {=IF(G$2=0,"",_xlfn.LET(_xlpm.dep,G$2,_xlpm.var,LOWER($D44),_xlpm.start,_xlfn.XMATCH("Dependent Variable: "&_xlpm.dep,'2A Regression'!$A:$A,0),_xlpm.next,IFERROR(_xlfn.XMATCH("Dependent Variable: *",_xlfn.DROP('2A Regression'!$A:$A,_xlpm.start),2),ROWS('2A Regression'!$A:$A)-_xlpm.start+1),_xlpm.vars,_xlfn.TAKE(_xlfn.DROP('2A Regression'!$B:$B,_xlpm.start),_xlpm.next-1),_xlpm.coefs,_xlfn.TAKE(_xlfn.DROP('2A Regression'!$C:$C,_xlpm.start),_xlpm.next-1),IFERROR(_xlfn.XLOOKUP(_xlpm.var,_xlpm.vars,_xlpm.coefs),"")))} | H44: {=IF(H$2=0,"",_xlfn.LET(_xlpm.dep,H$2,_xlpm.var,LOWER($D44),_xlpm.start,_xlfn.XMATCH("Dependent Variable: "&_xlpm.dep,'2A Regression'!$A:$A,0),_xlpm.next,IFERROR(_xlfn.XMATCH("Dependent Variable: *",_xlfn.DROP('2A Regression'!$A:$A,_xlpm.start),2),ROWS('2A Regression'!$A:$A)-_xlpm.start+1),_xlpm.vars,_xlfn.TAKE(_xlfn.DROP('2A Regression'!$B:$B,_xlpm.start),_xlpm.next-1),_xlpm.coefs,_xlfn.TAKE(_xlfn.DROP('2A Regression'!$C:$C,_xlpm.start),_xlpm.next-1),IFERROR(_xlfn.XLOOKUP(_xlpm.var,_xlpm.vars,_xlpm.coefs),"")))} | I44: {=IF(I$2=0,"",_xlfn.LET(_xlpm.dep,I$2,_xlpm.var,LOWER($D44),_xlpm.start,_xlfn.XMATCH("Dependent Variable: "&_xlpm.dep,'2A Regression'!$A:$A,0),_xlpm.next,IFERROR(_xlfn.XMATCH("Dependent Variable: *",_xlfn.DROP('2A Regression'!$A:$A,_xlpm.start),2),ROWS('2A Regression'!$A:$A)-_xlpm.start+1),_xlpm.vars,_xlfn.TAKE(_xlfn.DROP('2A Regression'!$B:$B,_xlpm.start),_xlpm.next-1),_xlpm.coefs,_xlfn.TAKE(_xlfn.DROP('2A Regression'!$C:$C,_xlpm.start),_xlpm.next-1),IFERROR(_xlfn.XLOOKUP(_xlpm.var,_xlpm.vars,_xlpm.coefs),"")))} | J44: {=IF(J$2=0,"",_xlfn.LET(_xlpm.dep,J$2,_xlpm.var,LOWER($D44),_xlpm.start,_xlfn.XMATCH("Dependent Variable: "&_xlpm.dep,'2A Regression'!$A:$A,0),_xlpm.next,IFERROR(_xlfn.XMATCH("Dependent Variable: *",_xlfn.DROP('2A Regression'!$A:$A,_xlpm.start),2),ROWS('2A Regression'!$A:$A)-_xlpm.start+1),_xlpm.vars,_xlfn.TAKE(_xlfn.DROP('2A Regression'!$B:$B,_xlpm.start),_xlpm.next-1),_xlpm.coefs,_xlfn.TAKE(_xlfn.DROP('2A Regression'!$C:$C,_xlpm.start),_xlpm.next-1),IFERROR(_xlfn.XLOOKUP(_xlpm.var,_xlpm.vars,_xlpm.coefs),"")))} | K44: {=IF(K$2=0,"",_xlfn.LET(_xlpm.dep,K$2,_xlpm.var,LOWER($D44),_xlpm.start,_xlfn.XMATCH("Dependent Variable: "&_xlpm.dep,'2A Regression'!$A:$A,0),_xlpm.next,IFERROR(_xlfn.XMATCH("Dependent Variable: *",_xlfn.DROP('2A Regression'!$A:$A,_xlpm.start),2),ROWS('2A Regression'!$A:$A)-_xlpm.start+1),_xlpm.vars,_xlfn.TAKE(_xlfn.DROP('2A Regression'!$B:$B,_xlpm.start),_xlpm.next-1),_xlpm.coefs,_xlfn.TAKE(_xlfn.DROP('2A Regression'!$C:$C,_xlpm.start),_xlpm.next-1),IFERROR(_xlfn.XLOOKUP(_xlpm.var,_xlpm.vars,_xlpm.coefs),"")))} | L44: {=IF(L$2=0,"",_xlfn.LET(_xlpm.dep,L$2,_xlpm.var,LOWER($D44),_xlpm.start,_xlfn.XMATCH("Dependent Variable: "&_xlpm.dep,'2A Regression'!$A:$A,0),_xlpm.next,IFERROR(_xlfn.XMATCH("Dependent Variable: *",_xlfn.DROP('2A Regression'!$A:$A,_xlpm.start),2),ROWS('2A Regression'!$A:$A)-_xlpm.start+1),_xlpm.vars,_xlfn.TAKE(_xlfn.DROP('2A Regression'!$B:$B,_xlpm.start),_xlpm.next-1),_xlpm.coefs,_xlfn.TAKE(_xlfn.DROP('2A Regression'!$C:$C,_xlpm.start),_xlpm.next-1),IFERROR(_xlfn.XLOOKUP(_xlpm.var,_xlpm.vars,_xlpm.coefs),"")))} | ... BB44: {=IF(BB$2=0,"",_xlfn.LET(_xlpm.dep,BB$2,_xlpm.var,LOWER($D44),_xlpm.start,_xlfn.XMATCH("Dependent Variable: "&_xlpm.dep,'2A Regression'!$A:$A,0),_xlpm.next,IFERROR(_xlfn.XMATCH("Dependent Variable: *",_xlfn.DROP('2A Regression'!$A:$A,_xlpm.start),2),ROWS('2A Regression'!$A:$A)-_xlpm.start+1),_xlpm.vars,_xlfn.TAKE(_xlfn.DROP('2A Regression'!$B:$B,_xlpm.start),_xlpm.next-1),_xlpm.coefs,_xlfn.TAKE(_xlfn.DROP('2A Regression'!$C:$C,_xlpm.start),_xlpm.next-1),IFERROR(_xlfn.XLOOKUP(_xlpm.var,_xlpm.vars,_xlpm.coefs),"")))}
C46: 系数（回归模型结果） | D46: Baseline | E46: =IFERROR(IF($B$4=1,(E42*E43+E44),E44),"") | F46: =IFERROR(IF($B$4=1,(F42*F43+F44),F44),"") | G46: =IFERROR(IF($B$4=1,(G42*G43+G44),G44),"") | H46: =IFERROR(IF($B$4=1,(H42*H43+H44),H44),"") | I46: =IFERROR(IF($B$4=1,(I42*I43+I44),I44),"") | J46: =IFERROR(IF($B$4=1,(J42*J43+J44),J44),"") | K46: =IFERROR(IF($B$4=1,(K42*K43+K44),K44),"") | L46: =IFERROR(IF($B$4=1,(L42*L43+L44),L44),"") | ... BB46: =IFERROR(IF($B$4=1,(BB42*BB43+BB44),BB44),"")
C48: KPI表现 | D48: Y(All) | E48: =_xlfn.XLOOKUP(E$2,'2C 均值'!$A:$A,'2C 均值'!$E:$E) | F48: =_xlfn.XLOOKUP(F$2,'2C 均值'!$A:$A,'2C 均值'!$E:$E) | G48: =_xlfn.XLOOKUP(G$2,'2C 均值'!$A:$A,'2C 均值'!$E:$E) | H48: =IFERROR(_xlfn.XLOOKUP(H$2,'2C 均值'!$A:$A,'2C 均值'!$E:$E),"") | I48: =IFERROR(_xlfn.XLOOKUP(I$2,'2C 均值'!$A:$A,'2C 均值'!$E:$E),"") | J48: =IFERROR(_xlfn.XLOOKUP(J$2,'2C 均值'!$A:$A,'2C 均值'!$E:$E),"") | K48: =IFERROR(_xlfn.XLOOKUP(K$2,'2C 均值'!$A:$A,'2C 均值'!$E:$E),"") | L48: =IFERROR(_xlfn.XLOOKUP(L$2,'2C 均值'!$A:$A,'2C 均值'!$E:$E),"") | M48: =IFERROR(_xlfn.XLOOKUP(M$2,'2C 均值'!$A:$A,'2C 均值'!$E:$E),"") | N48: =IFERROR(_xlfn.XLOOKUP(N$2,'2C 均值'!$A:$A,'2C 均值'!$E:$E),"") | O48: =IFERROR(_xlfn.XLOOKUP(O$2,'2C 均值'!$A:$A,'2C 均值'!$E:$E),"") | ... BB48: =IFERROR(_xlfn.XLOOKUP(BB$2,'2C 均值'!$A:$A,'2C 均值'!$E:$E),"")
C49: 报告中的Baseline | D49: BaseLine | E49: =E46 | F49: =F46 | G49: =G46 | H49: =H46 | I49: =I46 | J49: =J46 | K49: =K46 | L49: =L46 | ... BB49: =BB46
C50: 报告中的Impact | D50: Uplifts | E50: =IFERROR(E48-E49,"") | F50: =IFERROR(F48-F49,"") | G50: =IFERROR(G48-G49,"") | H50: =IFERROR(H48-H49,"") | I50: =IFERROR(I48-I49,"") | J50: =IFERROR(J48-J49,"") | K50: =IFERROR(K48-K49,"") | L50: =IFERROR(L48-L49,"") | ... BB50: =IFERROR(BB48-BB49,"")
E56: 2 | F56: 3 | G56: 4 | H56: 5 | I56: 6 | J56: 7 | K56: 8 | L56: 9 | M56: 10 | N56: 11 | O56: 11 | P56: 11 | Q56: 11 | R56: 11 | S56: 11 | T56: 11 | U56: 11 | V56: 11 | W56: 11 | X56: 11 | Y56: 12 | Z56: 13 | AA56: 14 | AB56: 15 | AC56: 16 | AD56: 17 | AE56: 18 | AF56: 19 | AG56: 20 | AH56: 21 | AI56: 22 | AJ56: 23 | AK56: 24 | AL56: 25 | AM56: 26 | AN56: 27 | AO56: 28 | AP56: 29 | AQ56: 30 | AR56: 31 | AS56: 32 | AT56: 33 | AU56: 34 | AV56: 35 | AW56: 36 | AX56: 37 | AY56: 38 | AZ56: 39 | BA56: 40 | BB56: 41
C57: Channel所属Factor | D57: Channel Coefficient | E57: =E2 | F57: =F2 | G57: =G2 | H57: =H2 | I57: =I2 | J57: =J2 | K57: =K2 | L57: =L2 | ... BB57: =BB2 | BC57: Recognition% | BD57: Factor构成系数
C58: =IF(OR($D58=0,$D58=""),"",_xlfn.LET( _xlpm.channel,$D58, _xlpm.rowNum,_xlfn.XMATCH(_xlpm.channel,'2B RotationRule'!$C:$C,0), _xlpm.factorRow,INDEX('2B RotationRule'!$E:$AE,_xlpm.rowNum,0), _xlpm.factorNum,_xlfn.XMATCH(1,_xlpm.factorRow,0), IF(ISERROR(_xlpm.factorNum),"","Factor"&_xlpm.factorNum) )) | D58: ='2B RotationRule'!C3 | E58: =IFERROR(_xlfn.XLOOKUP($C58,$D$3:$D$40,E$3:E$40)*$BD58,0) | F58: =IFERROR(_xlfn.XLOOKUP($C58,$D$3:$D$40,F$3:F$40)*$BD58,0) | G58: =IFERROR(_xlfn.XLOOKUP($C58,$D$3:$D$40,G$3:G$40)*$BD58,0) | H58: =IFERROR(_xlfn.XLOOKUP($C58,$D$3:$D$40,H$3:H$40)*$BD58,0) | I58: =IFERROR(_xlfn.XLOOKUP($C58,$D$3:$D$40,I$3:I$40)*$BD58,0) | J58: =IFERROR(_xlfn.XLOOKUP($C58,$D$3:$D$40,J$3:J$40)*$BD58,0) | K58: =IFERROR(_xlfn.XLOOKUP($C58,$D$3:$D$40,K$3:K$40)*$BD58,0) | L58: =IFERROR(_xlfn.XLOOKUP($C58,$D$3:$D$40,L$3:L$40)*$BD58,0) | ... BB58: =IFERROR(_xlfn.XLOOKUP($C58,$D$3:$D$40,BB$3:BB$40)*$BD58,0) | BC58: =IFERROR(_xlfn.XLOOKUP(D58,'2C 均值'!$A:$A,'2C 均值'!$E:$E),0) | BD58: {=IF(OR($D58=0,$D58=""),"",_xlfn.LET( _xlpm.channel,$D58, _xlpm.factorName,$C58, _xlpm.factorNum,IF(_xlpm.factorName="","",VALUE(RIGHT(_xlpm.factorName,LEN(_xlpm.factorName)-6))), _xlpm.flMatrixStart,_xlfn.XMATCH("Rotation Method: Procrustes with Kaiser Normalization.",'2B FL'!$A:$A,0), _xlpm.channelRow,IFERROR(_xlfn.XMATCH(_xlpm.channel,OFFSET('2B FL'!$B$1,_xlpm.flMatrixStart+2,0,100,1),0),0), IF(OR(_xlpm.channelRow=0,_xlpm.factorNum=""),"",INDEX(OFFSET('2B FL'!$D$1,_xlpm.flMatrixStart+2,0,100,27),_xlpm.channelRow,_xlpm.factorNum)) ))}
C59: =IF(OR($D59=0,$D59=""),"",_xlfn.LET( _xlpm.channel,$D59, _xlpm.rowNum,_xlfn.XMATCH(_xlpm.channel,'2B RotationRule'!$C:$C,0), _xlpm.factorRow,INDEX('2B RotationRule'!$E:$AE,_xlpm.rowNum,0), _xlpm.factorNum,_xlfn.XMATCH(1,_xlpm.factorRow,0), IF(ISERROR(_xlpm.factorNum),"","Factor"&_xlpm.factorNum) )) | D59: ='2B RotationRule'!C4 | E59: =IFERROR(_xlfn.XLOOKUP($C59,$D$3:$D$40,E$3:E$40)*$BD59,0) | F59: =IFERROR(_xlfn.XLOOKUP($C59,$D$3:$D$40,F$3:F$40)*$BD59,0) | G59: =IFERROR(_xlfn.XLOOKUP($C59,$D$3:$D$40,G$3:G$40)*$BD59,0) | H59: =IFERROR(_xlfn.XLOOKUP($C59,$D$3:$D$40,H$3:H$40)*$BD59,0) | I59: =IFERROR(_xlfn.XLOOKUP($C59,$D$3:$D$40,I$3:I$40)*$BD59,0) | J59: =IFERROR(_xlfn.XLOOKUP($C59,$D$3:$D$40,J$3:J$40)*$BD59,0) | K59: =IFERROR(_xlfn.XLOOKUP($C59,$D$3:$D$40,K$3:K$40)*$BD59,0) | L59: =IFERROR(_xlfn.XLOOKUP($C59,$D$3:$D$40,L$3:L$40)*$BD59,0) | ... BB59: =IFERROR(_xlfn.XLOOKUP($C59,$D$3:$D$40,BB$3:BB$40)*$BD59,0) | BC59: =IFERROR(_xlfn.XLOOKUP(D59,'2C 均值'!$A:$A,'2C 均值'!$E:$E),0) | BD59: {=IF(OR($D59=0,$D59=""),"",_xlfn.LET( _xlpm.channel,$D59, _xlpm.factorName,$C59, _xlpm.factorNum,IF(_xlpm.factorName="","",VALUE(RIGHT(_xlpm.factorName,LEN(_xlpm.factorName)-6))), _xlpm.flMatrixStart,_xlfn.XMATCH("Rotation Method: Procrustes with Kaiser Normalization.",'2B FL'!$A:$A,0), _xlpm.channelRow,IFERROR(_xlfn.XMATCH(_xlpm.channel,OFFSET('2B FL'!$B$1,_xlpm.flMatrixStart+2,0,100,1),0),0), IF(OR(_xlpm.channelRow=0,_xlpm.factorNum=""),"",INDEX(OFFSET('2B FL'!$D$1,_xlpm.flMatrixStart+2,0,100,27),_xlpm.channelRow,_xlpm.factorNum)) ))}
C60: =IF(OR($D60=0,$D60=""),"",_xlfn.LET( _xlpm.channel,$D60, _xlpm.rowNum,_xlfn.XMATCH(_xlpm.channel,'2B RotationRule'!$C:$C,0), _xlpm.factorRow,INDEX('2B RotationRule'!$E:$AE,_xlpm.rowNum,0), _xlpm.factorNum,_xlfn.XMATCH(1,_xlpm.factorRow,0), IF(ISERROR(_xlpm.factorNum),"","Factor"&_xlpm.factorNum) )) | D60: ='2B RotationRule'!C5 | E60: =IFERROR(_xlfn.XLOOKUP($C60,$D$3:$D$40,E$3:E$40)*$BD60,0) | F60: =IFERROR(_xlfn.XLOOKUP($C60,$D$3:$D$40,F$3:F$40)*$BD60,0) | G60: =IFERROR(_xlfn.XLOOKUP($C60,$D$3:$D$40,G$3:G$40)*$BD60,0) | H60: =IFERROR(_xlfn.XLOOKUP($C60,$D$3:$D$40,H$3:H$40)*$BD60,0) | I60: =IFERROR(_xlfn.XLOOKUP($C60,$D$3:$D$40,I$3:I$40)*$BD60,0) | J60: =IFERROR(_xlfn.XLOOKUP($C60,$D$3:$D$40,J$3:J$40)*$BD60,0) | K60: =IFERROR(_xlfn.XLOOKUP($C60,$D$3:$D$40,K$3:K$40)*$BD60,0) | L60: =IFERROR(_xlfn.XLOOKUP($C60,$D$3:$D$40,L$3:L$40)*$BD60,0) | ... BB60: =IFERROR(_xlfn.XLOOKUP($C60,$D$3:$D$40,BB$3:BB$40)*$BD60,0) | BC60: =IFERROR(_xlfn.XLOOKUP(D60,'2C 均值'!$A:$A,'2C 均值'!$E:$E),0) | BD60: {=IF(OR($D60=0,$D60=""),"",_xlfn.LET( _xlpm.channel,$D60, _xlpm.factorName,$C60, _xlpm.factorNum,IF(_xlpm.factorName="","",VALUE(RIGHT(_xlpm.factorName,LEN(_xlpm.factorName)-6))), _xlpm.flMatrixStart,_xlfn.XMATCH("Rotation Method: Procrustes with Kaiser Normalization.",'2B FL'!$A:$A,0), _xlpm.channelRow,IFERROR(_xlfn.XMATCH(_xlpm.channel,OFFSET('2B FL'!$B$1,_xlpm.flMatrixStart+2,0,100,1),0),0), IF(OR(_xlpm.channelRow=0,_xlpm.factorNum=""),"",INDEX(OFFSET('2B FL'!$D$1,_xlpm.flMatrixStart+2,0,100,27),_xlpm.channelRow,_xlpm.factorNum)) ))}
C61: =IF(OR($D61=0,$D61=""),"",_xlfn.LET( _xlpm.channel,$D61, _xlpm.rowNum,_xlfn.XMATCH(_xlpm.channel,'2B RotationRule'!$C:$C,0), _xlpm.factorRow,INDEX('2B RotationRule'!$E:$AE,_xlpm.rowNum,0), _xlpm.factorNum,_xlfn.XMATCH(1,_xlpm.factorRow,0), IF(ISERROR(_xlpm.factorNum),"","Factor"&_xlpm.factorNum) )) | D61: ='2B RotationRule'!C6 | E61: =IFERROR(_xlfn.XLOOKUP($C61,$D$3:$D$40,E$3:E$40)*$BD61,0) | F61: =IFERROR(_xlfn.XLOOKUP($C61,$D$3:$D$40,F$3:F$40)*$BD61,0) | G61: =IFERROR(_xlfn.XLOOKUP($C61,$D$3:$D$40,G$3:G$40)*$BD61,0) | H61: =IFERROR(_xlfn.XLOOKUP($C61,$D$3:$D$40,H$3:H$40)*$BD61,0) | I61: =IFERROR(_xlfn.XLOOKUP($C61,$D$3:$D$40,I$3:I$40)*$BD61,0) | J61: =IFERROR(_xlfn.XLOOKUP($C61,$D$3:$D$40,J$3:J$40)*$BD61,0) | K61: =IFERROR(_xlfn.XLOOKUP($C61,$D$3:$D$40,K$3:K$40)*$BD61,0) | L61: =IFERROR(_xlfn.XLOOKUP($C61,$D$3:$D$40,L$3:L$40)*$BD61,0) | ... BB61: =IFERROR(_xlfn.XLOOKUP($C61,$D$3:$D$40,BB$3:BB$40)*$BD61,0) | BC61: =IFERROR(_xlfn.XLOOKUP(D61,'2C 均值'!$A:$A,'2C 均值'!$E:$E),0) | BD61: {=IF(OR($D61=0,$D61=""),"",_xlfn.LET( _xlpm.channel,$D61, _xlpm.factorName,$C61, _xlpm.factorNum,IF(_xlpm.factorName="","",VALUE(RIGHT(_xlpm.factorName,LEN(_xlpm.factorName)-6))), _xlpm.flMatrixStart,_xlfn.XMATCH("Rotation Method: Procrustes with Kaiser Normalization.",'2B FL'!$A:$A,0), _xlpm.channelRow,IFERROR(_xlfn.XMATCH(_xlpm.channel,OFFSET('2B FL'!$B$1,_xlpm.flMatrixStart+2,0,100,1),0),0), IF(OR(_xlpm.channelRow=0,_xlpm.factorNum=""),"",INDEX(OFFSET('2B FL'!$D$1,_xlpm.flMatrixStart+2,0,100,27),_xlpm.channelRow,_xlpm.factorNum)) ))}
C62: =IF(OR($D62=0,$D62=""),"",_xlfn.LET( _xlpm.channel,$D62, _xlpm.rowNum,_xlfn.XMATCH(_xlpm.channel,'2B RotationRule'!$C:$C,0), _xlpm.factorRow,INDEX('2B RotationRule'!$E:$AE,_xlpm.rowNum,0), _xlpm.factorNum,_xlfn.XMATCH(1,_xlpm.factorRow,0), IF(ISERROR(_xlpm.factorNum),"","Factor"&_xlpm.factorNum) )) | D62: ='2B RotationRule'!C7 | E62: =IFERROR(_xlfn.XLOOKUP($C62,$D$3:$D$40,E$3:E$40)*$BD62,0) | F62: =IFERROR(_xlfn.XLOOKUP($C62,$D$3:$D$40,F$3:F$40)*$BD62,0) | G62: =IFERROR(_xlfn.XLOOKUP($C62,$D$3:$D$40,G$3:G$40)*$BD62,0) | H62: =IFERROR(_xlfn.XLOOKUP($C62,$D$3:$D$40,H$3:H$40)*$BD62,0) | I62: =IFERROR(_xlfn.XLOOKUP($C62,$D$3:$D$40,I$3:I$40)*$BD62,0) | J62: =IFERROR(_xlfn.XLOOKUP($C62,$D$3:$D$40,J$3:J$40)*$BD62,0) | K62: =IFERROR(_xlfn.XLOOKUP($C62,$D$3:$D$40,K$3:K$40)*$BD62,0) | L62: =IFERROR(_xlfn.XLOOKUP($C62,$D$3:$D$40,L$3:L$40)*$BD62,0) | ... BB62: =IFERROR(_xlfn.XLOOKUP($C62,$D$3:$D$40,BB$3:BB$40)*$BD62,0) | BC62: =IFERROR(_xlfn.XLOOKUP(D62,'2C 均值'!$A:$A,'2C 均值'!$E:$E),0) | BD62: {=IF(OR($D62=0,$D62=""),"",_xlfn.LET( _xlpm.channel,$D62, _xlpm.factorName,$C62, _xlpm.factorNum,IF(_xlpm.factorName="","",VALUE(RIGHT(_xlpm.factorName,LEN(_xlpm.factorName)-6))), _xlpm.flMatrixStart,_xlfn.XMATCH("Rotation Method: Procrustes with Kaiser Normalization.",'2B FL'!$A:$A,0), _xlpm.channelRow,IFERROR(_xlfn.XMATCH(_xlpm.channel,OFFSET('2B FL'!$B$1,_xlpm.flMatrixStart+2,0,100,1),0),0), IF(OR(_xlpm.channelRow=0,_xlpm.factorNum=""),"",INDEX(OFFSET('2B FL'!$D$1,_xlpm.flMatrixStart+2,0,100,27),_xlpm.channelRow,_xlpm.factorNum)) ))}
C63: =IF(OR($D63=0,$D63=""),"",_xlfn.LET( _xlpm.channel,$D63, _xlpm.rowNum,_xlfn.XMATCH(_xlpm.channel,'2B RotationRule'!$C:$C,0), _xlpm.factorRow,INDEX('2B RotationRule'!$E:$AE,_xlpm.rowNum,0), _xlpm.factorNum,_xlfn.XMATCH(1,_xlpm.factorRow,0), IF(ISERROR(_xlpm.factorNum),"","Factor"&_xlpm.factorNum) )) | D63: ='2B RotationRule'!C8 | E63: =IFERROR(_xlfn.XLOOKUP($C63,$D$3:$D$40,E$3:E$40)*$BD63,0) | F63: =IFERROR(_xlfn.XLOOKUP($C63,$D$3:$D$40,F$3:F$40)*$BD63,0) | G63: =IFERROR(_xlfn.XLOOKUP($C63,$D$3:$D$40,G$3:G$40)*$BD63,0) | H63: =IFERROR(_xlfn.XLOOKUP($C63,$D$3:$D$40,H$3:H$40)*$BD63,0) | I63: =IFERROR(_xlfn.XLOOKUP($C63,$D$3:$D$40,I$3:I$40)*$BD63,0) | J63: =IFERROR(_xlfn.XLOOKUP($C63,$D$3:$D$40,J$3:J$40)*$BD63,0) | K63: =IFERROR(_xlfn.XLOOKUP($C63,$D$3:$D$40,K$3:K$40)*$BD63,0) | L63: =IFERROR(_xlfn.XLOOKUP($C63,$D$3:$D$40,L$3:L$40)*$BD63,0) | ... BB63: =IFERROR(_xlfn.XLOOKUP($C63,$D$3:$D$40,BB$3:BB$40)*$BD63,0) | BC63: =IFERROR(_xlfn.XLOOKUP(D63,'2C 均值'!$A:$A,'2C 均值'!$E:$E),0) | BD63: {=IF(OR($D63=0,$D63=""),"",_xlfn.LET( _xlpm.channel,$D63, _xlpm.factorName,$C63, _xlpm.factorNum,IF(_xlpm.factorName="","",VALUE(RIGHT(_xlpm.factorName,LEN(_xlpm.factorName)-6))), _xlpm.flMatrixStart,_xlfn.XMATCH("Rotation Method: Procrustes with Kaiser Normalization.",'2B FL'!$A:$A,0), _xlpm.channelRow,IFERROR(_xlfn.XMATCH(_xlpm.channel,OFFSET('2B FL'!$B$1,_xlpm.flMatrixStart+2,0,100,1),0),0), IF(OR(_xlpm.channelRow=0,_xlpm.factorNum=""),"",INDEX(OFFSET('2B FL'!$D$1,_xlpm.flMatrixStart+2,0,100,27),_xlpm.channelRow,_xlpm.factorNum)) ))}
C64: =IF(OR($D64=0,$D64=""),"",_xlfn.LET( _xlpm.channel,$D64, _xlpm.rowNum,_xlfn.XMATCH(_xlpm.channel,'2B RotationRule'!$C:$C,0), _xlpm.factorRow,INDEX('2B RotationRule'!$E:$AE,_xlpm.rowNum,0), _xlpm.factorNum,_xlfn.XMATCH(1,_xlpm.factorRow,0), IF(ISERROR(_xlpm.factorNum),"","Factor"&_xlpm.factorNum) )) | D64: ='2B RotationRule'!C9 | E64: =IFERROR(_xlfn.XLOOKUP($C64,$D$3:$D$40,E$3:E$40)*$BD64,0) | F64: =IFERROR(_xlfn.XLOOKUP($C64,$D$3:$D$40,F$3:F$40)*$BD64,0) | G64: =IFERROR(_xlfn.XLOOKUP($C64,$D$3:$D$40,G$3:G$40)*$BD64,0) | H64: =IFERROR(_xlfn.XLOOKUP($C64,$D$3:$D$40,H$3:H$40)*$BD64,0) | I64: =IFERROR(_xlfn.XLOOKUP($C64,$D$3:$D$40,I$3:I$40)*$BD64,0) | J64: =IFERROR(_xlfn.XLOOKUP($C64,$D$3:$D$40,J$3:J$40)*$BD64,0) | K64: =IFERROR(_xlfn.XLOOKUP($C64,$D$3:$D$40,K$3:K$40)*$BD64,0) | L64: =IFERROR(_xlfn.XLOOKUP($C64,$D$3:$D$40,L$3:L$40)*$BD64,0) | ... BB64: =IFERROR(_xlfn.XLOOKUP($C64,$D$3:$D$40,BB$3:BB$40)*$BD64,0) | BC64: =IFERROR(_xlfn.XLOOKUP(D64,'2C 均值'!$A:$A,'2C 均值'!$E:$E),0) | BD64: {=IF(OR($D64=0,$D64=""),"",_xlfn.LET( _xlpm.channel,$D64, _xlpm.factorName,$C64, _xlpm.factorNum,IF(_xlpm.factorName="","",VALUE(RIGHT(_xlpm.factorName,LEN(_xlpm.factorName)-6))), _xlpm.flMatrixStart,_xlfn.XMATCH("Rotation Method: Procrustes with Kaiser Normalization.",'2B FL'!$A:$A,0), _xlpm.channelRow,IFERROR(_xlfn.XMATCH(_xlpm.channel,OFFSET('2B FL'!$B$1,_xlpm.flMatrixStart+2,0,100,1),0),0), IF(OR(_xlpm.channelRow=0,_xlpm.factorNum=""),"",INDEX(OFFSET('2B FL'!$D$1,_xlpm.flMatrixStart+2,0,100,27),_xlpm.channelRow,_xlpm.factorNum)) ))}
C65: =IF(OR($D65=0,$D65=""),"",_xlfn.LET( _xlpm.channel,$D65, _xlpm.rowNum,_xlfn.XMATCH(_xlpm.channel,'2B RotationRule'!$C:$C,0), _xlpm.factorRow,INDEX('2B RotationRule'!$E:$AE,_xlpm.rowNum,0), _xlpm.factorNum,_xlfn.XMATCH(1,_xlpm.factorRow,0), IF(ISERROR(_xlpm.factorNum),"","Factor"&_xlpm.factorNum) )) | D65: ='2B RotationRule'!C10 | E65: =IFERROR(_xlfn.XLOOKUP($C65,$D$3:$D$40,E$3:E$40)*$BD65,0) | F65: =IFERROR(_xlfn.XLOOKUP($C65,$D$3:$D$40,F$3:F$40)*$BD65,0) | G65: =IFERROR(_xlfn.XLOOKUP($C65,$D$3:$D$40,G$3:G$40)*$BD65,0) | H65: =IFERROR(_xlfn.XLOOKUP($C65,$D$3:$D$40,H$3:H$40)*$BD65,0) | I65: =IFERROR(_xlfn.XLOOKUP($C65,$D$3:$D$40,I$3:I$40)*$BD65,0) | J65: =IFERROR(_xlfn.XLOOKUP($C65,$D$3:$D$40,J$3:J$40)*$BD65,0) | K65: =IFERROR(_xlfn.XLOOKUP($C65,$D$3:$D$40,K$3:K$40)*$BD65,0) | L65: =IFERROR(_xlfn.XLOOKUP($C65,$D$3:$D$40,L$3:L$40)*$BD65,0) | ... BB65: =IFERROR(_xlfn.XLOOKUP($C65,$D$3:$D$40,BB$3:BB$40)*$BD65,0) | BC65: =IFERROR(_xlfn.XLOOKUP(D65,'2C 均值'!$A:$A,'2C 均值'!$E:$E),0) | BD65: {=IF(OR($D65=0,$D65=""),"",_xlfn.LET( _xlpm.channel,$D65, _xlpm.factorName,$C65, _xlpm.factorNum,IF(_xlpm.factorName="","",VALUE(RIGHT(_xlpm.factorName,LEN(_xlpm.factorName)-6))), _xlpm.flMatrixStart,_xlfn.XMATCH("Rotation Method: Procrustes with Kaiser Normalization.",'2B FL'!$A:$A,0), _xlpm.channelRow,IFERROR(_xlfn.XMATCH(_xlpm.channel,OFFSET('2B FL'!$B$1,_xlpm.flMatrixStart+2,0,100,1),0),0), IF(OR(_xlpm.channelRow=0,_xlpm.factorNum=""),"",INDEX(OFFSET('2B FL'!$D$1,_xlpm.flMatrixStart+2,0,100,27),_xlpm.channelRow,_xlpm.factorNum)) ))}
C66: =IF(OR($D66=0,$D66=""),"",_xlfn.LET( _xlpm.channel,$D66, _xlpm.rowNum,_xlfn.XMATCH(_xlpm.channel,'2B RotationRule'!$C:$C,0), _xlpm.factorRow,INDEX('2B RotationRule'!$E:$AE,_xlpm.rowNum,0), _xlpm.factorNum,_xlfn.XMATCH(1,_xlpm.factorRow,0), IF(ISERROR(_xlpm.factorNum),"","Factor"&_xlpm.factorNum) )) | D66: ='2B RotationRule'!C11 | E66: =IFERROR(_xlfn.XLOOKUP($C66,$D$3:$D$40,E$3:E$40)*$BD66,0) | F66: =IFERROR(_xlfn.XLOOKUP($C66,$D$3:$D$40,F$3:F$40)*$BD66,0) | G66: =IFERROR(_xlfn.XLOOKUP($C66,$D$3:$D$40,G$3:G$40)*$BD66,0) | H66: =IFERROR(_xlfn.XLOOKUP($C66,$D$3:$D$40,H$3:H$40)*$BD66,0) | I66: =IFERROR(_xlfn.XLOOKUP($C66,$D$3:$D$40,I$3:I$40)*$BD66,0) | J66: =IFERROR(_xlfn.XLOOKUP($C66,$D$3:$D$40,J$3:J$40)*$BD66,0) | K66: =IFERROR(_xlfn.XLOOKUP($C66,$D$3:$D$40,K$3:K$40)*$BD66,0) | L66: =IFERROR(_xlfn.XLOOKUP($C66,$D$3:$D$40,L$3:L$40)*$BD66,0) | ... BB66: =IFERROR(_xlfn.XLOOKUP($C66,$D$3:$D$40,BB$3:BB$40)*$BD66,0) | BC66: =IFERROR(_xlfn.XLOOKUP(D66,'2C 均值'!$A:$A,'2C 均值'!$E:$E),0) | BD66: {=IF(OR($D66=0,$D66=""),"",_xlfn.LET( _xlpm.channel,$D66, _xlpm.factorName,$C66, _xlpm.factorNum,IF(_xlpm.factorName="","",VALUE(RIGHT(_xlpm.factorName,LEN(_xlpm.factorName)-6))), _xlpm.flMatrixStart,_xlfn.XMATCH("Rotation Method: Procrustes with Kaiser Normalization.",'2B FL'!$A:$A,0), _xlpm.channelRow,IFERROR(_xlfn.XMATCH(_xlpm.channel,OFFSET('2B FL'!$B$1,_xlpm.flMatrixStart+2,0,100,1),0),0), IF(OR(_xlpm.channelRow=0,_xlpm.factorNum=""),"",INDEX(OFFSET('2B FL'!$D$1,_xlpm.flMatrixStart+2,0,100,27),_xlpm.channelRow,_xlpm.factorNum)) ))}
C67: =IF(OR($D67=0,$D67=""),"",_xlfn.LET( _xlpm.channel,$D67, _xlpm.rowNum,_xlfn.XMATCH(_xlpm.channel,'2B RotationRule'!$C:$C,0), _xlpm.factorRow,INDEX('2B RotationRule'!$E:$AE,_xlpm.rowNum,0), _xlpm.factorNum,_xlfn.XMATCH(1,_xlpm.factorRow,0), IF(ISERROR(_xlpm.factorNum),"","Factor"&_xlpm.factorNum) )) | D67: ='2B RotationRule'!C12 | E67: =IFERROR(_xlfn.XLOOKUP($C67,$D$3:$D$40,E$3:E$40)*$BD67,0) | F67: =IFERROR(_xlfn.XLOOKUP($C67,$D$3:$D$40,F$3:F$40)*$BD67,0) | G67: =IFERROR(_xlfn.XLOOKUP($C67,$D$3:$D$40,G$3:G$40)*$BD67,0) | H67: =IFERROR(_xlfn.XLOOKUP($C67,$D$3:$D$40,H$3:H$40)*$BD67,0) | I67: =IFERROR(_xlfn.XLOOKUP($C67,$D$3:$D$40,I$3:I$40)*$BD67,0) | J67: =IFERROR(_xlfn.XLOOKUP($C67,$D$3:$D$40,J$3:J$40)*$BD67,0) | K67: =IFERROR(_xlfn.XLOOKUP($C67,$D$3:$D$40,K$3:K$40)*$BD67,0) | L67: =IFERROR(_xlfn.XLOOKUP($C67,$D$3:$D$40,L$3:L$40)*$BD67,0) | ... BB67: =IFERROR(_xlfn.XLOOKUP($C67,$D$3:$D$40,BB$3:BB$40)*$BD67,0) | BC67: =IFERROR(_xlfn.XLOOKUP(D67,'2C 均值'!$A:$A,'2C 均值'!$E:$E),0) | BD67: {=IF(OR($D67=0,$D67=""),"",_xlfn.LET( _xlpm.channel,$D67, _xlpm.factorName,$C67, _xlpm.factorNum,IF(_xlpm.factorName="","",VALUE(RIGHT(_xlpm.factorName,LEN(_xlpm.factorName)-6))), _xlpm.flMatrixStart,_xlfn.XMATCH("Rotation Method: Procrustes with Kaiser Normalization.",'2B FL'!$A:$A,0), _xlpm.channelRow,IFERROR(_xlfn.XMATCH(_xlpm.channel,OFFSET('2B FL'!$B$1,_xlpm.flMatrixStart+2,0,100,1),0),0), IF(OR(_xlpm.channelRow=0,_xlpm.factorNum=""),"",INDEX(OFFSET('2B FL'!$D$1,_xlpm.flMatrixStart+2,0,100,27),_xlpm.channelRow,_xlpm.factorNum)) ))}
C68: =IF(OR($D68=0,$D68=""),"",_xlfn.LET( _xlpm.channel,$D68, _xlpm.rowNum,_xlfn.XMATCH(_xlpm.channel,'2B RotationRule'!$C:$C,0), _xlpm.factorRow,INDEX('2B RotationRule'!$E:$AE,_xlpm.rowNum,0), _xlpm.factorNum,_xlfn.XMATCH(1,_xlpm.factorRow,0), IF(ISERROR(_xlpm.factorNum),"","Factor"&_xlpm.factorNum) )) | D68: ='2B RotationRule'!C13 | E68: =IFERROR(_xlfn.XLOOKUP($C68,$D$3:$D$40,E$3:E$40)*$BD68,0) | F68: =IFERROR(_xlfn.XLOOKUP($C68,$D$3:$D$40,F$3:F$40)*$BD68,0) | G68: =IFERROR(_xlfn.XLOOKUP($C68,$D$3:$D$40,G$3:G$40)*$BD68,0) | H68: =IFERROR(_xlfn.XLOOKUP($C68,$D$3:$D$40,H$3:H$40)*$BD68,0) | I68: =IFERROR(_xlfn.XLOOKUP($C68,$D$3:$D$40,I$3:I$40)*$BD68,0) | J68: =IFERROR(_xlfn.XLOOKUP($C68,$D$3:$D$40,J$3:J$40)*$BD68,0) | K68: =IFERROR(_xlfn.XLOOKUP($C68,$D$3:$D$40,K$3:K$40)*$BD68,0) | L68: =IFERROR(_xlfn.XLOOKUP($C68,$D$3:$D$40,L$3:L$40)*$BD68,0) | ... BB68: =IFERROR(_xlfn.XLOOKUP($C68,$D$3:$D$40,BB$3:BB$40)*$BD68,0) | BC68: =IFERROR(_xlfn.XLOOKUP(D68,'2C 均值'!$A:$A,'2C 均值'!$E:$E),0) | BD68: {=IF(OR($D68=0,$D68=""),"",_xlfn.LET( _xlpm.channel,$D68, _xlpm.factorName,$C68, _xlpm.factorNum,IF(_xlpm.factorName="","",VALUE(RIGHT(_xlpm.factorName,LEN(_xlpm.factorName)-6))), _xlpm.flMatrixStart,_xlfn.XMATCH("Rotation Method: Procrustes with Kaiser Normalization.",'2B FL'!$A:$A,0), _xlpm.channelRow,IFERROR(_xlfn.XMATCH(_xlpm.channel,OFFSET('2B FL'!$B$1,_xlpm.flMatrixStart+2,0,100,1),0),0), IF(OR(_xlpm.channelRow=0,_xlpm.factorNum=""),"",INDEX(OFFSET('2B FL'!$D$1,_xlpm.flMatrixStart+2,0,100,27),_xlpm.channelRow,_xlpm.factorNum)) ))}
C69: =IF(OR($D69=0,$D69=""),"",_xlfn.LET( _xlpm.channel,$D69, _xlpm.rowNum,_xlfn.XMATCH(_xlpm.channel,'2B RotationRule'!$C:$C,0), _xlpm.factorRow,INDEX('2B RotationRule'!$E:$AE,_xlpm.rowNum,0), _xlpm.factorNum,_xlfn.XMATCH(1,_xlpm.factorRow,0), IF(ISERROR(_xlpm.factorNum),"","Factor"&_xlpm.factorNum) )) | D69: ='2B RotationRule'!C14 | E69: =IFERROR(_xlfn.XLOOKUP($C69,$D$3:$D$40,E$3:E$40)*$BD69,0) | F69: =IFERROR(_xlfn.XLOOKUP($C69,$D$3:$D$40,F$3:F$40)*$BD69,0) | G69: =IFERROR(_xlfn.XLOOKUP($C69,$D$3:$D$40,G$3:G$40)*$BD69,0) | H69: =IFERROR(_xlfn.XLOOKUP($C69,$D$3:$D$40,H$3:H$40)*$BD69,0) | I69: =IFERROR(_xlfn.XLOOKUP($C69,$D$3:$D$40,I$3:I$40)*$BD69,0) | J69: =IFERROR(_xlfn.XLOOKUP($C69,$D$3:$D$40,J$3:J$40)*$BD69,0) | K69: =IFERROR(_xlfn.XLOOKUP($C69,$D$3:$D$40,K$3:K$40)*$BD69,0) | L69: =IFERROR(_xlfn.XLOOKUP($C69,$D$3:$D$40,L$3:L$40)*$BD69,0) | ... BB69: =IFERROR(_xlfn.XLOOKUP($C69,$D$3:$D$40,BB$3:BB$40)*$BD69,0) | BC69: =IFERROR(_xlfn.XLOOKUP(D69,'2C 均值'!$A:$A,'2C 均值'!$E:$E),0) | BD69: {=IF(OR($D69=0,$D69=""),"",_xlfn.LET( _xlpm.channel,$D69, _xlpm.factorName,$C69, _xlpm.factorNum,IF(_xlpm.factorName="","",VALUE(RIGHT(_xlpm.factorName,LEN(_xlpm.factorName)-6))), _xlpm.flMatrixStart,_xlfn.XMATCH("Rotation Method: Procrustes with Kaiser Normalization.",'2B FL'!$A:$A,0), _xlpm.channelRow,IFERROR(_xlfn.XMATCH(_xlpm.channel,OFFSET('2B FL'!$B$1,_xlpm.flMatrixStart+2,0,100,1),0),0), IF(OR(_xlpm.channelRow=0,_xlpm.factorNum=""),"",INDEX(OFFSET('2B FL'!$D$1,_xlpm.flMatrixStart+2,0,100,27),_xlpm.channelRow,_xlpm.factorNum)) ))}
... C92: =IF(OR($D92=0,$D92=""),"",_xlfn.LET( _xlpm.channel,$D92, _xlpm.rowNum,_xlfn.XMATCH(_xlpm.channel,'2B RotationRule'!$C:$C,0), _xlpm.factorRow,INDEX('2B RotationRule'!$E:$AE,_xlpm.rowNum,0), _xlpm.factorNum,_xlfn.XMATCH(1,_xlpm.factorRow,0), IF(ISERROR(_xlpm.factorNum),"","Factor"&_xlpm.factorNum) )) | D92: ='2B RotationRule'!C37 | E92: =IFERROR(_xlfn.XLOOKUP($C92,$D$3:$D$40,E$3:E$40)*$BD92,0) | F92: =IFERROR(_xlfn.XLOOKUP($C92,$D$3:$D$40,F$3:F$40)*$BD92,0) | G92: =IFERROR(_xlfn.XLOOKUP($C92,$D$3:$D$40,G$3:G$40)*$BD92,0) | H92: =IFERROR(_xlfn.XLOOKUP($C92,$D$3:$D$40,H$3:H$40)*$BD92,0) | I92: =IFERROR(_xlfn.XLOOKUP($C92,$D$3:$D$40,I$3:I$40)*$BD92,0) | J92: =IFERROR(_xlfn.XLOOKUP($C92,$D$3:$D$40,J$3:J$40)*$BD92,0) | K92: =IFERROR(_xlfn.XLOOKUP($C92,$D$3:$D$40,K$3:K$40)*$BD92,0) | L92: =IFERROR(_xlfn.XLOOKUP($C92,$D$3:$D$40,L$3:L$40)*$BD92,0) | ... BB92: =IFERROR(_xlfn.XLOOKUP($C92,$D$3:$D$40,BB$3:BB$40)*$BD92,0) | BC92: =IFERROR(_xlfn.XLOOKUP(D92,'2C 均值'!$A:$A,'2C 均值'!$E:$E),0) | BD92: {=IF(OR($D92=0,$D92=""),"",_xlfn.LET( _xlpm.channel,$D92, _xlpm.factorName,$C92, _xlpm.factorNum,IF(_xlpm.factorName="","",VALUE(RIGHT(_xlpm.factorName,LEN(_xlpm.factorName)-6))), _xlpm.flMatrixStart,_xlfn.XMATCH("Rotation Method: Procrustes with Kaiser Normalization.",'2B FL'!$A:$A,0), _xlpm.channelRow,IFERROR(_xlfn.XMATCH(_xlpm.channel,OFFSET('2B FL'!$B$1,_xlpm.flMatrixStart+2,0,100,1),0),0), IF(OR(_xlpm.channelRow=0,_xlpm.factorNum=""),"",INDEX(OFFSET('2B FL'!$D$1,_xlpm.flMatrixStart+2,0,100,27),_xlpm.channelRow,_xlpm.factorNum)) ))}
A96: 将负系数的标准化系数替换成一个很小的数值(最小正数的1/3），确保结果合理 | D96: Channel Adjusted Coefficient | E96: =E57 | F96: =F57 | G96: =G57 | H96: =H57 | I96: =I57 | J96: =J57 | K96: =K57 | L96: =L57 | ... BB96: =BB57
D97: =D58 | E97: =IF(ABS(E58)>0,IF(E58>0.001,E58,_xlfn.MINIFS(E$58:E$92,E$58:E$92,">0")/3),0) | F97: =IF(ABS(F58)>0,IF(F58>0.001,F58,_xlfn.MINIFS(F$58:F$92,F$58:F$92,">0")/3),0) | G97: =IF(ABS(G58)>0,IF(G58>0.001,G58,_xlfn.MINIFS(G$58:G$92,G$58:G$92,">0")/3),0) | H97: =IF(ABS(H58)>0,IF(H58>0.001,H58,_xlfn.MINIFS(H$58:H$92,H$58:H$92,">0")/3),0) | I97: =IF(ABS(I58)>0,IF(I58>0.001,I58,_xlfn.MINIFS(I$58:I$92,I$58:I$92,">0")/3),0) | J97: =IF(ABS(J58)>0,IF(J58>0.001,J58,_xlfn.MINIFS(J$58:J$92,J$58:J$92,">0")/3),0) | K97: =IF(ABS(K58)>0,IF(K58>0.001,K58,_xlfn.MINIFS(K$58:K$92,K$58:K$92,">0")/3),0) | L97: =IF(ABS(L58)>0,IF(L58>0.001,L58,_xlfn.MINIFS(L$58:L$92,L$58:L$92,">0")/3),0) | ... BB97: =IF(ABS(BB58)>0,IF(BB58>0.001,BB58,_xlfn.MINIFS(BB$58:BB$92,BB$58:BB$92,">0")/3),0)
D98: =D59 | E98: =IF(ABS(E59)>0,IF(E59>0.001,E59,_xlfn.MINIFS(E$58:E$92,E$58:E$92,">0")/3),0) | F98: =IF(ABS(F59)>0,IF(F59>0.001,F59,_xlfn.MINIFS(F$58:F$92,F$58:F$92,">0")/3),0) | G98: =IF(ABS(G59)>0,IF(G59>0.001,G59,_xlfn.MINIFS(G$58:G$92,G$58:G$92,">0")/3),0) | H98: =IF(ABS(H59)>0,IF(H59>0.001,H59,_xlfn.MINIFS(H$58:H$92,H$58:H$92,">0")/3),0) | I98: =IF(ABS(I59)>0,IF(I59>0.001,I59,_xlfn.MINIFS(I$58:I$92,I$58:I$92,">0")/3),0) | J98: =IF(ABS(J59)>0,IF(J59>0.001,J59,_xlfn.MINIFS(J$58:J$92,J$58:J$92,">0")/3),0) | K98: =IF(ABS(K59)>0,IF(K59>0.001,K59,_xlfn.MINIFS(K$58:K$92,K$58:K$92,">0")/3),0) | L98: =IF(ABS(L59)>0,IF(L59>0.001,L59,_xlfn.MINIFS(L$58:L$92,L$58:L$92,">0")/3),0) | ... BB98: =IF(ABS(BB59)>0,IF(BB59>0.001,BB59,_xlfn.MINIFS(BB$58:BB$92,BB$58:BB$92,">0")/3),0)
D99: =D60 | E99: =IF(ABS(E60)>0,IF(E60>0.001,E60,_xlfn.MINIFS(E$58:E$92,E$58:E$92,">0")/3),0) | F99: =IF(ABS(F60)>0,IF(F60>0.001,F60,_xlfn.MINIFS(F$58:F$92,F$58:F$92,">0")/3),0) | G99: =IF(ABS(G60)>0,IF(G60>0.001,G60,_xlfn.MINIFS(G$58:G$92,G$58:G$92,">0")/3),0) | H99: =IF(ABS(H60)>0,IF(H60>0.001,H60,_xlfn.MINIFS(H$58:H$92,H$58:H$92,">0")/3),0) | I99: =IF(ABS(I60)>0,IF(I60>0.001,I60,_xlfn.MINIFS(I$58:I$92,I$58:I$92,">0")/3),0) | J99: =IF(ABS(J60)>0,IF(J60>0.001,J60,_xlfn.MINIFS(J$58:J$92,J$58:J$92,">0")/3),0) | K99: =IF(ABS(K60)>0,IF(K60>0.001,K60,_xlfn.MINIFS(K$58:K$92,K$58:K$92,">0")/3),0) | L99: =IF(ABS(L60)>0,IF(L60>0.001,L60,_xlfn.MINIFS(L$58:L$92,L$58:L$92,">0")/3),0) | ... BB99: =IF(ABS(BB60)>0,IF(BB60>0.001,BB60,_xlfn.MINIFS(BB$58:BB$92,BB$58:BB$92,">0")/3),0)
D100: =D61 | E100: =IF(ABS(E61)>0,IF(E61>0.001,E61,_xlfn.MINIFS(E$58:E$92,E$58:E$92,">0")/3),0) | F100: =IF(ABS(F61)>0,IF(F61>0.001,F61,_xlfn.MINIFS(F$58:F$92,F$58:F$92,">0")/3),0) | G100: =IF(ABS(G61)>0,IF(G61>0.001,G61,_xlfn.MINIFS(G$58:G$92,G$58:G$92,">0")/3),0) | H100: =IF(ABS(H61)>0,IF(H61>0.001,H61,_xlfn.MINIFS(H$58:H$92,H$58:H$92,">0")/3),0) | I100: =IF(ABS(I61)>0,IF(I61>0.001,I61,_xlfn.MINIFS(I$58:I$92,I$58:I$92,">0")/3),0) | J100: =IF(ABS(J61)>0,IF(J61>0.001,J61,_xlfn.MINIFS(J$58:J$92,J$58:J$92,">0")/3),0) | K100: =IF(ABS(K61)>0,IF(K61>0.001,K61,_xlfn.MINIFS(K$58:K$92,K$58:K$92,">0")/3),0) | L100: =IF(ABS(L61)>0,IF(L61>0.001,L61,_xlfn.MINIFS(L$58:L$92,L$58:L$92,">0")/3),0) | ... BB100: =IF(ABS(BB61)>0,IF(BB61>0.001,BB61,_xlfn.MINIFS(BB$58:BB$92,BB$58:BB$92,">0")/3),0)
D101: =D62 | E101: =IF(ABS(E62)>0,IF(E62>0.001,E62,_xlfn.MINIFS(E$58:E$92,E$58:E$92,">0")/3),0) | F101: =IF(ABS(F62)>0,IF(F62>0.001,F62,_xlfn.MINIFS(F$58:F$92,F$58:F$92,">0")/3),0) | G101: =IF(ABS(G62)>0,IF(G62>0.001,G62,_xlfn.MINIFS(G$58:G$92,G$58:G$92,">0")/3),0) | H101: =IF(ABS(H62)>0,IF(H62>0.001,H62,_xlfn.MINIFS(H$58:H$92,H$58:H$92,">0")/3),0) | I101: =IF(ABS(I62)>0,IF(I62>0.001,I62,_xlfn.MINIFS(I$58:I$92,I$58:I$92,">0")/3),0) | J101: =IF(ABS(J62)>0,IF(J62>0.001,J62,_xlfn.MINIFS(J$58:J$92,J$58:J$92,">0")/3),0) | K101: =IF(ABS(K62)>0,IF(K62>0.001,K62,_xlfn.MINIFS(K$58:K$92,K$58:K$92,">0")/3),0) | L101: =IF(ABS(L62)>0,IF(L62>0.001,L62,_xlfn.MINIFS(L$58:L$92,L$58:L$92,">0")/3),0) | ... BB101: =IF(ABS(BB62)>0,IF(BB62>0.001,BB62,_xlfn.MINIFS(BB$58:BB$92,BB$58:BB$92,">0")/3),0)
D102: =D63 | E102: =IF(ABS(E63)>0,IF(E63>0.001,E63,_xlfn.MINIFS(E$58:E$92,E$58:E$92,">0")/3),0) | F102: =IF(ABS(F63)>0,IF(F63>0.001,F63,_xlfn.MINIFS(F$58:F$92,F$58:F$92,">0")/3),0) | G102: =IF(ABS(G63)>0,IF(G63>0.001,G63,_xlfn.MINIFS(G$58:G$92,G$58:G$92,">0")/3),0) | H102: =IF(ABS(H63)>0,IF(H63>0.001,H63,_xlfn.MINIFS(H$58:H$92,H$58:H$92,">0")/3),0) | I102: =IF(ABS(I63)>0,IF(I63>0.001,I63,_xlfn.MINIFS(I$58:I$92,I$58:I$92,">0")/3),0) | J102: =IF(ABS(J63)>0,IF(J63>0.001,J63,_xlfn.MINIFS(J$58:J$92,J$58:J$92,">0")/3),0) | K102: =IF(ABS(K63)>0,IF(K63>0.001,K63,_xlfn.MINIFS(K$58:K$92,K$58:K$92,">0")/3),0) | L102: =IF(ABS(L63)>0,IF(L63>0.001,L63,_xlfn.MINIFS(L$58:L$92,L$58:L$92,">0")/3),0) | ... BB102: =IF(ABS(BB63)>0,IF(BB63>0.001,BB63,_xlfn.MINIFS(BB$58:BB$92,BB$58:BB$92,">0")/3),0)
D103: =D64 | E103: =IF(ABS(E64)>0,IF(E64>0.001,E64,_xlfn.MINIFS(E$58:E$92,E$58:E$92,">0")/3),0) | F103: =IF(ABS(F64)>0,IF(F64>0.001,F64,_xlfn.MINIFS(F$58:F$92,F$58:F$92,">0")/3),0) | G103: =IF(ABS(G64)>0,IF(G64>0.001,G64,_xlfn.MINIFS(G$58:G$92,G$58:G$92,">0")/3),0) | H103: =IF(ABS(H64)>0,IF(H64>0.001,H64,_xlfn.MINIFS(H$58:H$92,H$58:H$92,">0")/3),0) | I103: =IF(ABS(I64)>0,IF(I64>0.001,I64,_xlfn.MINIFS(I$58:I$92,I$58:I$92,">0")/3),0) | J103: =IF(ABS(J64)>0,IF(J64>0.001,J64,_xlfn.MINIFS(J$58:J$92,J$58:J$92,">0")/3),0) | K103: =IF(ABS(K64)>0,IF(K64>0.001,K64,_xlfn.MINIFS(K$58:K$92,K$58:K$92,">0")/3),0) | L103: =IF(ABS(L64)>0,IF(L64>0.001,L64,_xlfn.MINIFS(L$58:L$92,L$58:L$92,">0")/3),0) | ... BB103: =IF(ABS(BB64)>0,IF(BB64>0.001,BB64,_xlfn.MINIFS(BB$58:BB$92,BB$58:BB$92,">0")/3),0)
